session_date,clock_label,available_at,price,interval_volume,is_half_day,is_session_close_bar,session_close_time,session_close_price,source_timestamp,open_proxy
2025-03-13,09:30:00,10:00:00,549.9453,3376733.0,False,False,16:00:00,546.6305,2025-03-13 09:30:00,549.9453
2025-03-13,10:00:00,10:30:00,552.3206,3104572.0,False,False,16:00:00,546.6305,2025-03-13 10:00:00,549.9453
2025-03-13,10:30:00,11:00:00,551.2501,2113298.0,False,False,16:00:00,546.6305,2025-03-13 10:30:00,549.9453
2025-03-13,11:00:00,11:30:00,549.4259,1985860.0,False,False,16:00:00,546.6305,2025-03-13 11:00:00,549.9453
2025-03-13,11:30:00,12:00:00,547.7606,3384171.0,False,False,16:00:00,546.6305,2025-03-13 11:30:00,549.9453
2025-03-13,12:00:00,12:30:00,547.7407,2046320.0,False,False,16:00:00,546.6305,2025-03-13 12:00:00,549.9453
2025-03-13,12:30:00,13:00:00,547.7903,3163341.0,False,False,16:00:00,546.6305,2025-03-13 12:30:00,549.9453
2025-03-13,13:00:00,13:30:00,546.2241,2542120.0,False,False,16:00:00,546.6305,2025-03-13 13:00:00,549.9453
2025-03-13,13:30:00,14:00:00,545.2228,2811644.0,False,False,16:00:00,546.6305,2025-03-13 13:30:00,549.9453
2025-03-13,14:00:00,14:30:00,548.2857,2882136.0,False,False,16:00:00,546.6305,2025-03-13 14:00:00,549.9453
2025-03-13,14:30:00,15:00:00,548.9898,2802139.0,False,False,16:00:00,546.6305,2025-03-13 14:30:00,549.9453
2025-03-13,15:00:00,15:30:00,546.6899,2909677.0,False,False,16:00:00,546.6305,2025-03-13 15:00:00,549.9453
2025-03-13,15:30:00,16:00:00,546.6305,11001275.0,False,True,16:00:00,546.6305,2025-03-13 15:30:00,549.9453
2025-03-14,09:30:00,10:00:00,552.0728,4982233.0,False,False,16:00:00,557.9216,2025-03-14 09:30:00,552.0728
2025-03-14,10:00:00,10:30:00,552.079,4527192.0,False,False,16:00:00,557.9216,2025-03-14 10:00:00,552.0728
2025-03-14,10:30:00,11:00:00,555.5226,2073895.0,False,False,16:00:00,557.9216,2025-03-14 10:30:00,552.0728
2025-03-14,11:00:00,11:30:00,556.2068,2307136.0,False,False,16:00:00,557.9216,2025-03-14 11:00:00,552.0728
2025-03-14,11:30:00,12:00:00,557.2276,1922389.0,False,False,16:00:00,557.9216,2025-03-14 11:30:00,552.0728
2025-03-14,12:00:00,12:30:00,555.3293,1546660.0,False,False,16:00:00,557.9216,2025-03-14 12:00:00,552.0728
2025-03-14,12:30:00,13:00:00,557.0492,1932079.0,False,False,16:00:00,557.9216,2025-03-14 12:30:00,552.0728
2025-03-14,13:00:00,13:30:00,556.5534,2012855.0,False,False,16:00:00,557.9216,2025-03-14 13:00:00,552.0728
2025-03-14,13:30:00,14:00:00,555.8001,1949061.0,False,False,16:00:00,557.9216,2025-03-14 13:30:00,552.0728
2025-03-14,14:00:00,14:30:00,555.8398,1791395.0,False,False,16:00:00,557.9216,2025-03-14 14:00:00,552.0728
2025-03-14,14:30:00,15:00:00,556.856,1803387.0,False,False,16:00:00,557.9216,2025-03-14 14:30:00,552.0728
2025-03-14,15:00:00,15:30:00,556.9501,2054884.0,False,False,16:00:00,557.9216,2025-03-14 15:00:00,552.0728
2025-03-14,15:30:00,16:00:00,557.8422,10485052.0,False,True,16:00:00,557.9216,2025-03-14 15:30:00,552.0728
2025-03-17,09:30:00,10:00:00,560.5039,4651265.0,False,False,16:00:00,562.2239,2025-03-17 09:30:00,560.5039
2025-03-17,10:00:00,10:30:00,559.577,2258448.0,False,False,16:00:00,562.2239,2025-03-17 10:00:00,560.5039
2025-03-17,10:30:00,11:00:00,559.131,1928177.0,False,False,16:00:00,562.2239,2025-03-17 10:30:00,560.5039
2025-03-17,11:00:00,11:30:00,559.1558,1629590.0,False,False,16:00:00,562.2239,2025-03-17 11:00:00,560.5039
2025-03-17,11:30:00,12:00:00,558.903,1525734.0,False,False,16:00:00,562.2239,2025-03-17 11:30:00,560.5039
2025-03-17,12:00:00,12:30:00,558.9724,1087812.0,False,False,16:00:00,562.2239,2025-03-17 12:00:00,560.5039
2025-03-17,12:30:00,13:00:00,559.6266,1173476.0,False,False,16:00:00,562.2239,2025-03-17 12:30:00,560.5039
2025-03-17,13:00:00,13:30:00,560.925,1212716.0,False,False,16:00:00,562.2239,2025-03-17 13:00:00,560.5039
2025-03-17,13:30:00,14:00:00,562.1842,1648483.0,False,False,16:00:00,562.2239,2025-03-17 13:30:00,560.5039
2025-03-17,14:00:00,14:30:00,563.691,2749091.0,False,False,16:00:00,562.2239,2025-03-17 14:00:00,560.5039
2025-03-17,14:30:00,15:00:00,564.2604,2238727.0,False,False,16:00:00,562.2239,2025-03-17 14:30:00,560.5039
2025-03-17,15:00:00,15:30:00,563.9587,2266966.0,False,False,16:00:00,562.2239,2025-03-17 15:00:00,560.5039
2025-03-17,15:30:00,16:00:00,562.2239,7980933.0,False,True,16:00:00,562.2239,2025-03-17 15:30:00,560.5039
2025-03-18,09:30:00,10:00:00,555.8831,4870372.0,False,False,16:00:00,556.1471,2025-03-18 09:30:00,555.8831
2025-03-18,10:00:00,10:30:00,556.3156,3076691.0,False,False,16:00:00,556.1471,2025-03-18 10:00:00,555.8831
2025-03-18,10:30:00,11:00:00,555.9786,2228276.0,False,False,16:00:00,556.1471,2025-03-18 10:30:00,555.8831
2025-03-18,11:00:00,11:30:00,554.9972,2165756.0,False,False,16:00:00,556.1471,2025-03-18 11:00:00,555.8831
2025-03-18,11:30:00,12:00:00,554.7891,1601306.0,False,False,16:00:00,556.1471,2025-03-18 11:30:00,555.8831
2025-03-18,12:00:00,12:30:00,556.8212,1825169.0,False,False,16:00:00,556.1471,2025-03-18 12:00:00,555.8831
2025-03-18,12:30:00,13:00:00,555.9637,1575985.0,False,False,16:00:00,556.1471,2025-03-18 12:30:00,555.8831
2025-03-18,13:00:00,13:30:00,555.6911,1730884.0,False,False,16:00:00,556.1471,2025-03-18 13:00:00,555.8831
2025-03-18,13:30:00,14:00:00,555.9489,1301424.0,False,False,16:00:00,556.1471,2025-03-18 13:30:00,555.8831
2025-03-18,14:00:00,14:30:00,555.6415,1184798.0,False,False,16:00:00,556.1471,2025-03-18 14:00:00,555.8831
2025-03-18,14:30:00,15:00:00,556.483,1456900.0,False,False,16:00:00,556.1471,2025-03-18 14:30:00,555.8831
2025-03-18,15:00:00,15:30:00,556.4049,1474113.0,False,False,16:00:00,556.1471,2025-03-18 15:00:00,555.8831
2025-03-18,15:30:00,16:00:00,556.1472,8187947.0,False,True,16:00:00,556.1471,2025-03-18 15:30:00,555.8831
2025-03-19,09:30:00,10:00:00,559.2103,2862353.0,False,False,16:00:00,562.204,2025-03-19 09:30:00,559.2103
2025-03-19,10:00:00,10:30:00,559.6082,2105049.0,False,False,16:00:00,562.204,2025-03-19 10:00:00,559.2103
2025-03-19,10:30:00,11:00:00,558.4568,1537902.0,False,False,16:00:00,562.204,2025-03-19 10:30:00,559.2103
2025-03-19,11:00:00,11:30:00,559.696,1249190.0,False,False,16:00:00,562.204,2025-03-19 11:00:00,559.2103
2025-03-19,11:30:00,12:00:00,560.8459,1578164.0,False,False,16:00:00,562.204,2025-03-19 11:30:00,559.2103
2025-03-19,12:00:00,12:30:00,560.6279,1169906.0,False,False,16:00:00,562.204,2025-03-19 12:00:00,559.2103
2025-03-19,12:30:00,13:00:00,559.9736,933003.0,False,False,16:00:00,562.204,2025-03-19 12:30:00,559.2103
2025-03-19,13:00:00,13:30:00,558.4879,1256609.0,False,False,16:00:00,562.204,2025-03-19 13:00:00,559.2103
2025-03-19,13:30:00,14:00:00,557.872,1261876.0,False,False,16:00:00,562.204,2025-03-19 13:30:00,559.2103
2025-03-19,14:00:00,14:30:00,559.8348,3592192.0,False,False,16:00:00,562.204,2025-03-19 14:00:00,559.2103
2025-03-19,14:30:00,15:00:00,563.3044,3986869.0,False,False,16:00:00,562.204,2025-03-19 14:30:00,559.2103
2025-03-19,15:00:00,15:30:00,562.1594,6591472.0,False,False,16:00:00,562.204,2025-03-19 15:00:00,559.2103
2025-03-19,15:30:00,16:00:00,562.2338,10729524.0,False,True,16:00:00,562.204,2025-03-19 15:30:00,559.2103
2025-03-20,09:30:00,10:00:00,561.6885,3640210.0,False,False,16:00:00,560.5783,2025-03-20 09:30:00,561.6885
2025-03-20,10:00:00,10:30:00,564.5435,3494509.0,False,False,16:00:00,560.5783,2025-03-20 10:00:00,561.6885
2025-03-20,10:30:00,11:00:00,564.5535,2019260.0,False,False,16:00:00,560.5783,2025-03-20 10:30:00,561.6885
2025-03-20,11:00:00,11:30:00,563.9686,1683351.0,False,False,16:00:00,560.5783,2025-03-20 11:00:00,561.6885
2025-03-20,11:30:00,12:00:00,563.1063,1988015.0,False,False,16:00:00,560.5783,2025-03-20 11:30:00,561.6885
2025-03-20,12:00:00,12:30:00,561.2424,2198540.0,False,False,16:00:00,560.5783,2025-03-20 12:00:00,561.6885
2025-03-20,12:30:00,13:00:00,560.9055,1841618.0,False,False,16:00:00,560.5783,2025-03-20 12:30:00,561.6885
2025-03-20,13:00:00,13:30:00,559.8741,1620936.0,False,False,16:00:00,560.5783,2025-03-20 13:00:00,561.6885
2025-03-20,13:30:00,14:00:00,560.2801,1642805.0,False,False,16:00:00,560.5783,2025-03-20 13:30:00,561.6885
2025-03-20,14:00:00,14:30:00,559.2301,1713027.0,False,False,16:00:00,560.5783,2025-03-20 14:00:00,561.6885
2025-03-20,14:30:00,15:00:00,559.4779,2764366.0,False,False,16:00:00,560.5783,2025-03-20 14:30:00,561.6885
2025-03-20,15:00:00,15:30:00,559.8992,2737038.0,False,False,16:00:00,560.5783,2025-03-20 15:00:00,561.6885
2025-03-20,15:30:00,16:00:00,560.7964,9519700.0,False,True,16:00:00,560.5783,2025-03-20 15:30:00,561.6885
2025-03-21,09:30:00,10:00:00,556.7365,5335251.0,False,False,16:00:00,560.7626,2025-03-21 09:30:00,556.7365
2025-03-21,10:00:00,10:30:00,556.5967,2235949.0,False,False,16:00:00,560.7626,2025-03-21 10:00:00,556.7365
2025-03-21,10:30:00,11:00:00,558.3357,1866666.0,False,False,16:00:00,560.7626,2025-03-21 10:30:00,556.7365
2025-03-21,11:00:00,11:30:00,556.6166,1672206.0,False,False,16:00:00,560.7626,2025-03-21 11:00:00,556.7365
2025-03-21,11:30:00,12:00:00,556.1294,1288490.0,False,False,16:00:00,560.7626,2025-03-21 11:30:00,556.7365
2025-03-21,12:00:00,12:30:00,559.152,2888490.0,False,False,16:00:00,560.7626,2025-03-21 12:00:00,556.7365
2025-03-21,12:30:00,13:00:00,560.4048,1866892.0,False,False,16:00:00,560.7626,2025-03-21 12:30:00,556.7365
2025-03-21,13:00:00,13:30:00,558.8935,1354991.0,False,False,16:00:00,560.7626,2025-03-21 13:00:00,556.7365
2025-03-21,13:30:00,14:00:00,559.684,1643655.0,False,False,16:00:00,560.7626,2025-03-21 13:30:00,556.7365
2025-03-21,14:00:00,14:30:00,558.9134,1683597.0,False,False,16:00:00,560.7626,2025-03-21 14:00:00,556.7365
2025-03-21,14:30:00,15:00:00,559.3409,1594319.0,False,False,16:00:00,560.7626,2025-03-21 14:30:00,556.7365
2025-03-21,15:00:00,15:30:00,558.814,2111819.0,False,False,16:00:00,560.7626,2025-03-21 15:00:00,556.7365
2025-03-21,15:30:00,16:00:00,560.7429,13739369.0,False,True,16:00:00,560.7626,2025-03-21 15:30:00,556.7365
2025-03-24,09:30:00,10:00:00,569.5275,4829783.0,False,False,16:00:00,570.8052,2025-03-24 09:30:00,569.5275
2025-03-24,10:00:00,10:30:00,569.8805,2447610.0,False,False,16:00:00,570.8052,2025-03-24 10:00:00,569.5275
2025-03-24,10:30:00,11:00:00,570.318,2357597.0,False,False,16:00:00,570.8052,2025-03-24 10:30:00,569.5275
2025-03-24,11:00:00,11:30:00,570.4671,1562019.0,False,False,16:00:00,570.8052,2025-03-24 11:00:00,569.5275
2025-03-24,11:30:00,12:00:00,570.6361,1341308.0,False,False,16:00:00,570.8052,2025-03-24 11:30:00,569.5275
2025-03-24,12:00:00,12:30:00,570.0396,1917020.0,False,False,16:00:00,570.8052,2025-03-24 12:00:00,569.5275
2025-03-24,12:30:00,13:00:00,569.8705,1610787.0,False,False,16:00:00,570.8052,2025-03-24 12:30:00,569.5275
2025-03-24,13:00:00,13:30:00,569.8109,1506861.0,False,False,16:00:00,570.8052,2025-03-24 13:00:00,569.5275
2025-03-24,13:30:00,14:00:00,569.8257,1317241.0,False,False,16:00:00,570.8052,2025-03-24 13:30:00,569.5275
2025-03-24,14:00:00,14:30:00,569.1398,1492882.0,False,False,16:00:00,570.8052,2025-03-24 14:00:00,569.5275
2025-03-24,14:30:00,15:00:00,570.3677,2978839.0,False,False,16:00:00,570.8052,2025-03-24 14:30:00,569.5275
2025-03-24,15:00:00,15:30:00,570.7157,2099052.0,False,False,16:00:00,570.8052,2025-03-24 15:00:00,569.5275
2025-03-24,15:30:00,16:00:00,570.8052,9868734.0,False,True,16:00:00,570.8052,2025-03-24 15:30:00,569.5275
2025-03-25,09:30:00,10:00:00,571.4266,3050320.0,False,False,16:00:00,572.1771,2025-03-25 09:30:00,571.4266
2025-03-25,10:00:00,10:30:00,572.5253,2432328.0,False,False,16:00:00,572.1771,2025-03-25 10:00:00,571.4266
2025-03-25,10:30:00,11:00:00,572.6943,1943192.0,False,False,16:00:00,572.1771,2025-03-25 10:30:00,571.4266
2025-03-25,11:00:00,11:30:00,572.416,1097131.0,False,False,16:00:00,572.1771,2025-03-25 11:00:00,571.4266
2025-03-25,11:30:00,12:00:00,571.4913,1231484.0,False,False,16:00:00,572.1771,2025-03-25 11:30:00,571.4266
2025-03-25,12:00:00,12:30:00,571.2526,995777.0,False,False,16:00:00,572.1771,2025-03-25 12:00:00,571.4266
2025-03-25,12:30:00,13:00:00,571.6802,945336.0,False,False,16:00:00,572.1771,2025-03-25 12:30:00,571.4266
2025-03-25,13:00:00,13:30:00,570.9245,1247621.0,False,False,16:00:00,572.1771,2025-03-25 13:00:00,571.4266
2025-03-25,13:30:00,14:00:00,570.8151,1093473.0,False,False,16:00:00,572.1771,2025-03-25 13:30:00,571.4266
2025-03-25,14:00:00,14:30:00,571.188,1446623.0,False,False,16:00:00,572.1771,2025-03-25 14:00:00,571.4266
2025-03-25,14:30:00,15:00:00,570.656,1438377.0,False,False,16:00:00,572.1771,2025-03-25 14:30:00,571.4266
2025-03-25,15:00:00,15:30:00,570.9146,1685503.0,False,False,16:00:00,572.1771,2025-03-25 15:00:00,571.4266
2025-03-25,15:30:00,16:00:00,572.1773,6677132.0,False,True,16:00:00,572.1771,2025-03-25 15:30:00,571.4266
2025-03-26,09:30:00,10:00:00,570.2513,3175994.0,False,False,16:00:00,565.3463,2025-03-26 09:30:00,570.2513
2025-03-26,10:00:00,10:30:00,570.0545,2753762.0,False,False,16:00:00,565.3463,2025-03-26 10:00:00,570.2513
2025-03-26,10:30:00,11:00:00,570.1634,1944320.0,False,False,16:00:00,565.3463,2025-03-26 10:30:00,570.2513
2025-03-26,11:00:00,11:30:00,569.0453,1202195.0,False,False,16:00:00,565.3463,2025-03-26 11:00:00,570.2513
2025-03-26,11:30:00,12:00:00,567.345,2110224.0,False,False,16:00:00,565.3463,2025-03-26 11:30:00,570.2513
2025-03-26,12:00:00,12:30:00,567.8024,1837764.0,False,False,16:00:00,565.3463,2025-03-26 12:00:00,570.2513
2025-03-26,12:30:00,13:00:00,566.142,1632177.0,False,False,16:00:00,565.3463,2025-03-26 12:30:00,570.2513
2025-03-26,13:00:00,13:30:00,565.6597,1690551.0,False,False,16:00:00,565.3463,2025-03-26 13:00:00,570.2513
2025-03-26,13:30:00,14:00:00,564.829,1893300.0,False,False,16:00:00,565.3463,2025-03-26 13:30:00,570.2513
2025-03-26,14:00:00,14:30:00,565.9132,1623070.0,False,False,16:00:00,565.3463,2025-03-26 14:00:00,570.2513
2025-03-26,14:30:00,15:00:00,564.1931,1632013.0,False,False,16:00:00,565.3463,2025-03-26 14:30:00,570.2513
2025-03-26,15:00:00,15:30:00,564.5113,2421332.0,False,False,16:00:00,565.3463,2025-03-26 15:00:00,570.2513
2025-03-26,15:30:00,16:00:00,565.3465,8668332.0,False,True,16:00:00,565.3463,2025-03-26 15:30:00,570.2513
2025-03-27,09:30:00,10:00:00,565.093,4721107.0,False,False,16:00:00,563.8449,2025-03-27 09:30:00,565.093
2025-03-27,10:00:00,10:30:00,566.3507,2405957.0,False,False,16:00:00,563.8449,2025-03-27 10:00:00,565.093
2025-03-27,10:30:00,11:00:00,567.5936,2373150.0,False,False,16:00:00,563.8449,2025-03-27 10:30:00,565.093
2025-03-27,11:00:00,11:30:00,566.6192,1344228.0,False,False,16:00:00,563.8449,2025-03-27 11:00:00,565.093
2025-03-27,11:30:00,12:00:00,564.74,1933868.0,False,False,16:00:00,563.8449,2025-03-27 11:30:00,565.093
2025-03-27,12:00:00,12:30:00,565.4459,1310934.0,False,False,16:00:00,563.8449,2025-03-27 12:00:00,565.093
2025-03-27,12:30:00,13:00:00,563.5469,1339971.0,False,False,16:00:00,563.8449,2025-03-27 12:30:00,565.093
2025-03-27,13:00:00,13:30:00,563.507,1592813.0,False,False,16:00:00,563.8449,2025-03-27 13:00:00,565.093
2025-03-27,13:30:00,14:00:00,563.3579,1146229.0,False,False,16:00:00,563.8449,2025-03-27 13:30:00,565.093
2025-03-27,14:00:00,14:30:00,564.6605,1381948.0,False,False,16:00:00,563.8449,2025-03-27 14:00:00,565.093
2025-03-27,14:30:00,15:00:00,564.3074,1303029.0,False,False,16:00:00,563.8449,2025-03-27 14:30:00,565.093
2025-03-27,15:00:00,15:30:00,566.5098,2361421.0,False,False,16:00:00,563.8449,2025-03-27 15:00:00,565.093
2025-03-27,15:30:00,16:00:00,563.8452,7342168.0,False,True,16:00:00,563.8449,2025-03-27 15:30:00,565.093
2025-03-28,09:30:00,10:00:00,559.8779,3437031.0,False,False,16:00:00,552.4901,2025-03-28 09:30:00,559.8779
2025-03-28,10:00:00,10:30:00,556.4227,5595531.0,False,False,16:00:00,552.4901,2025-03-28 10:00:00,559.8779
2025-03-28,10:30:00,11:00:00,555.5925,4237760.0,False,False,16:00:00,552.4901,2025-03-28 10:30:00,559.8779
2025-03-28,11:00:00,11:30:00,555.7018,3549337.0,False,False,16:00:00,552.4901,2025-03-28 11:00:00,559.8779
2025-03-28,11:30:00,12:00:00,554.7573,2184875.0,False,False,16:00:00,552.4901,2025-03-28 11:30:00,559.8779
2025-03-28,12:00:00,12:30:00,553.6735,2094324.0,False,False,16:00:00,552.4901,2025-03-28 12:00:00,559.8779
2025-03-28,12:30:00,13:00:00,553.3454,2025112.0,False,False,16:00:00,552.4901,2025-03-28 12:30:00,559.8779
2025-03-28,13:00:00,13:30:00,552.2318,2553641.0,False,False,16:00:00,552.4901,2025-03-28 13:00:00,559.8779
2025-03-28,13:30:00,14:00:00,553.2062,2004751.0,False,False,16:00:00,552.4901,2025-03-28 13:30:00,559.8779
2025-03-28,14:00:00,14:30:00,552.7886,2085411.0,False,False,16:00:00,552.4901,2025-03-28 14:00:00,559.8779
2025-03-28,14:30:00,15:00:00,552.9675,1794238.0,False,False,16:00:00,552.4901,2025-03-28 14:30:00,559.8779
2025-03-28,15:00:00,15:30:00,552.6295,2291837.0,False,False,16:00:00,552.4901,2025-03-28 15:00:00,559.8779
2025-03-28,15:30:00,16:00:00,552.5598,13214142.0,False,True,16:00:00,552.4901,2025-03-28 15:30:00,559.8779
2025-03-31,09:30:00,10:00:00,546.5891,6773807.0,False,False,16:00:00,556.1988,2025-03-31 09:30:00,546.5891
2025-03-31,10:00:00,10:30:00,546.3754,3216641.0,False,False,16:00:00,556.1988,2025-03-31 10:00:00,546.5891
2025-03-31,10:30:00,11:00:00,548.5628,2483318.0,False,False,16:00:00,556.1988,2025-03-31 10:30:00,546.5891
2025-03-31,11:00:00,11:30:00,549.3184,2426899.0,False,False,16:00:00,556.1988,2025-03-31 11:00:00,546.5891
2025-03-31,11:30:00,12:00:00,550.1835,1803877.0,False,False,16:00:00,556.1988,2025-03-31 11:30:00,546.5891
2025-03-31,12:00:00,12:30:00,551.2587,1450728.0,False,False,16:00:00,556.1988,2025-03-31 12:00:00,546.5891
2025-03-31,12:30:00,13:00:00,550.1039,1294049.0,False,False,16:00:00,556.1988,2025-03-31 12:30:00,546.5891
2025-03-31,13:00:00,13:30:00,550.5005,2001312.0,False,False,16:00:00,556.1988,2025-03-31 13:00:00,546.5891
2025-03-31,13:30:00,14:00:00,549.9448,1216959.0,False,False,16:00:00,556.1988,2025-03-31 13:30:00,546.5891
2025-03-31,14:00:00,14:30:00,553.6934,4823685.0,False,False,16:00:00,556.1988,2025-03-31 14:00:00,546.5891
2025-03-31,14:30:00,15:00:00,553.1987,3856728.0,False,False,16:00:00,556.1988,2025-03-31 14:30:00,546.5891
2025-03-31,15:00:00,15:30:00,554.2104,5582626.0,False,False,16:00:00,556.1988,2025-03-31 15:00:00,546.5891
2025-03-31,15:30:00,16:00:00,556.199,17733212.0,False,True,16:00:00,556.1988,2025-03-31 15:30:00,546.5891
2025-04-01,09:30:00,10:00:00,554.0215,3494382.0,False,False,16:00:00,557.7698,2025-04-01 09:30:00,554.0215
2025-04-01,10:00:00,10:30:00,551.9136,3666455.0,False,False,16:00:00,557.7698,2025-04-01 10:00:00,554.0215
2025-04-01,10:30:00,11:00:00,556.4227,3140408.0,False,False,16:00:00,557.7698,2025-04-01 10:30:00,554.0215
2025-04-01,11:00:00,11:30:00,557.5811,3572675.0,False,False,16:00:00,557.7698,2025-04-01 11:00:00,554.0215
2025-04-01,11:30:00,12:00:00,558.3964,1840208.0,False,False,16:00:00,557.7698,2025-04-01 11:30:00,554.0215
2025-04-01,12:00:00,12:30:00,557.5811,1910367.0,False,False,16:00:00,557.7698,2025-04-01 12:00:00,554.0215
2025-04-01,12:30:00,13:00:00,557.4219,2545334.0,False,False,16:00:00,557.7698,2025-04-01 12:30:00,554.0215
2025-04-01,13:00:00,13:30:00,556.179,1294773.0,False,False,16:00:00,557.7698,2025-04-01 13:00:00,554.0215
2025-04-01,13:30:00,14:00:00,555.8809,1503802.0,False,False,16:00:00,557.7698,2025-04-01 13:30:00,554.0215
2025-04-01,14:00:00,14:30:00,553.5442,2622219.0,False,False,16:00:00,557.7698,2025-04-01 14:00:00,554.0215
2025-04-01,14:30:00,15:00:00,554.2999,1772352.0,False,False,16:00:00,557.7698,2025-04-01 14:30:00,554.0215
2025-04-01,15:00:00,15:30:00,555.1848,2110627.0,False,False,16:00:00,557.7698,2025-04-01 15:00:00,554.0215
2025-04-01,15:30:00,16:00:00,557.77,6894220.0,False,True,16:00:00,557.7698,2025-04-01 15:30:00,554.0215
2025-04-02,09:30:00,10:00:00,555.3837,4255808.0,False,False,16:00:00,561.2995,2025-04-02 09:30:00,555.3837
2025-04-02,10:00:00,10:30:00,557.6407,2212118.0,False,False,16:00:00,561.2995,2025-04-02 10:00:00,555.3837
2025-04-02,10:30:00,11:00:00,558.8339,1872016.0,False,False,16:00:00,561.2995,2025-04-02 10:30:00,555.3837
2025-04-02,11:00:00,11:30:00,560.0867,2113683.0,False,False,16:00:00,561.2995,2025-04-02 11:00:00,555.3837
2025-04-02,11:30:00,12:00:00,559.1322,2235742.0,False,False,16:00:00,561.2995,2025-04-02 11:30:00,555.3837
2025-04-02,12:00:00,12:30:00,561.1009,1594847.0,False,False,16:00:00,561.2995,2025-04-02 12:00:00,555.3837
2025-04-02,12:30:00,13:00:00,562.4581,2547514.0,False,False,16:00:00,561.2995,2025-04-02 12:30:00,555.3837
2025-04-02,13:00:00,13:30:00,562.7912,2593586.0,False,False,16:00:00,561.2995,2025-04-02 13:00:00,555.3837
2025-04-02,13:30:00,14:00:00,560.6435,2667686.0,False,False,16:00:00,561.2995,2025-04-02 13:30:00,555.3837
2025-04-02,14:00:00,14:30:00,557.7998,2223449.0,False,False,16:00:00,561.2995,2025-04-02 14:00:00,555.3837
2025-04-02,14:30:00,15:00:00,558.118,2388119.0,False,False,16:00:00,561.2995,2025-04-02 14:30:00,555.3837
2025-04-02,15:00:00,15:30:00,559.689,1869869.0,False,False,16:00:00,561.2995,2025-04-02 15:00:00,555.3837
2025-04-02,15:30:00,16:00:00,561.2997,8235863.0,False,True,16:00:00,561.2995,2025-04-02 15:30:00,555.3837
2025-04-03,09:30:00,10:00:00,541.041,11704102.0,False,False,16:00:00,533.6382,2025-04-03 09:30:00,541.041
2025-04-03,10:00:00,10:30:00,539.8726,7856231.0,False,False,16:00:00,533.6382,2025-04-03 10:00:00,541.041
2025-04-03,10:30:00,11:00:00,537.0588,5619232.0,False,False,16:00:00,533.6382,2025-04-03 10:30:00,541.041
2025-04-03,11:00:00,11:30:00,538.5701,5312381.0,False,False,16:00:00,533.6382,2025-04-03 11:00:00,541.041
2025-04-03,11:30:00,12:00:00,540.499,4488301.0,False,False,16:00:00,533.6382,2025-04-03 11:30:00,541.041
2025-04-03,12:00:00,12:30:00,542.8456,3770479.0,False,False,16:00:00,533.6382,2025-04-03 12:00:00,541.041
2025-04-03,12:30:00,13:00:00,540.33,3213746.0,False,False,16:00:00,533.6382,2025-04-03 12:30:00,541.041
2025-04-03,13:00:00,13:30:00,539.0225,2425787.0,False,False,16:00:00,533.6382,2025-04-03 13:00:00,541.041
2025-04-03,13:30:00,14:00:00,538.7889,2470112.0,False,False,16:00:00,533.6382,2025-04-03 13:30:00,541.041
2025-04-03,14:00:00,14:30:00,537.6603,2999358.0,False,False,16:00:00,533.6382,2025-04-03 14:00:00,541.041
2025-04-03,14:30:00,15:00:00,538.7093,3826061.0,False,False,16:00:00,533.6382,2025-04-03 14:30:00,541.041
2025-04-03,15:00:00,15:30:00,536.1142,5313539.0,False,False,16:00:00,533.6382,2025-04-03 15:00:00,541.041
2025-04-03,15:30:00,16:00:00,533.6384,21022868.0,False,True,16:00:00,533.6382,2025-04-03 15:30:00,541.041
2025-04-04,09:30:00,10:00:00,519.9768,14691585.0,False,False,16:00:00,502.3975,2025-04-04 09:30:00,519.9768
2025-04-04,10:00:00,10:30:00,513.2007,8416104.0,False,False,16:00:00,502.3975,2025-04-04 10:00:00,519.9768
2025-04-04,10:30:00,11:00:00,512.2809,12505804.0,False,False,16:00:00,502.3975,2025-04-04 10:30:00,519.9768
2025-04-04,11:00:00,11:30:00,513.3946,15026664.0,False,False,16:00:00,502.3975,2025-04-04 11:00:00,519.9768
2025-04-04,11:30:00,12:00:00,512.1517,7120579.0,False,False,16:00:00,502.3975,2025-04-04 11:30:00,519.9768
2025-04-04,12:00:00,12:30:00,509.3675,4790347.0,False,False,16:00:00,502.3975,2025-04-04 12:00:00,519.9768
2025-04-04,12:30:00,13:00:00,509.0495,5555196.0,False,False,16:00:00,502.3975,2025-04-04 12:30:00,519.9768
2025-04-04,13:00:00,13:30:00,507.9658,6989887.0,False,False,16:00:00,502.3975,2025-04-04 13:00:00,519.9768
2025-04-04,13:30:00,14:00:00,511.8136,6382187.0,False,False,16:00:00,502.3975,2025-04-04 13:30:00,519.9768
2025-04-04,14:00:00,14:30:00,505.9721,6995307.0,False,False,16:00:00,502.3975,2025-04-04 14:00:00,519.9768
2025-04-04,14:30:00,15:00:00,505.0922,7951279.0,False,False,16:00:00,502.3975,2025-04-04 14:30:00,519.9768
2025-04-04,15:00:00,15:30:00,507.3393,8938571.0,False,False,16:00:00,502.3975,2025-04-04 15:00:00,519.9768
2025-04-04,15:30:00,16:00:00,502.6562,30925352.0,False,True,16:00:00,502.3975,2025-04-04 15:30:00,519.9768
2025-04-07,09:30:00,10:00:00,492.6188,22966950.0,False,False,16:00:00,501.5026,2025-04-07 09:30:00,492.6188
2025-04-07,10:00:00,10:30:00,495.716,41942540.0,False,False,16:00:00,501.5026,2025-04-07 10:00:00,492.6188
2025-04-07,10:30:00,11:00:00,502.7257,20345046.0,False,False,16:00:00,501.5026,2025-04-07 10:30:00,492.6188
2025-04-07,11:00:00,11:30:00,491.1522,20204668.0,False,False,16:00:00,501.5026,2025-04-07 11:00:00,492.6188
2025-04-07,11:30:00,12:00:00,496.6606,9974981.0,False,False,16:00:00,501.5026,2025-04-07 11:30:00,492.6188
2025-04-07,12:00:00,12:30:00,496.3921,5707112.0,False,False,16:00:00,501.5026,2025-04-07 12:00:00,492.6188
2025-04-07,12:30:00,13:00:00,493.0314,5234767.0,False,False,16:00:00,501.5026,2025-04-07 12:30:00,492.6188
2025-04-07,13:00:00,13:30:00,502.7457,8980496.0,False,False,16:00:00,501.5026,2025-04-07 13:00:00,492.6188
2025-04-07,13:30:00,14:00:00,506.3052,7969450.0,False,False,16:00:00,501.5026,2025-04-07 13:30:00,492.6188
2025-04-07,14:00:00,14:30:00,502.2883,6676304.0,False,False,16:00:00,501.5026,2025-04-07 14:00:00,492.6188
2025-04-07,14:30:00,15:00:00,500.2301,5329304.0,False,False,16:00:00,501.5026,2025-04-07 14:30:00,492.6188
2025-04-07,15:00:00,15:30:00,497.7891,8374469.0,False,False,16:00:00,501.5026,2025-04-07 15:00:00,492.6188
2025-04-07,15:30:00,16:00:00,501.5028,17837078.0,False,True,16:00:00,501.5026,2025-04-07 15:30:00,492.6188
2025-04-08,09:30:00,10:00:00,520.0563,13085183.0,False,False,16:00:00,493.6476,2025-04-08 09:30:00,520.0563
2025-04-08,10:00:00,10:30:00,520.3049,6961406.0,False,False,16:00:00,493.6476,2025-04-08 10:00:00,520.0563
2025-04-08,10:30:00,11:00:00,514.8362,5521821.0,False,False,16:00:00,493.6476,2025-04-08 10:30:00,520.0563
2025-04-08,11:00:00,11:30:00,511.2817,6763821.0,False,False,16:00:00,493.6476,2025-04-08 11:00:00,520.0563
2025-04-08,11:30:00,12:00:00,513.4045,5205488.0,False,False,16:00:00,493.6476,2025-04-08 11:30:00,520.0563
2025-04-08,12:00:00,12:30:00,510.9883,4228981.0,False,False,16:00:00,493.6476,2025-04-08 12:00:00,520.0563
2025-04-08,12:30:00,13:00:00,504.3365,11585117.0,False,False,16:00:00,493.6476,2025-04-08 12:30:00,520.0563
2025-04-08,13:00:00,13:30:00,499.4744,9797536.0,False,False,16:00:00,493.6476,2025-04-08 13:00:00,520.0563
2025-04-08,13:30:00,14:00:00,503.6505,7615935.0,False,False,16:00:00,493.6476,2025-04-08 13:30:00,520.0563
2025-04-08,14:00:00,14:30:00,499.7031,4555373.0,False,False,16:00:00,493.6476,2025-04-08 14:00:00,520.0563
2025-04-08,14:30:00,15:00:00,499.0469,6872751.0,False,False,16:00:00,493.6476,2025-04-08 14:30:00,520.0563
2025-04-08,15:00:00,15:30:00,494.4271,10425768.0,False,False,16:00:00,493.6476,2025-04-08 15:00:00,520.0563
2025-04-08,15:30:00,16:00:00,493.6479,27205038.0,False,True,16:00:00,493.6476,2025-04-08 15:30:00,520.0563
2025-04-09,09:30:00,10:00:00,497.3466,12697187.0,False,False,16:00:00,545.4902,2025-04-09 09:30:00,497.3466
2025-04-09,10:00:00,10:30:00,496.1535,7413897.0,False,False,16:00:00,545.4902,2025-04-09 10:00:00,497.3466
2025-04-09,10:30:00,11:00:00,490.317,6447077.0,False,False,16:00:00,545.4902,2025-04-09 10:30:00,497.3466
2025-04-09,11:00:00,11:30:00,495.3581,4574340.0,False,False,16:00:00,545.4902,2025-04-09 11:00:00,497.3466
2025-04-09,11:30:00,12:00:00,493.0811,3925598.0,False,False,16:00:00,545.4902,2025-04-09 11:30:00,497.3466
2025-04-09,12:00:00,12:30:00,496.233,2753400.0,False,False,16:00:00,545.4902,2025-04-09 12:00:00,497.3466
2025-04-09,12:30:00,13:00:00,498.4801,3251422.0,False,False,16:00:00,545.4902,2025-04-09 12:30:00,497.3466
2025-04-09,13:00:00,13:30:00,521.7765,29704354.0,False,False,16:00:00,545.4902,2025-04-09 13:00:00,497.3466
2025-04-09,13:30:00,14:00:00,532.5198,22355174.0,False,False,16:00:00,545.4902,2025-04-09 13:30:00,497.3466
2025-04-09,14:00:00,14:30:00,535.2393,13580804.0,False,False,16:00:00,545.4902,2025-04-09 14:00:00,497.3466
2025-04-09,14:30:00,15:00:00,528.14,10491229.0,False,False,16:00:00,545.4902,2025-04-09 14:30:00,497.3466
2025-04-09,15:00:00,15:30:00,537.556,11191133.0,False,False,16:00:00,545.4902,2025-04-09 15:00:00,497.3466
2025-04-09,15:30:00,16:00:00,545.4904,31766790.0,False,True,16:00:00,545.4902,2025-04-09 15:30:00,497.3466
2025-04-10,09:30:00,10:00:00,525.8864,10572992.0,False,False,16:00:00,521.5873,2025-04-10 09:30:00,525.8864
2025-04-10,10:00:00,10:30:00,525.2665,6133817.0,False,False,16:00:00,521.5873,2025-04-10 10:00:00,525.8864
2025-04-10,10:30:00,11:00:00,523.3773,5254570.0,False,False,16:00:00,521.5873,2025-04-10 10:30:00,525.8864
2025-04-10,11:00:00,11:30:00,520.812,4955679.0,False,False,16:00:00,521.5873,2025-04-10 11:00:00,525.8864
2025-04-10,11:30:00,12:00:00,515.3633,7010063.0,False,False,16:00:00,521.5873,2025-04-10 11:30:00,525.8864
2025-04-10,12:00:00,12:30:00,508.7562,12791618.0,False,False,16:00:00,521.5873,2025-04-10 12:00:00,525.8864
2025-04-10,12:30:00,13:00:00,516.7255,10169717.0,False,False,16:00:00,521.5873,2025-04-10 12:30:00,525.8864
2025-04-10,13:00:00,13:30:00,515.9996,8929851.0,False,False,16:00:00,521.5873,2025-04-10 13:00:00,525.8864
2025-04-10,13:30:00,14:00:00,521.1998,6797502.0,False,False,16:00:00,521.5873,2025-04-10 13:30:00,525.8864
2025-04-10,14:00:00,14:30:00,525.525,7200949.0,False,False,16:00:00,521.5873,2025-04-10 14:00:00,525.8864
2025-04-10,14:30:00,15:00:00,522.3631,5925166.0,False,False,16:00:00,521.5873,2025-04-10 14:30:00,525.8864
2025-04-10,15:00:00,15:30:00,519.4001,6084434.0,False,False,16:00:00,521.5873,2025-04-10 15:00:00,525.8864
2025-04-10,15:30:00,16:00:00,521.5876,20063544.0,False,True,16:00:00,521.5873,2025-04-10 15:30:00,525.8864
2025-04-11,09:30:00,10:00:00,522.1464,7841349.0,False,False,16:00:00,530.894,2025-04-11 09:30:00,522.1464
2025-04-11,10:00:00,10:30:00,517.5607,6930889.0,False,False,16:00:00,530.894,2025-04-11 10:00:00,522.1464
2025-04-11,10:30:00,11:00:00,519.937,4213418.0,False,False,16:00:00,530.894,2025-04-11 10:30:00,522.1464
2025-04-11,11:00:00,11:30:00,519.9768,4104761.0,False,False,16:00:00,530.894,2025-04-11 11:00:00,522.1464
2025-04-11,11:30:00,12:00:00,523.944,2512790.0,False,False,16:00:00,530.894,2025-04-11 11:30:00,522.1464
2025-04-11,12:00:00,12:30:00,524.5009,2573402.0,False,False,16:00:00,530.894,2025-04-11 12:00:00,522.1464
2025-04-11,12:30:00,13:00:00,528.7863,4200206.0,False,False,16:00:00,530.894,2025-04-11 12:30:00,522.1464
2025-04-11,13:00:00,13:30:00,526.8027,2913093.0,False,False,16:00:00,530.894,2025-04-11 13:00:00,522.1464
2025-04-11,13:30:00,14:00:00,531.6697,5344262.0,False,False,16:00:00,530.894,2025-04-11 13:30:00,522.1464
2025-04-11,14:00:00,14:30:00,530.1584,3221870.0,False,False,16:00:00,530.894,2025-04-11 14:00:00,522.1464
2025-04-11,14:30:00,15:00:00,529.1342,2684767.0,False,False,16:00:00,530.894,2025-04-11 14:30:00,522.1464
2025-04-11,15:00:00,15:30:00,531.441,3839271.0,False,False,16:00:00,530.894,2025-04-11 15:00:00,522.1464
2025-04-11,15:30:00,16:00:00,530.8942,11429445.0,False,True,16:00:00,530.894,2025-04-11 15:30:00,522.1464
2025-04-14,09:30:00,10:00:00,537.5858,6934459.0,False,False,16:00:00,536.0444,2025-04-14 09:30:00,537.5858
2025-04-14,10:00:00,10:30:00,539.0872,3682609.0,False,False,16:00:00,536.0444,2025-04-14 10:00:00,537.5858
2025-04-14,10:30:00,11:00:00,539.4451,2544799.0,False,False,16:00:00,536.0444,2025-04-14 10:30:00,537.5858
2025-04-14,11:00:00,11:30:00,535.4778,3232628.0,False,False,16:00:00,536.0444,2025-04-14 11:00:00,537.5858
2025-04-14,11:30:00,12:00:00,532.6043,4418402.0,False,False,16:00:00,536.0444,2025-04-14 11:30:00,537.5858
2025-04-14,12:00:00,12:30:00,532.8231,4600987.0,False,False,16:00:00,536.0444,2025-04-14 12:00:00,537.5858
2025-04-14,12:30:00,13:00:00,532.3071,2221936.0,False,False,16:00:00,536.0444,2025-04-14 12:30:00,537.5858
2025-04-14,13:00:00,13:30:00,534.404,2691405.0,False,False,16:00:00,536.0444,2025-04-14 13:00:00,537.5858
2025-04-14,13:30:00,14:00:00,535.965,1905763.0,False,False,16:00:00,536.0444,2025-04-14 13:30:00,537.5858
2025-04-14,14:00:00,14:30:00,537.2577,1975525.0,False,False,16:00:00,536.0444,2025-04-14 14:00:00,537.5858
2025-04-14,14:30:00,15:00:00,537.6753,2253568.0,False,False,16:00:00,536.0444,2025-04-14 14:30:00,537.5858
2025-04-14,15:00:00,15:30:00,538.1376,3163589.0,False,False,16:00:00,536.0444,2025-04-14 15:00:00,537.5858
2025-04-14,15:30:00,16:00:00,536.0446,9025212.0,False,True,16:00:00,536.0444,2025-04-14 15:30:00,537.5858
2025-04-15,09:30:00,10:00:00,538.3414,4276006.0,False,False,16:00:00,534.543,2025-04-15 09:30:00,538.3414
2025-04-15,10:00:00,10:30:00,536.4284,4812578.0,False,False,16:00:00,534.543,2025-04-15 10:00:00,538.3414
2025-04-15,10:30:00,11:00:00,537.5211,2866489.0,False,False,16:00:00,534.543,2025-04-15 10:30:00,538.3414
2025-04-15,11:00:00,11:30:00,537.198,1751112.0,False,False,16:00:00,534.543,2025-04-15 11:00:00,538.3414
2025-04-15,11:30:00,12:00:00,537.9139,1840692.0,False,False,16:00:00,534.543,2025-04-15 11:30:00,538.3414
2025-04-15,12:00:00,12:30:00,537.8741,1054846.0,False,False,16:00:00,534.543,2025-04-15 12:00:00,538.3414
2025-04-15,12:30:00,13:00:00,535.9849,1500432.0,False,False,16:00:00,534.543,2025-04-15 12:30:00,538.3414
2025-04-15,13:00:00,13:30:00,534.6625,1927565.0,False,False,16:00:00,534.543,2025-04-15 13:00:00,538.3414
2025-04-15,13:30:00,14:00:00,535.1915,2064324.0,False,False,16:00:00,534.543,2025-04-15 13:30:00,538.3414
2025-04-15,14:00:00,14:30:00,534.3842,1955925.0,False,False,16:00:00,534.543,2025-04-15 14:00:00,538.3414
2025-04-15,14:30:00,15:00:00,535.4778,1945897.0,False,False,16:00:00,534.543,2025-04-15 14:30:00,538.3414
2025-04-15,15:00:00,15:30:00,535.3884,2063626.0,False,False,16:00:00,534.543,2025-04-15 15:00:00,538.3414
2025-04-15,15:30:00,16:00:00,534.5432,7215059.0,False,True,16:00:00,534.543,2025-04-15 15:30:00,538.3414
2025-04-16,09:30:00,10:00:00,526.6883,5287267.0,False,False,16:00:00,522.6612,2025-04-16 09:30:00,526.6883
2025-04-16,10:00:00,10:30:00,528.8658,2902240.0,False,False,16:00:00,522.6612,2025-04-16 10:00:00,526.6883
2025-04-16,10:30:00,11:00:00,529.3132,1747144.0,False,False,16:00:00,522.6612,2025-04-16 10:30:00,526.6883
2025-04-16,11:00:00,11:30:00,531.6697,2395136.0,False,False,16:00:00,522.6612,2025-04-16 11:00:00,526.6883
2025-04-16,11:30:00,12:00:00,528.647,1860020.0,False,False,16:00:00,522.6612,2025-04-16 11:30:00,526.6883
2025-04-16,12:00:00,12:30:00,528.4581,1625145.0,False,False,16:00:00,522.6612,2025-04-16 12:00:00,526.6883
2025-04-16,12:30:00,13:00:00,527.7323,1576939.0,False,False,16:00:00,522.6612,2025-04-16 12:30:00,526.6883
2025-04-16,13:00:00,13:30:00,528.5874,1510864.0,False,False,16:00:00,522.6612,2025-04-16 13:00:00,526.6883
2025-04-16,13:30:00,14:00:00,521.155,6616548.0,False,False,16:00:00,522.6612,2025-04-16 13:30:00,526.6883
2025-04-16,14:00:00,14:30:00,522.9149,3954777.0,False,False,16:00:00,522.6612,2025-04-16 14:00:00,526.6883
2025-04-16,14:30:00,15:00:00,519.9221,3084358.0,False,False,16:00:00,522.6612,2025-04-16 14:30:00,526.6883
2025-04-16,15:00:00,15:30:00,517.9037,5143037.0,False,False,16:00:00,522.6612,2025-04-16 15:00:00,526.6883
2025-04-16,15:30:00,16:00:00,522.6614,12864682.0,False,True,16:00:00,522.6612,2025-04-16 15:30:00,526.6883
2025-04-17,09:30:00,10:00:00,525.6442,4346058.0,False,False,16:00:00,523.4069,2025-04-17 09:30:00,525.6442
2025-04-17,10:00:00,10:30:00,522.214,2716056.0,False,False,16:00:00,523.4069,2025-04-17 10:00:00,525.6442
2025-04-17,10:30:00,11:00:00,522.0549,2733753.0,False,False,16:00:00,523.4069,2025-04-17 10:30:00,525.6442
2025-04-17,11:00:00,11:30:00,523.7239,2396662.0,False,False,16:00:00,523.4069,2025-04-17 11:00:00,525.6442
2025-04-17,11:30:00,12:00:00,523.6458,1564613.0,False,False,16:00:00,523.4069,2025-04-17 11:30:00,525.6442
2025-04-17,12:00:00,12:30:00,526.4994,5021580.0,False,False,16:00:00,523.4069,2025-04-17 12:00:00,525.6442
2025-04-17,12:30:00,13:00:00,527.0065,2421584.0,False,False,16:00:00,523.4069,2025-04-17 12:30:00,525.6442
2025-04-17,13:00:00,13:30:00,524.7345,1201429.0,False,False,16:00:00,523.4069,2025-04-17 13:00:00,525.6442
2025-04-17,13:30:00,14:00:00,526.5586,1524850.0,False,False,16:00:00,523.4069,2025-04-17 13:30:00,525.6442
2025-04-17,14:00:00,14:30:00,527.1059,2163921.0,False,False,16:00:00,523.4069,2025-04-17 14:00:00,525.6442
2025-04-17,14:30:00,15:00:00,525.525,2565250.0,False,False,16:00:00,523.4069,2025-04-17 14:30:00,525.6442
2025-04-17,15:00:00,15:30:00,524.1926,2981820.0,False,False,16:00:00,523.4069,2025-04-17 15:00:00,525.6442
2025-04-17,15:30:00,16:00:00,523.4071,8399219.0,False,True,16:00:00,523.4069,2025-04-17 15:30:00,525.6442
2025-04-21,09:30:00,10:00:00,514.4386,3957939.0,False,False,16:00:00,510.9484,2025-04-21 09:30:00,514.4386
2025-04-21,10:00:00,10:30:00,512.619,3346690.0,False,False,16:00:00,510.9484,2025-04-21 10:00:00,514.4386
2025-04-21,10:30:00,11:00:00,511.6943,3327585.0,False,False,16:00:00,510.9484,2025-04-21 10:30:00,514.4386
2025-04-21,11:00:00,11:30:00,510.1432,2620092.0,False,False,16:00:00,510.9484,2025-04-21 11:00:00,514.4386
2025-04-21,11:30:00,12:00:00,508.1447,3322889.0,False,False,16:00:00,510.9484,2025-04-21 11:30:00,514.4386
2025-04-21,12:00:00,12:30:00,508.7114,2532048.0,False,False,16:00:00,510.9484,2025-04-21 12:00:00,514.4386
2025-04-21,12:30:00,13:00:00,508.3236,2830485.0,False,False,16:00:00,510.9484,2025-04-21 12:30:00,514.4386
2025-04-21,13:00:00,13:30:00,507.0013,3463712.0,False,False,16:00:00,510.9484,2025-04-21 13:00:00,514.4386
2025-04-21,13:30:00,14:00:00,506.0935,1914948.0,False,False,16:00:00,510.9484,2025-04-21 13:30:00,514.4386
2025-04-21,14:00:00,14:30:00,507.031,2706051.0,False,False,16:00:00,510.9484,2025-04-21 14:00:00,514.4386
2025-04-21,14:30:00,15:00:00,505.8677,2733497.0,False,False,16:00:00,510.9484,2025-04-21 14:30:00,514.4386
2025-04-21,15:00:00,15:30:00,507.5083,3553041.0,False,False,16:00:00,510.9484,2025-04-21 15:00:00,514.4386
2025-04-21,15:30:00,16:00:00,510.9486,12110765.0,False,True,16:00:00,510.9484,2025-04-21 15:30:00,514.4386
2025-04-22,09:30:00,10:00:00,518.9427,4181443.0,False,False,16:00:00,524.2421,2025-04-22 09:30:00,518.9427
2025-04-22,10:00:00,10:30:00,520.0762,3165256.0,False,False,16:00:00,524.2421,2025-04-22 10:00:00,518.9427
2025-04-22,10:30:00,11:00:00,521.687,2754368.0,False,False,16:00:00,524.2421,2025-04-22 10:30:00,518.9427
2025-04-22,11:00:00,11:30:00,521.9554,2969637.0,False,False,16:00:00,524.2421,2025-04-22 11:00:00,518.9427
2025-04-22,11:30:00,12:00:00,523.2083,3393178.0,False,False,16:00:00,524.2421,2025-04-22 11:30:00,518.9427
2025-04-22,12:00:00,12:30:00,525.8481,5537595.0,False,False,16:00:00,524.2421,2025-04-22 12:00:00,518.9427
2025-04-22,12:30:00,13:00:00,524.5903,2740017.0,False,False,16:00:00,524.2421,2025-04-22 12:30:00,518.9427
2025-04-22,13:00:00,13:30:00,519.6039,6457677.0,False,False,16:00:00,524.2421,2025-04-22 13:00:00,518.9427
2025-04-22,13:30:00,14:00:00,518.8582,3165499.0,False,False,16:00:00,524.2421,2025-04-22 13:30:00,518.9427
2025-04-22,14:00:00,14:30:00,522.383,2971042.0,False,False,16:00:00,524.2421,2025-04-22 14:00:00,518.9427
2025-04-22,14:30:00,15:00:00,523.8521,2189571.0,False,False,16:00:00,524.2421,2025-04-22 14:30:00,518.9427
2025-04-22,15:00:00,15:30:00,521.6522,3373536.0,False,False,16:00:00,524.2421,2025-04-22 15:00:00,518.9427
2025-04-22,15:30:00,16:00:00,524.2423,8586406.0,False,True,16:00:00,524.2421,2025-04-22 15:30:00,518.9427
2025-04-23,09:30:00,10:00:00,541.036,13688021.0,False,False,16:00:00,532.3655,2025-04-23 09:30:00,541.036
2025-04-23,10:00:00,10:30:00,540.6183,5675139.0,False,False,16:00:00,532.3655,2025-04-23 10:00:00,541.036
2025-04-23,10:30:00,11:00:00,539.5545,2705141.0,False,False,16:00:00,532.3655,2025-04-23 10:30:00,541.036
2025-04-23,11:00:00,11:30:00,535.5176,5231245.0,False,False,16:00:00,532.3655,2025-04-23 11:00:00,541.036
2025-04-23,11:30:00,12:00:00,534.3394,4342218.0,False,False,16:00:00,532.3655,2025-04-23 11:30:00,541.036
2025-04-23,12:00:00,12:30:00,533.2506,3449236.0,False,False,16:00:00,532.3655,2025-04-23 12:00:00,541.036
2025-04-23,12:30:00,13:00:00,535.2989,2901583.0,False,False,16:00:00,532.3655,2025-04-23 12:30:00,541.036
2025-04-23,13:00:00,13:30:00,535.3685,2199521.0,False,False,16:00:00,532.3655,2025-04-23 13:00:00,541.036
2025-04-23,13:30:00,14:00:00,535.2193,2204456.0,False,False,16:00:00,532.3655,2025-04-23 13:30:00,541.036
2025-04-23,14:00:00,14:30:00,533.5986,2795074.0,False,False,16:00:00,532.3655,2025-04-23 14:00:00,541.036
2025-04-23,14:30:00,15:00:00,533.2506,2188733.0,False,False,16:00:00,532.3655,2025-04-23 14:30:00,541.036
2025-04-23,15:00:00,15:30:00,531.5703,3037850.0,False,False,16:00:00,532.3655,2025-04-23 15:00:00,541.036
2025-04-23,15:30:00,16:00:00,532.664,10885367.0,False,True,16:00:00,532.3655,2025-04-23 15:30:00,541.036
2025-04-24,09:30:00,10:00:00,536.4012,3814279.0,False,False,16:00:00,543.5712,2025-04-24 09:30:00,536.4012
2025-04-24,10:00:00,10:30:00,539.0388,3907461.0,False,False,16:00:00,543.5712,2025-04-24 10:00:00,536.4012
2025-04-24,10:30:00,11:00:00,539.3954,3908917.0,False,False,16:00:00,543.5712,2025-04-24 10:30:00,536.4012
2025-04-24,11:00:00,11:30:00,539.336,2669002.0,False,False,16:00:00,543.5712,2025-04-24 11:00:00,536.4012
2025-04-24,11:30:00,12:00:00,539.7335,2063194.0,False,False,16:00:00,543.5712,2025-04-24 11:30:00,536.4012
2025-04-24,12:00:00,12:30:00,541.3442,2210519.0,False,False,16:00:00,543.5712,2025-04-24 12:00:00,536.4012
2025-04-24,12:30:00,13:00:00,542.3385,2438796.0,False,False,16:00:00,543.5712,2025-04-24 12:30:00,536.4012
2025-04-24,13:00:00,13:30:00,541.8632,1761516.0,False,False,16:00:00,543.5712,2025-04-24 13:00:00,536.4012
2025-04-24,13:30:00,14:00:00,542.1496,1408937.0,False,False,16:00:00,543.5712,2025-04-24 13:30:00,536.4012
2025-04-24,14:00:00,14:30:00,542.3683,2681987.0,False,False,16:00:00,543.5712,2025-04-24 14:00:00,536.4012
2025-04-24,14:30:00,15:00:00,542.9649,2176523.0,False,False,16:00:00,543.5712,2025-04-24 14:30:00,536.4012
2025-04-24,15:00:00,15:30:00,541.8016,3371116.0,False,False,16:00:00,543.5712,2025-04-24 15:00:00,536.4012
2025-04-24,15:30:00,16:00:00,543.5217,10331799.0,False,True,16:00:00,543.5712,2025-04-24 15:30:00,536.4012
2025-04-25,09:30:00,10:00:00,542.4578,4249161.0,False,False,16:00:00,547.4987,2025-04-25 09:30:00,542.4578
2025-04-25,10:00:00,10:30:00,541.5616,4727415.0,False,False,16:00:00,547.4987,2025-04-25 10:00:00,542.4578
2025-04-25,10:30:00,11:00:00,543.4222,2351316.0,False,False,16:00:00,547.4987,2025-04-25 10:30:00,542.4578
2025-04-25,11:00:00,11:30:00,543.3825,1510342.0,False,False,16:00:00,547.4987,2025-04-25 11:00:00,542.4578
2025-04-25,11:30:00,12:00:00,543.9493,1272763.0,False,False,16:00:00,547.4987,2025-04-25 11:30:00,542.4578
2025-04-25,12:00:00,12:30:00,545.2269,1435529.0,False,False,16:00:00,547.4987,2025-04-25 12:00:00,542.4578
2025-04-25,12:30:00,13:00:00,545.9379,1532787.0,False,False,16:00:00,547.4987,2025-04-25 12:30:00,542.4578
2025-04-25,13:00:00,13:30:00,547.8469,2242089.0,False,False,16:00:00,547.4987,2025-04-25 13:00:00,542.4578
2025-04-25,13:30:00,14:00:00,544.8043,4325125.0,False,False,16:00:00,547.4987,2025-04-25 13:30:00,542.4578
2025-04-25,14:00:00,14:30:00,546.6229,2589138.0,False,False,16:00:00,547.4987,2025-04-25 14:00:00,542.4578
2025-04-25,14:30:00,15:00:00,546.7432,2123516.0,False,False,16:00:00,547.4987,2025-04-25 14:30:00,542.4578
2025-04-25,15:00:00,15:30:00,546.4151,1748168.0,False,False,16:00:00,547.4987,2025-04-25 15:00:00,542.4578
2025-04-25,15:30:00,16:00:00,547.4989,7347453.0,False,True,16:00:00,547.4987,2025-04-25 15:30:00,542.4578
2025-04-28,09:30:00,10:00:00,547.1111,4895734.0,False,False,16:00:00,547.7075,2025-04-28 09:30:00,547.1111
2025-04-28,10:00:00,10:30:00,547.8369,2452554.0,False,False,16:00:00,547.7075,2025-04-28 10:00:00,547.1111
2025-04-28,10:30:00,11:00:00,547.4641,1803798.0,False,False,16:00:00,547.7075,2025-04-28 10:30:00,547.1111
2025-04-28,11:00:00,11:30:00,544.0686,2678865.0,False,False,16:00:00,547.7075,2025-04-28 11:00:00,547.1111
2025-04-28,11:30:00,12:00:00,544.2972,2035400.0,False,False,16:00:00,547.7075,2025-04-28 11:30:00,547.1111
2025-04-28,12:00:00,12:30:00,542.945,1964656.0,False,False,16:00:00,547.7075,2025-04-28 12:00:00,547.1111
2025-04-28,12:30:00,13:00:00,543.303,1594221.0,False,False,16:00:00,547.7075,2025-04-28 12:30:00,547.1111
2025-04-28,13:00:00,13:30:00,542.2887,1449889.0,False,False,16:00:00,547.7075,2025-04-28 13:00:00,547.1111
2025-04-28,13:30:00,14:00:00,544.6055,1454833.0,False,False,16:00:00,547.7075,2025-04-28 13:30:00,547.1111
2025-04-28,14:00:00,14:30:00,545.4606,1717186.0,False,False,16:00:00,547.7075,2025-04-28 14:00:00,547.1111
2025-04-28,14:30:00,15:00:00,545.5103,1326386.0,False,False,16:00:00,547.7075,2025-04-28 14:30:00,547.1111
2025-04-28,15:00:00,15:30:00,547.3186,2844726.0,False,False,16:00:00,547.7075,2025-04-28 15:00:00,547.1111
2025-04-28,15:30:00,16:00:00,547.7574,6347460.0,False,True,16:00:00,547.7075,2025-04-28 15:30:00,547.1111
2025-04-29,09:30:00,10:00:00,547.4393,3263968.0,False,False,16:00:00,551.1577,2025-04-29 09:30:00,547.4393
2025-04-29,10:00:00,10:30:00,546.773,3103380.0,False,False,16:00:00,551.1577,2025-04-29 10:00:00,547.4393
2025-04-29,10:30:00,11:00:00,549.8255,1872135.0,False,False,16:00:00,551.1577,2025-04-29 10:30:00,547.4393
2025-04-29,11:00:00,11:30:00,549.0698,1605616.0,False,False,16:00:00,551.1577,2025-04-29 11:00:00,547.4393
2025-04-29,11:30:00,12:00:00,548.5826,1174641.0,False,False,16:00:00,551.1577,2025-04-29 11:30:00,547.4393
2025-04-29,12:00:00,12:30:00,549.7361,1087665.0,False,False,16:00:00,551.1577,2025-04-29 12:00:00,547.4393
2025-04-29,12:30:00,13:00:00,547.9066,1551752.0,False,False,16:00:00,551.1577,2025-04-29 12:30:00,547.4393
2025-04-29,13:00:00,13:30:00,549.4933,1476144.0,False,False,16:00:00,551.1577,2025-04-29 13:00:00,547.4393
2025-04-29,13:30:00,14:00:00,551.6351,2601438.0,False,False,16:00:00,551.1577,2025-04-29 13:30:00,547.4393
2025-04-29,14:00:00,14:30:00,551.7346,2676506.0,False,False,16:00:00,551.1577,2025-04-29 14:00:00,547.4393
2025-04-29,14:30:00,15:00:00,551.1778,1422965.0,False,False,16:00:00,551.1577,2025-04-29 14:30:00,547.4393
2025-04-29,15:00:00,15:30:00,551.5059,2214752.0,False,False,16:00:00,551.1577,2025-04-29 15:00:00,547.4393
2025-04-29,15:30:00,16:00:00,551.1579,6881307.0,False,True,16:00:00,551.1577,2025-04-29 15:30:00,547.4393
2025-04-30,09:30:00,10:00:00,538.6397,7477559.0,False,False,16:00:00,551.3764,2025-04-30 09:30:00,538.6397
2025-04-30,10:00:00,10:30:00,543.1936,4712327.0,False,False,16:00:00,551.3764,2025-04-30 10:00:00,538.6397
2025-04-30,10:30:00,11:00:00,543.7753,3438472.0,False,False,16:00:00,551.3764,2025-04-30 10:30:00,538.6397
2025-04-30,11:00:00,11:30:00,545.8732,2971774.0,False,False,16:00:00,551.3764,2025-04-30 11:00:00,538.6397
2025-04-30,11:30:00,12:00:00,546.2958,2065688.0,False,False,16:00:00,551.3764,2025-04-30 11:30:00,538.6397
2025-04-30,12:00:00,12:30:00,544.9634,2122770.0,False,False,16:00:00,551.3764,2025-04-30 12:00:00,538.6397
2025-04-30,12:30:00,13:00:00,546.4151,1541290.0,False,False,16:00:00,551.3764,2025-04-30 12:30:00,538.6397
2025-04-30,13:00:00,13:30:00,546.8129,1643001.0,False,False,16:00:00,551.3764,2025-04-30 13:00:00,538.6397
2025-04-30,13:30:00,14:00:00,547.4045,1722551.0,False,False,16:00:00,551.3764,2025-04-30 13:30:00,538.6397
2025-04-30,14:00:00,14:30:00,547.2901,4522191.0,False,False,16:00:00,551.3764,2025-04-30 14:00:00,538.6397
2025-04-30,14:30:00,15:00:00,546.4549,2473033.0,False,False,16:00:00,551.3764,2025-04-30 14:30:00,538.6397
2025-04-30,15:00:00,15:30:00,546.7198,3116465.0,False,False,16:00:00,551.3764,2025-04-30 15:00:00,538.6397
2025-04-30,15:30:00,16:00:00,551.3766,18265078.0,False,True,16:00:00,551.3764,2025-04-30 15:30:00,538.6397
2025-05-01,09:30:00,10:00:00,557.2927,5506796.0,False,False,16:00:00,555.284,2025-05-01 09:30:00,557.2927
2025-05-01,10:00:00,10:30:00,558.8538,3847534.0,False,False,16:00:00,555.284,2025-05-01 10:00:00,557.2927
2025-05-01,10:30:00,11:00:00,560.1761,2864454.0,False,False,16:00:00,555.284,2025-05-01 10:30:00,557.2927
2025-05-01,11:00:00,11:30:00,560.1562,2725337.0,False,False,16:00:00,555.284,2025-05-01 11:00:00,557.2927
2025-05-01,11:30:00,12:00:00,557.1617,2569002.0,False,False,16:00:00,555.284,2025-05-01 11:30:00,557.2927
2025-05-01,12:00:00,12:30:00,557.1137,1907594.0,False,False,16:00:00,555.284,2025-05-01 12:00:00,557.2927
2025-05-01,12:30:00,13:00:00,556.5669,1440138.0,False,False,16:00:00,555.284,2025-05-01 12:30:00,557.2927
2025-05-01,13:00:00,13:30:00,558.1478,1465791.0,False,False,16:00:00,555.284,2025-05-01 13:00:00,557.2927
2025-05-01,13:30:00,14:00:00,557.412,1151554.0,False,False,16:00:00,555.284,2025-05-01 13:30:00,557.2927
2025-05-01,14:00:00,14:30:00,558.6996,1944949.0,False,False,16:00:00,555.284,2025-05-01 14:00:00,557.2927
2025-05-01,14:30:00,15:00:00,558.5555,1894226.0,False,False,16:00:00,555.284,2025-05-01 14:30:00,557.2927
2025-05-01,15:00:00,15:30:00,558.9134,2734471.0,False,False,16:00:00,555.284,2025-05-01 15:00:00,557.2927
2025-05-01,15:30:00,16:00:00,555.2842,8744546.0,False,True,16:00:00,555.284,2025-05-01 15:30:00,557.2927
2025-05-02,09:30:00,10:00:00,560.2656,4656831.0,False,False,16:00:00,563.527,2025-05-02 09:30:00,560.2656
2025-05-02,10:00:00,10:30:00,563.0621,2679989.0,False,False,16:00:00,563.527,2025-05-02 10:00:00,560.2656
2025-05-02,10:30:00,11:00:00,562.5327,2093467.0,False,False,16:00:00,563.527,2025-05-02 10:30:00,560.2656
2025-05-02,11:00:00,11:30:00,561.5135,2077156.0,False,False,16:00:00,563.527,2025-05-02 11:00:00,560.2656
2025-05-02,11:30:00,12:00:00,563.0596,1489758.0,False,False,16:00:00,563.527,2025-05-02 11:30:00,560.2656
2025-05-02,12:00:00,12:30:00,564.0341,3669269.0,False,False,16:00:00,563.527,2025-05-02 12:00:00,560.2656
2025-05-02,12:30:00,13:00:00,564.2726,1676645.0,False,False,16:00:00,563.527,2025-05-02 12:30:00,560.2656
2025-05-02,13:00:00,13:30:00,563.5469,1505885.0,False,False,16:00:00,563.527,2025-05-02 13:00:00,560.2656
2025-05-02,13:30:00,14:00:00,564.0092,1154006.0,False,False,16:00:00,563.527,2025-05-02 13:30:00,560.2656
2025-05-02,14:00:00,14:30:00,564.4517,1519214.0,False,False,16:00:00,563.527,2025-05-02 14:00:00,560.2656
2025-05-02,14:30:00,15:00:00,563.8203,2340892.0,False,False,16:00:00,563.527,2025-05-02 14:30:00,560.2656
2025-05-02,15:00:00,15:30:00,564.392,3491119.0,False,False,16:00:00,563.527,2025-05-02 15:00:00,560.2656
2025-05-02,15:30:00,16:00:00,563.3977,9847881.0,False,True,16:00:00,563.527,2025-05-02 15:30:00,560.2656
2025-05-05,09:30:00,10:00:00,560.5838,3832940.0,False,False,16:00:00,560.2953,2025-05-05 09:30:00,560.5838
2025-05-05,10:00:00,10:30:00,560.4987,2612810.0,False,False,16:00:00,560.2953,2025-05-05 10:00:00,560.5838
2025-05-05,10:30:00,11:00:00,561.6874,2204999.0,False,False,16:00:00,560.2953,2025-05-05 10:30:00,560.5838
2025-05-05,11:00:00,11:30:00,561.598,2144597.0,False,False,16:00:00,560.2953,2025-05-05 11:00:00,560.5838
2025-05-05,11:30:00,12:00:00,561.7869,1411592.0,False,False,16:00:00,560.2953,2025-05-05 11:30:00,560.5838
2025-05-05,12:00:00,12:30:00,562.473,1361343.0,False,False,16:00:00,560.2953,2025-05-05 12:00:00,560.5838
2025-05-05,12:30:00,13:00:00,562.3537,965447.0,False,False,16:00:00,560.2953,2025-05-05 12:30:00,560.5838
2025-05-05,13:00:00,13:30:00,561.8665,1032113.0,False,False,16:00:00,560.2953,2025-05-05 13:00:00,560.5838
2025-05-05,13:30:00,14:00:00,562.4531,839931.0,False,False,16:00:00,560.2953,2025-05-05 13:30:00,560.5838
2025-05-05,14:00:00,14:30:00,562.9005,1186601.0,False,False,16:00:00,560.2953,2025-05-05 14:00:00,560.5838
2025-05-05,14:30:00,15:00:00,562.5526,1450478.0,False,False,16:00:00,560.2953,2025-05-05 14:30:00,560.5838
2025-05-05,15:00:00,15:30:00,561.4191,2738654.0,False,False,16:00:00,560.2953,2025-05-05 15:00:00,560.5838
2025-05-05,15:30:00,16:00:00,560.2955,5568142.0,False,True,16:00:00,560.2953,2025-05-05 15:30:00,560.5838
2025-05-06,09:30:00,10:00:00,554.2603,4149446.0,False,False,16:00:00,555.6121,2025-05-06 09:30:00,554.2603
2025-05-06,10:00:00,10:30:00,557.402,3043432.0,False,False,16:00:00,555.6121,2025-05-06 10:00:00,554.2603
2025-05-06,10:30:00,11:00:00,557.6506,1871773.0,False,False,16:00:00,555.6121,2025-05-06 10:30:00,554.2603
2025-05-06,11:00:00,11:30:00,558.3865,1781026.0,False,False,16:00:00,555.6121,2025-05-06 11:00:00,554.2603
2025-05-06,11:30:00,12:00:00,557.1783,1366334.0,False,False,16:00:00,555.6121,2025-05-06 11:30:00,554.2603
2025-05-06,12:00:00,12:30:00,557.2629,3710541.0,False,False,16:00:00,555.6121,2025-05-06 12:00:00,554.2603
2025-05-06,12:30:00,13:00:00,556.0648,1475060.0,False,False,16:00:00,555.6121,2025-05-06 12:30:00,554.2603
2025-05-06,13:00:00,13:30:00,556.4861,1541506.0,False,False,16:00:00,555.6121,2025-05-06 13:00:00,554.2603
2025-05-06,13:30:00,14:00:00,555.2743,1300187.0,False,False,16:00:00,555.6121,2025-05-06 13:30:00,554.2603
2025-05-06,14:00:00,14:30:00,557.2629,1942852.0,False,False,16:00:00,555.6121,2025-05-06 14:00:00,554.2603
2025-05-06,14:30:00,15:00:00,557.8099,1938262.0,False,False,16:00:00,555.6121,2025-05-06 14:30:00,554.2603
2025-05-06,15:00:00,15:30:00,557.601,1833557.0,False,False,16:00:00,555.6121,2025-05-06 15:00:00,554.2603
2025-05-06,15:30:00,16:00:00,555.6223,7690053.0,False,True,16:00:00,555.6121,2025-05-06 15:30:00,554.2603
2025-05-07,09:30:00,10:00:00,558.1379,3254686.0,False,False,16:00:00,557.9487,2025-05-07 09:30:00,558.1379
2025-05-07,10:00:00,10:30:00,558.6449,1724759.0,False,False,16:00:00,557.9487,2025-05-07 10:00:00,558.1379
2025-05-07,10:30:00,11:00:00,556.2288,1855573.0,False,False,16:00:00,557.9487,2025-05-07 10:30:00,558.1379
2025-05-07,11:00:00,11:30:00,555.9305,2136758.0,False,False,16:00:00,557.9487,2025-05-07 11:00:00,558.1379
2025-05-07,11:30:00,12:00:00,556.6862,1655631.0,False,False,16:00:00,557.9487,2025-05-07 11:30:00,558.1379
2025-05-07,12:00:00,12:30:00,556.0299,1018683.0,False,False,16:00:00,557.9487,2025-05-07 12:00:00,558.1379
2025-05-07,12:30:00,13:00:00,558.0484,954124.0,False,False,16:00:00,557.9487,2025-05-07 12:30:00,558.1379
2025-05-07,13:00:00,13:30:00,558.0683,927706.0,False,False,16:00:00,557.9487,2025-05-07 13:00:00,558.1379
2025-05-07,13:30:00,14:00:00,556.1194,1867404.0,False,False,16:00:00,557.9487,2025-05-07 13:30:00,558.1379
2025-05-07,14:00:00,14:30:00,554.7772,3956572.0,False,False,16:00:00,557.9487,2025-05-07 14:00:00,558.1379
2025-05-07,14:30:00,15:00:00,557.601,3850056.0,False,False,16:00:00,557.9487,2025-05-07 14:30:00,558.1379
2025-05-07,15:00:00,15:30:00,554.8069,2852377.0,False,False,16:00:00,557.9487,2025-05-07 15:00:00,558.1379
2025-05-07,15:30:00,16:00:00,558.0484,10227303.0,False,True,16:00:00,557.9487,2025-05-07 15:30:00,558.1379
2025-05-08,09:30:00,10:00:00,560.8523,3227527.0,False,False,16:00:00,561.8364,2025-05-08 09:30:00,560.8523
2025-05-08,10:00:00,10:30:00,561.2301,3007689.0,False,False,16:00:00,561.8364,2025-05-08 10:00:00,560.8523
2025-05-08,10:30:00,11:00:00,559.0824,3776895.0,False,False,16:00:00,561.8364,2025-05-08 10:30:00,560.8523
2025-05-08,11:00:00,11:30:00,562.9503,4001532.0,False,False,16:00:00,561.8364,2025-05-08 11:00:00,560.8523
2025-05-08,11:30:00,12:00:00,565.1277,6216752.0,False,False,16:00:00,561.8364,2025-05-08 11:30:00,560.8523
2025-05-08,12:00:00,12:30:00,565.5553,2047291.0,False,False,16:00:00,561.8364,2025-05-08 12:00:00,560.8523
2025-05-08,12:30:00,13:00:00,566.8677,1818587.0,False,False,16:00:00,561.8364,2025-05-08 12:30:00,560.8523
2025-05-08,13:00:00,13:30:00,565.963,1496724.0,False,False,16:00:00,561.8364,2025-05-08 13:00:00,560.8523
2025-05-08,13:30:00,14:00:00,564.4243,1304498.0,False,False,16:00:00,561.8364,2025-05-08 13:30:00,560.8523
2025-05-08,14:00:00,14:30:00,564.7897,1883503.0,False,False,16:00:00,561.8364,2025-05-08 14:00:00,560.8523
2025-05-08,14:30:00,15:00:00,565.0681,1566394.0,False,False,16:00:00,561.8364,2025-05-08 14:30:00,560.8523
2025-05-08,15:00:00,15:30:00,565.8536,4589468.0,False,False,16:00:00,561.8364,2025-05-08 15:00:00,560.8523
2025-05-08,15:30:00,16:00:00,561.7571,9535938.0,False,True,16:00:00,561.8364,2025-05-08 15:30:00,560.8523
2025-05-09,09:30:00,10:00:00,563.6462,2397630.0,False,False,16:00:00,561.1208,2025-05-09 09:30:00,563.6462
2025-05-09,10:00:00,10:30:00,561.2102,2107776.0,False,False,16:00:00,561.1208,2025-05-09 10:00:00,563.6462
2025-05-09,10:30:00,11:00:00,561.2947,3258816.0,False,False,16:00:00,561.1208,2025-05-09 10:30:00,563.6462
2025-05-09,11:00:00,11:30:00,561.2898,1770255.0,False,False,16:00:00,561.1208,2025-05-09 11:00:00,563.6462
2025-05-09,11:30:00,12:00:00,562.3104,1268622.0,False,False,16:00:00,561.1208,2025-05-09 11:30:00,563.6462
2025-05-09,12:00:00,12:30:00,560.6335,1256913.0,False,False,16:00:00,561.1208,2025-05-09 12:00:00,563.6462
2025-05-09,12:30:00,13:00:00,560.1562,1117633.0,False,False,16:00:00,561.1208,2025-05-09 12:30:00,563.6462
2025-05-09,13:00:00,13:30:00,560.7507,1513045.0,False,False,16:00:00,561.1208,2025-05-09 13:00:00,563.6462
2025-05-09,13:30:00,14:00:00,561.9659,1268942.0,False,False,16:00:00,561.1208,2025-05-09 13:30:00,563.6462
2025-05-09,14:00:00,14:30:00,561.0809,842110.0,False,False,16:00:00,561.1208,2025-05-09 14:00:00,563.6462
2025-05-09,14:30:00,15:00:00,561.6154,716842.0,False,False,16:00:00,561.1208,2025-05-09 14:30:00,563.6462
2025-05-09,15:00:00,15:30:00,561.767,1576496.0,False,False,16:00:00,561.1208,2025-05-09 15:00:00,563.6462
2025-05-09,15:30:00,16:00:00,561.0114,5512203.0,False,True,16:00:00,561.1208,2025-05-09 15:30:00,563.6462
2025-05-12,09:30:00,10:00:00,575.5974,7788443.0,False,False,16:00:00,579.6644,2025-05-12 09:30:00,575.5974
2025-05-12,10:00:00,10:30:00,574.8917,3968570.0,False,False,16:00:00,579.6644,2025-05-12 10:00:00,575.5974
2025-05-12,10:30:00,11:00:00,575.8164,4132002.0,False,False,16:00:00,579.6644,2025-05-12 10:30:00,575.5974
2025-05-12,11:00:00,11:30:00,575.571,3118077.0,False,False,16:00:00,579.6644,2025-05-12 11:00:00,575.5974
2025-05-12,11:30:00,12:00:00,574.8917,2484867.0,False,False,16:00:00,579.6644,2025-05-12 11:30:00,575.5974
2025-05-12,12:00:00,12:30:00,576.0054,2215874.0,False,False,16:00:00,579.6644,2025-05-12 12:00:00,575.5974
2025-05-12,12:30:00,13:00:00,577.8149,2161960.0,False,False,16:00:00,579.6644,2025-05-12 12:30:00,575.5974
2025-05-12,13:00:00,13:30:00,577.994,3341729.0,False,False,16:00:00,579.6644,2025-05-12 13:00:00,575.5974
2025-05-12,13:30:00,14:00:00,578.2574,1593404.0,False,False,16:00:00,579.6644,2025-05-12 13:30:00,575.5974
2025-05-12,14:00:00,14:30:00,578.7098,1894541.0,False,False,16:00:00,579.6644,2025-05-12 14:00:00,575.5974
2025-05-12,14:30:00,15:00:00,578.2325,2294649.0,False,False,16:00:00,579.6644,2025-05-12 14:30:00,575.5974
2025-05-12,15:00:00,15:30:00,578.1431,2547851.0,False,False,16:00:00,579.6644,2025-05-12 15:00:00,575.5974
2025-05-12,15:30:00,16:00:00,579.6644,11745018.0,False,True,16:00:00,579.6644,2025-05-12 15:30:00,575.5974
2025-05-13,09:30:00,10:00:00,581.9811,4936618.0,False,False,16:00:00,583.4922,2025-05-13 09:30:00,581.9811
2025-05-13,10:00:00,10:30:00,583.5719,5538720.0,False,False,16:00:00,583.4922,2025-05-13 10:00:00,581.9811
2025-05-13,10:30:00,11:00:00,583.6118,2772345.0,False,False,16:00:00,583.4922,2025-05-13 10:30:00,581.9811
2025-05-13,11:00:00,11:30:00,584.3873,2574855.0,False,False,16:00:00,583.4922,2025-05-13 11:00:00,581.9811
2025-05-13,11:30:00,12:00:00,584.3574,2575029.0,False,False,16:00:00,583.4922,2025-05-13 11:30:00,581.9811
2025-05-13,12:00:00,12:30:00,584.2779,1808970.0,False,False,16:00:00,583.4922,2025-05-13 12:00:00,581.9811
2025-05-13,12:30:00,13:00:00,584.6408,1748676.0,False,False,16:00:00,583.4922,2025-05-13 12:30:00,581.9811
2025-05-13,13:00:00,13:30:00,584.9936,1770251.0,False,False,16:00:00,583.4922,2025-05-13 13:00:00,581.9811
2025-05-13,13:30:00,14:00:00,584.5762,2473766.0,False,False,16:00:00,583.4922,2025-05-13 13:30:00,581.9811
2025-05-13,14:00:00,14:30:00,584.5662,2191466.0,False,False,16:00:00,583.4922,2025-05-13 14:00:00,581.9811
2025-05-13,14:30:00,15:00:00,585.2275,1981883.0,False,False,16:00:00,583.4922,2025-05-13 14:30:00,581.9811
2025-05-13,15:00:00,15:30:00,585.1529,2294715.0,False,False,16:00:00,583.4922,2025-05-13 15:00:00,581.9811
2025-05-13,15:30:00,16:00:00,583.4924,8730256.0,False,True,16:00:00,583.4922,2025-05-13 15:30:00,581.9811
2025-05-14,09:30:00,10:00:00,584.1653,5453484.0,False,False,16:00:00,584.2382,2025-05-14 09:30:00,584.1653
2025-05-14,10:00:00,10:30:00,584.1983,3417684.0,False,False,16:00:00,584.2382,2025-05-14 10:00:00,584.1653
2025-05-14,10:30:00,11:00:00,584.1983,2343556.0,False,False,16:00:00,584.2382,2025-05-14 10:30:00,584.1653
2025-05-14,11:00:00,11:30:00,584.5165,3206015.0,False,False,16:00:00,584.2382,2025-05-14 11:00:00,584.1653
2025-05-14,11:30:00,12:00:00,584.6061,2028692.0,False,False,16:00:00,584.2382,2025-05-14 11:30:00,584.1653
2025-05-14,12:00:00,12:30:00,584.5861,1399282.0,False,False,16:00:00,584.2382,2025-05-14 12:00:00,584.1653
2025-05-14,12:30:00,13:00:00,584.1188,1834110.0,False,False,16:00:00,584.2382,2025-05-14 12:30:00,584.1653
2025-05-14,13:00:00,13:30:00,583.014,3075431.0,False,False,16:00:00,584.2382,2025-05-14 13:00:00,584.1653
2025-05-14,13:30:00,14:00:00,583.9896,1946087.0,False,False,16:00:00,584.2382,2025-05-14 13:30:00,584.1653
2025-05-14,14:00:00,14:30:00,583.5023,2013826.0,False,False,16:00:00,584.2382,2025-05-14 14:00:00,584.1653
2025-05-14,14:30:00,15:00:00,584.2978,2647781.0,False,False,16:00:00,584.2382,2025-05-14 14:30:00,584.1653
2025-05-14,15:00:00,15:30:00,583.6515,2902044.0,False,False,16:00:00,584.2382,2025-05-14 15:00:00,584.1653
2025-05-14,15:30:00,16:00:00,584.2382,11112480.0,False,True,16:00:00,584.2382,2025-05-14 15:30:00,584.1653
2025-05-15,09:30:00,10:00:00,582.7765,4980888.0,False,False,16:00:00,587.0915,2025-05-15 09:30:00,582.7765
2025-05-15,10:00:00,10:30:00,582.5179,3636643.0,False,False,16:00:00,587.0915,2025-05-15 10:00:00,582.7765
2025-05-15,10:30:00,11:00:00,583.2537,2939006.0,False,False,16:00:00,587.0915,2025-05-15 10:30:00,582.7765
2025-05-15,11:00:00,11:30:00,585.0037,4287015.0,False,False,16:00:00,587.0915,2025-05-15 11:00:00,582.7765
2025-05-15,11:30:00,12:00:00,585.7196,2441785.0,False,False,16:00:00,587.0915,2025-05-15 11:30:00,582.7765
2025-05-15,12:00:00,12:30:00,585.7892,2636822.0,False,False,16:00:00,587.0915,2025-05-15 12:00:00,582.7765
2025-05-15,12:30:00,13:00:00,586.8232,2025010.0,False,False,16:00:00,587.0915,2025-05-15 12:30:00,582.7765
2025-05-15,13:00:00,13:30:00,587.3005,2450179.0,False,False,16:00:00,587.0915,2025-05-15 13:00:00,582.7765
2025-05-15,13:30:00,14:00:00,586.4753,2306081.0,False,False,16:00:00,587.0915,2025-05-15 13:30:00,582.7765
2025-05-15,14:00:00,14:30:00,586.0975,2845340.0,False,False,16:00:00,587.0915,2025-05-15 14:00:00,582.7765
2025-05-15,14:30:00,15:00:00,586.3856,2379827.0,False,False,16:00:00,587.0915,2025-05-15 14:30:00,582.7765
2025-05-15,15:00:00,15:30:00,585.5307,3509628.0,False,False,16:00:00,587.0915,2025-05-15 15:00:00,582.7765
2025-05-15,15:30:00,16:00:00,587.0917,10521917.0,False,True,16:00:00,587.0915,2025-05-15 15:30:00,582.7765
2025-05-16,09:30:00,10:00:00,587.2608,4321983.0,False,False,16:00:00,590.8102,2025-05-16 09:30:00,587.2608
2025-05-16,10:00:00,10:30:00,587.4696,3051881.0,False,False,16:00:00,590.8102,2025-05-16 10:00:00,587.2608
2025-05-16,10:30:00,11:00:00,587.1315,3266050.0,False,False,16:00:00,590.8102,2025-05-16 10:30:00,587.2608
2025-05-16,11:00:00,11:30:00,587.5391,1847700.0,False,False,16:00:00,590.8102,2025-05-16 11:00:00,587.2608
2025-05-16,11:30:00,12:00:00,587.6585,1951492.0,False,False,16:00:00,590.8102,2025-05-16 11:30:00,587.2608
2025-05-16,12:00:00,12:30:00,588.6876,2120734.0,False,False,16:00:00,590.8102,2025-05-16 12:00:00,587.2608
2025-05-16,12:30:00,13:00:00,588.8521,1992172.0,False,False,16:00:00,590.8102,2025-05-16 12:30:00,587.2608
2025-05-16,13:00:00,13:30:00,589.7465,2112888.0,False,False,16:00:00,590.8102,2025-05-16 13:00:00,587.2608
2025-05-16,13:30:00,14:00:00,589.4214,2278452.0,False,False,16:00:00,590.8102,2025-05-16 13:30:00,587.2608
2025-05-16,14:00:00,14:30:00,589.8957,1884999.0,False,False,16:00:00,590.8102,2025-05-16 14:00:00,587.2608
2025-05-16,14:30:00,15:00:00,590.2138,2534854.0,False,False,16:00:00,590.8102,2025-05-16 14:30:00,587.2608
2025-05-16,15:00:00,15:30:00,590.4027,2665861.0,False,False,16:00:00,590.8102,2025-05-16 15:00:00,587.2608
2025-05-16,15:30:00,16:00:00,590.8402,9145778.0,False,True,16:00:00,590.8102,2025-05-16 15:30:00,587.2608
2025-05-19,09:30:00,10:00:00,587.9369,6656256.0,False,False,16:00:00,591.4565,2025-05-19 09:30:00,587.9369
2025-05-19,10:00:00,10:30:00,588.8815,5247580.0,False,False,16:00:00,591.4565,2025-05-19 10:00:00,587.9369
2025-05-19,10:30:00,11:00:00,588.623,2124173.0,False,False,16:00:00,591.4565,2025-05-19 10:30:00,587.9369
2025-05-19,11:00:00,11:30:00,588.9709,1729000.0,False,False,16:00:00,591.4565,2025-05-19 11:00:00,587.9369
2025-05-19,11:30:00,12:00:00,589.7763,1968392.0,False,False,16:00:00,591.4565,2025-05-19 11:30:00,587.9369
2025-05-19,12:00:00,12:30:00,590.6313,1683072.0,False,False,16:00:00,591.4565,2025-05-19 12:00:00,587.9369
2025-05-19,12:30:00,13:00:00,591.1683,2271002.0,False,False,16:00:00,591.4565,2025-05-19 12:30:00,587.9369
2025-05-19,13:00:00,13:30:00,591.6987,3173395.0,False,False,16:00:00,591.4565,2025-05-19 13:00:00,587.9369
2025-05-19,13:30:00,14:00:00,590.9397,2168398.0,False,False,16:00:00,591.4565,2025-05-19 13:30:00,587.9369
2025-05-19,14:00:00,14:30:00,590.3729,2588799.0,False,False,16:00:00,591.4565,2025-05-19 14:00:00,587.9369
2025-05-19,14:30:00,15:00:00,591.0291,2077492.0,False,False,16:00:00,591.4565,2025-05-19 14:30:00,587.9369
2025-05-19,15:00:00,15:30:00,590.1641,2680908.0,False,False,16:00:00,591.4565,2025-05-19 15:00:00,587.9369
2025-05-19,15:30:00,16:00:00,591.4567,8309004.0,False,True,16:00:00,591.4565,2025-05-19 15:30:00,587.9369
2025-05-20,09:30:00,10:00:00,589.4383,4392223.0,False,False,16:00:00,589.4679,2025-05-20 09:30:00,589.4383
2025-05-20,10:00:00,10:30:00,589.488,2645656.0,False,False,16:00:00,589.4679,2025-05-20 10:00:00,589.4383
2025-05-20,10:30:00,11:00:00,589.483,2256132.0,False,False,16:00:00,589.4679,2025-05-20 10:30:00,589.4383
2025-05-20,11:00:00,11:30:00,590.0547,1767370.0,False,False,16:00:00,589.4679,2025-05-20 11:00:00,589.4383
2025-05-20,11:30:00,12:00:00,589.836,1694275.0,False,False,16:00:00,589.4679,2025-05-20 11:30:00,589.4383
2025-05-20,12:00:00,12:30:00,589.2891,1711497.0,False,False,16:00:00,589.4679,2025-05-20 12:00:00,589.4383
2025-05-20,12:30:00,13:00:00,590.0051,1688715.0,False,False,16:00:00,589.4679,2025-05-20 12:30:00,589.4383
2025-05-20,13:00:00,13:30:00,590.0845,1907083.0,False,False,16:00:00,589.4679,2025-05-20 13:00:00,589.4383
2025-05-20,13:30:00,14:00:00,589.5576,2159866.0,False,False,16:00:00,589.4679,2025-05-20 13:30:00,589.4383
2025-05-20,14:00:00,14:30:00,587.3701,3528704.0,False,False,16:00:00,589.4679,2025-05-20 14:00:00,589.4383
2025-05-20,14:30:00,15:00:00,587.4646,3382890.0,False,False,16:00:00,589.4679,2025-05-20 14:30:00,589.4383
2025-05-20,15:00:00,15:30:00,588.0463,5245969.0,False,False,16:00:00,589.4679,2025-05-20 15:00:00,589.4383
2025-05-20,15:30:00,16:00:00,589.4184,7892994.0,False,True,16:00:00,589.4679,2025-05-20 15:30:00,589.4383
2025-05-21,09:30:00,10:00:00,586.6244,5480356.0,False,False,16:00:00,579.5349,2025-05-21 09:30:00,586.6244
2025-05-21,10:00:00,10:30:00,586.2956,4056563.0,False,False,16:00:00,579.5349,2025-05-21 10:00:00,586.6244
2025-05-21,10:30:00,11:00:00,587.3204,2727442.0,False,False,16:00:00,579.5349,2025-05-21 10:30:00,586.6244
2025-05-21,11:00:00,11:30:00,588.4042,3441016.0,False,False,16:00:00,579.5349,2025-05-21 11:00:00,586.6244
2025-05-21,11:30:00,12:00:00,588.3744,2113481.0,False,False,16:00:00,579.5349,2025-05-21 11:30:00,586.6244
2025-05-21,12:00:00,12:30:00,588.3943,2144817.0,False,False,16:00:00,579.5349,2025-05-21 12:00:00,586.6244
2025-05-21,12:30:00,13:00:00,588.3148,2321327.0,False,False,16:00:00,579.5349,2025-05-21 12:30:00,586.6244
2025-05-21,13:00:00,13:30:00,581.1359,8258648.0,False,False,16:00:00,579.5349,2025-05-21 13:00:00,586.6244
2025-05-21,13:30:00,14:00:00,582.9654,8351501.0,False,False,16:00:00,579.5349,2025-05-21 13:30:00,586.6244
2025-05-21,14:00:00,14:30:00,581.8618,3749148.0,False,False,16:00:00,579.5349,2025-05-21 14:00:00,586.6244
2025-05-21,14:30:00,15:00:00,580.7183,3582801.0,False,False,16:00:00,579.5349,2025-05-21 14:30:00,586.6244
2025-05-21,15:00:00,15:30:00,578.9882,6031424.0,False,False,16:00:00,579.5349,2025-05-21 15:00:00,586.6244
2025-05-21,15:30:00,16:00:00,579.6544,12506785.0,False,True,16:00:00,579.5349,2025-05-21 15:30:00,586.6244
2025-05-22,09:30:00,10:00:00,581.0166,6093612.0,False,False,16:00:00,579.7635,2025-05-22 09:30:00,581.0166
2025-05-22,10:00:00,10:30:00,579.5351,3858318.0,False,False,16:00:00,579.7635,2025-05-22 10:00:00,581.0166
2025-05-22,10:30:00,11:00:00,579.7439,3675535.0,False,False,16:00:00,579.7635,2025-05-22 10:30:00,581.0166
2025-05-22,11:00:00,11:30:00,579.1866,3030081.0,False,False,16:00:00,579.7635,2025-05-22 11:00:00,581.0166
2025-05-22,11:30:00,12:00:00,580.9768,2708930.0,False,False,16:00:00,579.7635,2025-05-22 11:30:00,581.0166
2025-05-22,12:00:00,12:30:00,581.0067,2853261.0,False,False,16:00:00,579.7635,2025-05-22 12:00:00,581.0166
2025-05-22,12:30:00,13:00:00,579.7589,2113958.0,False,False,16:00:00,579.7635,2025-05-22 12:30:00,581.0166
2025-05-22,13:00:00,13:30:00,581.3248,2650968.0,False,False,16:00:00,579.7635,2025-05-22 13:00:00,581.0166
2025-05-22,13:30:00,14:00:00,582.001,2288071.0,False,False,16:00:00,579.7635,2025-05-22 13:30:00,581.0166
2025-05-22,14:00:00,14:30:00,582.17,2643131.0,False,False,16:00:00,579.7635,2025-05-22 14:00:00,581.0166
2025-05-22,14:30:00,15:00:00,582.5031,2340025.0,False,False,16:00:00,579.7635,2025-05-22 14:30:00,581.0166
2025-05-22,15:00:00,15:30:00,583.1593,3329807.0,False,False,16:00:00,579.7635,2025-05-22 15:00:00,581.0166
2025-05-22,15:30:00,16:00:00,579.7538,11357963.0,False,True,16:00:00,579.7635,2025-05-22 15:30:00,581.0166
2025-05-23,09:30:00,10:00:00,573.4699,8722413.0,False,False,16:00:00,575.8063,2025-05-23 09:30:00,573.4699
2025-05-23,10:00:00,10:30:00,574.4045,4739860.0,False,False,16:00:00,575.8063,2025-05-23 10:00:00,573.4699
2025-05-23,10:30:00,11:00:00,573.8925,2800811.0,False,False,16:00:00,575.8063,2025-05-23 10:30:00,573.4699
2025-05-23,11:00:00,11:30:00,575.1304,2554211.0,False,False,16:00:00,575.8063,2025-05-23 11:00:00,573.4699
2025-05-23,11:30:00,12:00:00,574.7327,2461738.0,False,False,16:00:00,575.8063,2025-05-23 11:30:00,573.4699
2025-05-23,12:00:00,12:30:00,575.3193,2153142.0,False,False,16:00:00,575.8063,2025-05-23 12:00:00,573.4699
2025-05-23,12:30:00,13:00:00,575.6871,1975951.0,False,False,16:00:00,575.8063,2025-05-23 12:30:00,573.4699
2025-05-23,13:00:00,13:30:00,577.7255,2455264.0,False,False,16:00:00,575.8063,2025-05-23 13:00:00,573.4699
2025-05-23,13:30:00,14:00:00,577.5267,2001201.0,False,False,16:00:00,575.8063,2025-05-23 13:30:00,573.4699
2025-05-23,14:00:00,14:30:00,577.3775,3195214.0,False,False,16:00:00,575.8063,2025-05-23 14:00:00,573.4699
2025-05-23,14:30:00,15:00:00,577.3974,1807107.0,False,False,16:00:00,575.8063,2025-05-23 14:30:00,573.4699
2025-05-23,15:00:00,15:30:00,576.4628,3088211.0,False,False,16:00:00,575.8063,2025-05-23 15:00:00,573.4699
2025-05-23,15:30:00,16:00:00,575.8164,8865369.0,False,True,16:00:00,575.8063,2025-05-23 15:30:00,573.4699
2025-05-27,09:30:00,10:00:00,582.9554,6670511.0,False,False,16:00:00,587.7776,2025-05-27 09:30:00,582.9554
2025-05-27,10:00:00,10:30:00,584.5256,4890155.0,False,False,16:00:00,587.7776,2025-05-27 10:00:00,582.9554
2025-05-27,10:30:00,11:00:00,584.7104,2884693.0,False,False,16:00:00,587.7776,2025-05-27 10:30:00,582.9554
2025-05-27,11:00:00,11:30:00,585.4412,2881293.0,False,False,16:00:00,587.7776,2025-05-27 11:00:00,582.9554
2025-05-27,11:30:00,12:00:00,585.6102,2460875.0,False,False,16:00:00,587.7776,2025-05-27 11:30:00,582.9554
2025-05-27,12:00:00,12:30:00,585.998,2650842.0,False,False,16:00:00,587.7776,2025-05-27 12:00:00,582.9554
2025-05-27,12:30:00,13:00:00,586.5829,3420658.0,False,False,16:00:00,587.7776,2025-05-27 12:30:00,582.9554
2025-05-27,13:00:00,13:30:00,586.8034,1772363.0,False,False,16:00:00,587.7776,2025-05-27 13:00:00,582.9554
2025-05-27,13:30:00,14:00:00,587.6237,2011967.0,False,False,16:00:00,587.7776,2025-05-27 13:30:00,582.9554
2025-05-27,14:00:00,14:30:00,587.3204,2550376.0,False,False,16:00:00,587.7776,2025-05-27 14:00:00,582.9554
2025-05-27,14:30:00,15:00:00,586.9725,2508350.0,False,False,16:00:00,587.7776,2025-05-27 14:30:00,582.9554
2025-05-27,15:00:00,15:30:00,586.9526,3981900.0,False,False,16:00:00,587.7776,2025-05-27 15:00:00,582.9554
2025-05-27,15:30:00,16:00:00,587.7778,11500949.0,False,True,16:00:00,587.7776,2025-05-27 15:30:00,582.9554
2025-05-28,09:30:00,10:00:00,587.39,5836764.0,False,False,16:00:00,584.3771,2025-05-28 09:30:00,587.39
2025-05-28,10:00:00,10:30:00,586.8481,3006119.0,False,False,16:00:00,584.3771,2025-05-28 10:00:00,587.39
2025-05-28,10:30:00,11:00:00,585.9831,2726017.0,False,False,16:00:00,584.3771,2025-05-28 10:30:00,587.39
2025-05-28,11:00:00,11:30:00,585.988,2421661.0,False,False,16:00:00,584.3771,2025-05-28 11:00:00,587.39
2025-05-28,11:30:00,12:00:00,585.7296,2166418.0,False,False,16:00:00,584.3771,2025-05-28 11:30:00,587.39
2025-05-28,12:00:00,12:30:00,586.4653,1784362.0,False,False,16:00:00,584.3771,2025-05-28 12:00:00,587.39
2025-05-28,12:30:00,13:00:00,586.6144,1613462.0,False,False,16:00:00,584.3771,2025-05-28 12:30:00,587.39
2025-05-28,13:00:00,13:30:00,586.8979,1864822.0,False,False,16:00:00,584.3771,2025-05-28 13:00:00,587.39
2025-05-28,13:30:00,14:00:00,586.3535,1748100.0,False,False,16:00:00,584.3771,2025-05-28 13:30:00,587.39
2025-05-28,14:00:00,14:30:00,586.7338,1869125.0,False,False,16:00:00,584.3771,2025-05-28 14:00:00,587.39
2025-05-28,14:30:00,15:00:00,586.3759,4363642.0,False,False,16:00:00,584.3771,2025-05-28 14:30:00,587.39
2025-05-28,15:00:00,15:30:00,586.0471,4541992.0,False,False,16:00:00,584.3771,2025-05-28 15:00:00,587.39
2025-05-28,15:30:00,16:00:00,584.3773,10194983.0,False,True,16:00:00,584.3771,2025-05-28 15:30:00,587.39
2025-05-29,09:30:00,10:00:00,587.8027,6192921.0,False,False,16:00:00,586.6838,2025-05-29 09:30:00,587.8027
2025-05-29,10:00:00,10:30:00,586.653,4691962.0,False,False,16:00:00,586.6838,2025-05-29 10:00:00,587.8027
2025-05-29,10:30:00,11:00:00,587.5591,2505845.0,False,False,16:00:00,586.6838,2025-05-29 10:30:00,587.8027
2025-05-29,11:00:00,11:30:00,587.3304,2297572.0,False,False,16:00:00,586.6838,2025-05-29 11:00:00,587.8027
2025-05-29,11:30:00,12:00:00,583.7708,3661581.0,False,False,16:00:00,586.6838,2025-05-29 11:30:00,587.8027
2025-05-29,12:00:00,12:30:00,585.6202,3611933.0,False,False,16:00:00,586.6838,2025-05-29 12:00:00,587.8027
2025-05-29,12:30:00,13:00:00,586.3858,1948845.0,False,False,16:00:00,586.6838,2025-05-29 12:30:00,587.8027
2025-05-29,13:00:00,13:30:00,585.9584,2014830.0,False,False,16:00:00,586.6838,2025-05-29 13:00:00,587.8027
2025-05-29,13:30:00,14:00:00,585.2324,2066677.0,False,False,16:00:00,586.6838,2025-05-29 13:30:00,587.8027
2025-05-29,14:00:00,14:30:00,584.6955,2493639.0,False,False,16:00:00,586.6838,2025-05-29 14:00:00,587.8027
2025-05-29,14:30:00,15:00:00,585.4362,2301474.0,False,False,16:00:00,586.6838,2025-05-29 14:30:00,587.8027
2025-05-29,15:00:00,15:30:00,585.5704,3661753.0,False,False,16:00:00,586.6838,2025-05-29 15:00:00,587.8027
2025-05-29,15:30:00,16:00:00,586.6841,8250133.0,False,True,16:00:00,586.6838,2025-05-29 15:30:00,587.8027
2025-05-30,09:30:00,10:00:00,584.0691,4802709.0,False,False,16:00:00,586.0276,2025-05-30 09:30:00,584.0691
2025-05-30,10:00:00,10:30:00,586.1671,3679222.0,False,False,16:00:00,586.0276,2025-05-30 10:00:00,584.0691
2025-05-30,10:30:00,11:00:00,585.3219,2324099.0,False,False,16:00:00,586.0276,2025-05-30 10:30:00,584.0691
2025-05-30,11:00:00,11:30:00,585.65,1713252.0,False,False,16:00:00,586.0276,2025-05-30 11:00:00,584.0691
2025-05-30,11:30:00,12:00:00,584.6805,2237111.0,False,False,16:00:00,586.0276,2025-05-30 11:30:00,584.0691
2025-05-30,12:00:00,12:30:00,581.7524,4529583.0,False,False,16:00:00,586.0276,2025-05-30 12:00:00,584.0691
2025-05-30,12:30:00,13:00:00,580.7183,6388237.0,False,False,16:00:00,586.0276,2025-05-30 12:30:00,584.0691
2025-05-30,13:00:00,13:30:00,582.5479,2784229.0,False,False,16:00:00,586.0276,2025-05-30 13:00:00,584.0691
2025-05-30,13:30:00,14:00:00,582.5379,2425709.0,False,False,16:00:00,586.0276,2025-05-30 13:30:00,584.0691
2025-05-30,14:00:00,14:30:00,584.9739,4640295.0,False,False,16:00:00,586.0276,2025-05-30 14:00:00,584.0691
2025-05-30,14:30:00,15:00:00,585.2822,2159148.0,False,False,16:00:00,586.0276,2025-05-30 14:30:00,584.0691
2025-05-30,15:00:00,15:30:00,587.2408,3778446.0,False,False,16:00:00,586.0276,2025-05-30 15:00:00,584.0691
2025-05-30,15:30:00,16:00:00,586.0278,17092276.0,False,True,16:00:00,586.0276,2025-05-30 15:30:00,584.0691
2025-06-02,09:30:00,10:00:00,582.9853,6197858.0,False,False,16:00:00,589.3287,2025-06-02 09:30:00,582.9853
2025-06-02,10:00:00,10:30:00,585.2324,5563245.0,False,False,16:00:00,589.3287,2025-06-02 10:00:00,582.9853
2025-06-02,10:30:00,11:00:00,585.998,3488453.0,False,False,16:00:00,589.3287,2025-06-02 10:30:00,582.9853
2025-06-02,11:00:00,11:30:00,585.1926,2707939.0,False,False,16:00:00,589.3287,2025-06-02 11:00:00,582.9853
2025-06-02,11:30:00,12:00:00,586.5051,2032184.0,False,False,16:00:00,589.3287,2025-06-02 11:30:00,582.9853
2025-06-02,12:00:00,12:30:00,586.0278,1305774.0,False,False,16:00:00,589.3287,2025-06-02 12:00:00,582.9853
2025-06-02,12:30:00,13:00:00,586.6343,1348944.0,False,False,16:00:00,589.3287,2025-06-02 12:30:00,582.9853
2025-06-02,13:00:00,13:30:00,586.4753,1348117.0,False,False,16:00:00,589.3287,2025-06-02 13:00:00,582.9853
2025-06-02,13:30:00,14:00:00,586.5498,1118213.0,False,False,16:00:00,589.3287,2025-06-02 13:30:00,582.9853
2025-06-02,14:00:00,14:30:00,588.1258,2871574.0,False,False,16:00:00,589.3287,2025-06-02 14:00:00,582.9853
2025-06-02,14:30:00,15:00:00,588.4738,2084981.0,False,False,16:00:00,589.3287,2025-06-02 14:30:00,582.9853
2025-06-02,15:00:00,15:30:00,588.9312,3406228.0,False,False,16:00:00,589.3287,2025-06-02 15:00:00,582.9853
2025-06-02,15:30:00,16:00:00,589.3289,8770867.0,False,True,16:00:00,589.3287,2025-06-02 15:30:00,582.9853
2025-06-03,09:30:00,10:00:00,589.1102,4306965.0,False,False,16:00:00,592.6894,2025-06-03 09:30:00,589.1102
2025-06-03,10:00:00,10:30:00,590.4475,3617717.0,False,False,16:00:00,592.6894,2025-06-03 10:00:00,589.1102
2025-06-03,10:30:00,11:00:00,591.0192,2858335.0,False,False,16:00:00,592.6894,2025-06-03 10:30:00,589.1102
2025-06-03,11:00:00,11:30:00,591.5661,3035082.0,False,False,16:00:00,592.6894,2025-06-03 11:00:00,589.1102
2025-06-03,11:30:00,12:00:00,592.2322,2662607.0,False,False,16:00:00,592.6894,2025-06-03 11:30:00,589.1102
2025-06-03,12:00:00,12:30:00,592.6548,2472247.0,False,False,16:00:00,592.6894,2025-06-03 12:00:00,589.1102
2025-06-03,12:30:00,13:00:00,593.1172,2190946.0,False,False,16:00:00,592.6894,2025-06-03 12:30:00,589.1102
2025-06-03,13:00:00,13:30:00,593.3409,2137085.0,False,False,16:00:00,592.6894,2025-06-03 13:00:00,589.1102
2025-06-03,13:30:00,14:00:00,592.7394,2507352.0,False,False,16:00:00,592.6894,2025-06-03 13:30:00,589.1102
2025-06-03,14:00:00,14:30:00,592.7692,4636871.0,False,False,16:00:00,592.6894,2025-06-03 14:00:00,589.1102
2025-06-03,14:30:00,15:00:00,592.958,2367078.0,False,False,16:00:00,592.6894,2025-06-03 14:30:00,589.1102
2025-06-03,15:00:00,15:30:00,592.8188,3652737.0,False,False,16:00:00,592.6894,2025-06-03 15:00:00,589.1102
2025-06-03,15:30:00,16:00:00,592.6896,8669534.0,False,True,16:00:00,592.6894,2025-06-03 15:30:00,589.1102
2025-06-04,09:30:00,10:00:00,593.3658,4854122.0,False,False,16:00:00,592.5303,2025-06-04 09:30:00,593.3658
2025-06-04,10:00:00,10:30:00,594.1711,5245199.0,False,False,16:00:00,592.5303,2025-06-04 10:00:00,593.3658
2025-06-04,10:30:00,11:00:00,594.1811,2576429.0,False,False,16:00:00,592.5303,2025-06-04 10:30:00,593.3658
2025-06-04,11:00:00,11:30:00,593.5646,2064384.0,False,False,16:00:00,592.5303,2025-06-04 11:00:00,593.3658
2025-06-04,11:30:00,12:00:00,593.4354,2379861.0,False,False,16:00:00,592.5303,2025-06-04 11:30:00,593.3658
2025-06-04,12:00:00,12:30:00,592.5106,2418365.0,False,False,16:00:00,592.5303,2025-06-04 12:00:00,593.3658
2025-06-04,12:30:00,13:00:00,593.3757,1693993.0,False,False,16:00:00,592.5303,2025-06-04 12:30:00,593.3658
2025-06-04,13:00:00,13:30:00,593.9106,1759632.0,False,False,16:00:00,592.5303,2025-06-04 13:00:00,593.3658
2025-06-04,13:30:00,14:00:00,594.1612,1666753.0,False,False,16:00:00,592.5303,2025-06-04 13:30:00,593.3658
2025-06-04,14:00:00,14:30:00,594.1711,2172265.0,False,False,16:00:00,592.5303,2025-06-04 14:00:00,593.3658
2025-06-04,14:30:00,15:00:00,593.5944,2401432.0,False,False,16:00:00,592.5303,2025-06-04 14:30:00,593.3658
2025-06-04,15:00:00,15:30:00,593.6243,2499647.0,False,False,16:00:00,592.5303,2025-06-04 15:00:00,593.3658
2025-06-04,15:30:00,16:00:00,592.5305,8395922.0,False,True,16:00:00,592.5303,2025-06-04 15:30:00,593.3658
2025-06-05,09:30:00,10:00:00,590.8601,6194629.0,False,False,16:00:00,589.6667,2025-06-05 09:30:00,590.8601
2025-06-05,10:00:00,10:30:00,592.7493,3472589.0,False,False,16:00:00,589.6667,2025-06-05 10:00:00,590.8601
2025-06-05,10:30:00,11:00:00,593.9524,7090520.0,False,False,16:00:00,589.6667,2025-06-05 10:30:00,590.8601
2025-06-05,11:00:00,11:30:00,595.2648,3746273.0,False,False,16:00:00,589.6667,2025-06-05 11:00:00,590.8601
2025-06-05,11:30:00,12:00:00,595.3643,2504540.0,False,False,16:00:00,589.6667,2025-06-05 11:30:00,590.8601
2025-06-05,12:00:00,12:30:00,594.4893,2963443.0,False,False,16:00:00,589.6667,2025-06-05 12:00:00,590.8601
2025-06-05,12:30:00,13:00:00,591.2877,4672375.0,False,False,16:00:00,589.6667,2025-06-05 12:30:00,590.8601
2025-06-05,13:00:00,13:30:00,593.0576,3108965.0,False,False,16:00:00,589.6667,2025-06-05 13:00:00,590.8601
2025-06-05,13:30:00,14:00:00,592.4212,2048832.0,False,False,16:00:00,589.6667,2025-06-05 13:30:00,590.8601
2025-06-05,14:00:00,14:30:00,591.934,4392056.0,False,False,16:00:00,589.6667,2025-06-05 14:00:00,590.8601
2025-06-05,14:30:00,15:00:00,591.8644,2766960.0,False,False,16:00:00,589.6667,2025-06-05 14:30:00,590.8601
2025-06-05,15:00:00,15:30:00,589.104,8095451.0,False,False,16:00:00,589.6667,2025-06-05 15:00:00,590.8601
2025-06-05,15:30:00,16:00:00,589.6669,12732108.0,False,True,16:00:00,589.6667,2025-06-05 15:30:00,590.8601
2025-06-06,09:30:00,10:00:00,596.9532,7795011.0,False,False,16:00:00,595.722,2025-06-06 09:30:00,596.9532
2025-06-06,10:00:00,10:30:00,595.7272,3542710.0,False,False,16:00:00,595.722,2025-06-06 10:00:00,596.9532
2025-06-06,10:30:00,11:00:00,595.8813,2383189.0,False,False,16:00:00,595.722,2025-06-06 10:30:00,596.9532
2025-06-06,11:00:00,11:30:00,595.0759,4683622.0,False,False,16:00:00,595.722,2025-06-06 11:00:00,596.9532
2025-06-06,11:30:00,12:00:00,595.3146,2382273.0,False,False,16:00:00,595.722,2025-06-06 11:30:00,596.9532
2025-06-06,12:00:00,12:30:00,595.1754,1584156.0,False,False,16:00:00,595.722,2025-06-06 12:00:00,596.9532
2025-06-06,12:30:00,13:00:00,594.2009,2725040.0,False,False,16:00:00,595.722,2025-06-06 12:30:00,596.9532
2025-06-06,13:00:00,13:30:00,594.8174,2069167.0,False,False,16:00:00,595.722,2025-06-06 13:00:00,596.9532
2025-06-06,13:30:00,14:00:00,595.5433,1496690.0,False,False,16:00:00,595.722,2025-06-06 13:30:00,596.9532
2025-06-06,14:00:00,14:30:00,596.1597,2892793.0,False,False,16:00:00,595.722,2025-06-06 14:00:00,596.9532
2025-06-06,14:30:00,15:00:00,596.2492,2888765.0,False,False,16:00:00,595.722,2025-06-06 14:30:00,596.9532
2025-06-06,15:00:00,15:30:00,595.8912,2782723.0,False,False,16:00:00,595.722,2025-06-06 15:00:00,596.9532
2025-06-06,15:30:00,16:00:00,595.7222,8878229.0,False,True,16:00:00,595.722,2025-06-06 15:30:00,596.9532
2025-06-09,09:30:00,10:00:00,595.5532,4079527.0,False,False,16:00:00,596.2589,2025-06-09 09:30:00,595.5532
2025-06-09,10:00:00,10:30:00,596.3287,3354533.0,False,False,16:00:00,596.2589,2025-06-09 10:00:00,595.5532
2025-06-09,10:30:00,11:00:00,596.11,3495707.0,False,False,16:00:00,596.2589,2025-06-09 10:30:00,595.5532
2025-06-09,11:00:00,11:30:00,595.7968,1821320.0,False,False,16:00:00,596.2589,2025-06-09 11:00:00,595.5532
2025-06-09,11:30:00,12:00:00,596.4133,1689560.0,False,False,16:00:00,596.2589,2025-06-09 11:30:00,595.5532
2025-06-09,12:00:00,12:30:00,596.3785,1609428.0,False,False,16:00:00,596.2589,2025-06-09 12:00:00,595.5532
2025-06-09,12:30:00,13:00:00,597.2584,2281594.0,False,False,16:00:00,596.2589,2025-06-09 12:30:00,595.5532
2025-06-09,13:00:00,13:30:00,597.3976,1869558.0,False,False,16:00:00,596.2589,2025-06-09 13:00:00,595.5532
2025-06-09,13:30:00,14:00:00,597.4722,1566340.0,False,False,16:00:00,596.2589,2025-06-09 13:30:00,595.5532
2025-06-09,14:00:00,14:30:00,597.5417,1511699.0,False,False,16:00:00,596.2589,2025-06-09 14:00:00,595.5532
2025-06-09,14:30:00,15:00:00,597.5616,2700371.0,False,False,16:00:00,596.2589,2025-06-09 14:30:00,595.5532
2025-06-09,15:00:00,15:30:00,597.0745,2155666.0,False,False,16:00:00,596.2589,2025-06-09 15:00:00,595.5532
2025-06-09,15:30:00,16:00:00,596.2592,8925917.0,False,True,16:00:00,596.2589,2025-06-09 15:30:00,595.5532
2025-06-10,09:30:00,10:00:00,597.1441,4047828.0,False,False,16:00:00,599.6398,2025-06-10 09:30:00,597.1441
2025-06-10,10:00:00,10:30:00,597.7606,2557485.0,False,False,16:00:00,599.6398,2025-06-10 10:00:00,597.1441
2025-06-10,10:30:00,11:00:00,597.6487,2658845.0,False,False,16:00:00,599.6398,2025-06-10 10:30:00,597.1441
2025-06-10,11:00:00,11:30:00,597.7054,2378526.0,False,False,16:00:00,599.6398,2025-06-10 11:00:00,597.1441
2025-06-10,11:30:00,12:00:00,597.8052,4724027.0,False,False,16:00:00,599.6398,2025-06-10 11:30:00,597.1441
2025-06-10,12:00:00,12:30:00,598.4566,2394714.0,False,False,16:00:00,599.6398,2025-06-10 12:00:00,597.1441
2025-06-10,12:30:00,13:00:00,598.7449,1940551.0,False,False,16:00:00,599.6398,2025-06-10 12:30:00,597.1441
2025-06-10,13:00:00,13:30:00,598.4863,2482950.0,False,False,16:00:00,599.6398,2025-06-10 13:00:00,597.1441
2025-06-10,13:30:00,14:00:00,597.85,2136922.0,False,False,16:00:00,599.6398,2025-06-10 13:30:00,597.1441
2025-06-10,14:00:00,14:30:00,597.4736,3909816.0,False,False,16:00:00,599.6398,2025-06-10 14:00:00,597.1441
2025-06-10,14:30:00,15:00:00,599.0233,3710083.0,False,False,16:00:00,599.6398,2025-06-10 14:30:00,597.1441
2025-06-10,15:00:00,15:30:00,599.2122,4323861.0,False,False,16:00:00,599.6398,2025-06-10 15:00:00,597.1441
2025-06-10,15:30:00,16:00:00,599.5602,9564715.0,False,True,16:00:00,599.6398,2025-06-10 15:30:00,597.1441
2025-06-11,09:30:00,10:00:00,600.1868,5430443.0,False,False,16:00:00,597.9296,2025-06-11 09:30:00,600.1868
2025-06-11,10:00:00,10:30:00,601.3102,2864624.0,False,False,16:00:00,597.9296,2025-06-11 10:00:00,600.1868
2025-06-11,10:30:00,11:00:00,601.2406,2290842.0,False,False,16:00:00,597.9296,2025-06-11 10:30:00,600.1868
2025-06-11,11:00:00,11:30:00,600.7534,2828840.0,False,False,16:00:00,597.9296,2025-06-11 11:00:00,600.1868
2025-06-11,11:30:00,12:00:00,600.1419,2188259.0,False,False,16:00:00,597.9296,2025-06-11 11:30:00,600.1868
2025-06-11,12:00:00,12:30:00,599.7839,3761081.0,False,False,16:00:00,597.9296,2025-06-11 12:00:00,600.1868
2025-06-11,12:30:00,13:00:00,599.963,2187265.0,False,False,16:00:00,597.9296,2025-06-11 12:30:00,600.1868
2025-06-11,13:00:00,13:30:00,600.9025,1930473.0,False,False,16:00:00,597.9296,2025-06-11 13:00:00,600.1868
2025-06-11,13:30:00,14:00:00,599.0034,2256533.0,False,False,16:00:00,597.9296,2025-06-11 13:30:00,600.1868
2025-06-11,14:00:00,14:30:00,597.1541,7218369.0,False,False,16:00:00,597.9296,2025-06-11 14:00:00,600.1868
2025-06-11,14:30:00,15:00:00,597.3131,4733976.0,False,False,16:00:00,597.9296,2025-06-11 14:30:00,600.1868
2025-06-11,15:00:00,15:30:00,596.9949,3898160.0,False,False,16:00:00,597.9296,2025-06-11 15:00:00,600.1868
2025-06-11,15:30:00,16:00:00,597.9296,8651224.0,False,True,16:00:00,597.9296,2025-06-11 15:30:00,600.1868
2025-06-12,09:30:00,10:00:00,597.3827,4561080.0,False,False,16:00:00,600.3057,2025-06-12 09:30:00,597.3827
2025-06-12,10:00:00,10:30:00,599.0829,4042483.0,False,False,16:00:00,600.3057,2025-06-12 10:00:00,597.3827
2025-06-12,10:30:00,11:00:00,599.262,3056427.0,False,False,16:00:00,600.3057,2025-06-12 10:30:00,597.3827
2025-06-12,11:00:00,11:30:00,598.9736,5064129.0,False,False,16:00:00,600.3057,2025-06-12 11:00:00,597.3827
2025-06-12,11:30:00,12:00:00,599.063,2341692.0,False,False,16:00:00,600.3057,2025-06-12 11:30:00,597.3827
2025-06-12,12:00:00,12:30:00,599.5403,3218014.0,False,False,16:00:00,600.3057,2025-06-12 12:00:00,597.3827
2025-06-12,12:30:00,13:00:00,599.0134,2818359.0,False,False,16:00:00,600.3057,2025-06-12 12:30:00,597.3827
2025-06-12,13:00:00,13:30:00,599.5303,1844989.0,False,False,16:00:00,600.3057,2025-06-12 13:00:00,597.3827
2025-06-12,13:30:00,14:00:00,599.6895,1627387.0,False,False,16:00:00,600.3057,2025-06-12 13:30:00,597.3827
2025-06-12,14:00:00,14:30:00,599.3812,2181917.0,False,False,16:00:00,600.3057,2025-06-12 14:00:00,597.3827
2025-06-12,14:30:00,15:00:00,599.8684,2718653.0,False,False,16:00:00,600.3057,2025-06-12 14:30:00,597.3827
2025-06-12,15:00:00,15:30:00,599.8187,2744548.0,False,False,16:00:00,600.3057,2025-06-12 15:00:00,597.3827
2025-06-12,15:30:00,16:00:00,600.3059,8050267.0,False,True,16:00:00,600.3057,2025-06-12 15:30:00,597.3827
2025-06-13,09:30:00,10:00:00,595.3643,6980852.0,False,False,16:00:00,593.5942,2025-06-13 09:30:00,595.3643
2025-06-13,10:00:00,10:30:00,593.4453,4440482.0,False,False,16:00:00,593.5942,2025-06-13 10:00:00,595.3643
2025-06-13,10:30:00,11:00:00,595.7869,4299825.0,False,False,16:00:00,593.5942,2025-06-13 10:30:00,595.3643
2025-06-13,11:00:00,11:30:00,597.1541,2937909.0,False,False,16:00:00,593.5942,2025-06-13 11:00:00,595.3643
2025-06-13,11:30:00,12:00:00,597.8102,3377641.0,False,False,16:00:00,593.5942,2025-06-13 11:30:00,595.3643
2025-06-13,12:00:00,12:30:00,597.4732,1997409.0,False,False,16:00:00,593.5942,2025-06-13 12:00:00,595.3643
2025-06-13,12:30:00,13:00:00,597.5616,2092409.0,False,False,16:00:00,593.5942,2025-06-13 12:30:00,595.3643
2025-06-13,13:00:00,13:30:00,596.0703,3047279.0,False,False,16:00:00,593.5942,2025-06-13 13:00:00,595.3643
2025-06-13,13:30:00,14:00:00,596.3096,2681782.0,False,False,16:00:00,593.5942,2025-06-13 13:30:00,595.3643
2025-06-13,14:00:00,14:30:00,593.7137,4970813.0,False,False,16:00:00,593.5942,2025-06-13 14:00:00,595.3643
2025-06-13,14:30:00,15:00:00,593.6641,6996476.0,False,False,16:00:00,593.5942,2025-06-13 14:30:00,595.3643
2025-06-13,15:00:00,15:30:00,592.9183,5423287.0,False,False,16:00:00,593.5942,2025-06-13 15:00:00,595.3643
2025-06-13,15:30:00,16:00:00,593.5944,13387094.0,False,True,16:00:00,593.5942,2025-06-13 15:30:00,595.3643
2025-06-16,09:30:00,10:00:00,599.764,8409931.0,False,False,16:00:00,599.2418,2025-06-16 09:30:00,599.764
2025-06-16,10:00:00,10:30:00,600.6539,4712086.0,False,False,16:00:00,599.2418,2025-06-16 10:00:00,599.764
2025-06-16,10:30:00,11:00:00,600.4749,3699318.0,False,False,16:00:00,599.2418,2025-06-16 10:30:00,599.764
2025-06-16,11:00:00,11:30:00,599.9182,3274207.0,False,False,16:00:00,599.2418,2025-06-16 11:00:00,599.764
2025-06-16,11:30:00,12:00:00,599.6994,3146693.0,False,False,16:00:00,599.2418,2025-06-16 11:30:00,599.764
2025-06-16,12:00:00,12:30:00,599.6099,1883068.0,False,False,16:00:00,599.2418,2025-06-16 12:00:00,599.764
2025-06-16,12:30:00,13:00:00,599.2719,2109876.0,False,False,16:00:00,599.2418,2025-06-16 12:30:00,599.764
2025-06-16,13:00:00,13:30:00,599.9579,2503464.0,False,False,16:00:00,599.2418,2025-06-16 13:00:00,599.764
2025-06-16,13:30:00,14:00:00,598.8741,2703042.0,False,False,16:00:00,599.2418,2025-06-16 13:30:00,599.764
2025-06-16,14:00:00,14:30:00,599.1426,2082510.0,False,False,16:00:00,599.2418,2025-06-16 14:00:00,599.764
2025-06-16,14:30:00,15:00:00,599.063,2680619.0,False,False,16:00:00,599.2418,2025-06-16 14:30:00,599.764
2025-06-16,15:00:00,15:30:00,598.6057,4322622.0,False,False,16:00:00,599.2418,2025-06-16 15:00:00,599.764
2025-06-16,15:30:00,16:00:00,599.242,10354987.0,False,True,16:00:00,599.2418,2025-06-16 15:30:00,599.764
2025-06-17,09:30:00,10:00:00,597.5616,5845857.0,False,False,16:00:00,594.1212,2025-06-17 09:30:00,597.5616
2025-06-17,10:00:00,10:30:00,597.7108,3253273.0,False,False,16:00:00,594.1212,2025-06-17 10:00:00,597.5616
2025-06-17,10:30:00,11:00:00,597.0446,2518679.0,False,False,16:00:00,594.1212,2025-06-17 10:30:00,597.5616
2025-06-17,11:00:00,11:30:00,597.0148,2559050.0,False,False,16:00:00,594.1212,2025-06-17 11:00:00,597.5616
2025-06-17,11:30:00,12:00:00,597.2932,2328490.0,False,False,16:00:00,594.1212,2025-06-17 11:30:00,597.5616
2025-06-17,12:00:00,12:30:00,597.7108,2465907.0,False,False,16:00:00,594.1212,2025-06-17 12:00:00,597.5616
2025-06-17,12:30:00,13:00:00,596.3287,3630089.0,False,False,16:00:00,594.1212,2025-06-17 12:30:00,597.5616
2025-06-17,13:00:00,13:30:00,595.3941,3598249.0,False,False,16:00:00,594.1212,2025-06-17 13:00:00,597.5616
2025-06-17,13:30:00,14:00:00,594.5191,4799790.0,False,False,16:00:00,594.1212,2025-06-17 13:30:00,597.5616
2025-06-17,14:00:00,14:30:00,593.9623,5208010.0,False,False,16:00:00,594.1212,2025-06-17 14:00:00,597.5616
2025-06-17,14:30:00,15:00:00,594.7379,4019618.0,False,False,16:00:00,594.1212,2025-06-17 14:30:00,597.5616
2025-06-17,15:00:00,15:30:00,594.8572,3936893.0,False,False,16:00:00,594.1212,2025-06-17 15:00:00,597.5616
2025-06-17,15:30:00,16:00:00,594.1215,10449311.0,False,True,16:00:00,594.1212,2025-06-17 15:30:00,597.5616
2025-06-18,09:30:00,10:00:00,595.76,4626193.0,False,False,16:00:00,594.0317,2025-06-18 09:30:00,595.76
2025-06-18,10:00:00,10:30:00,597.3151,3816165.0,False,False,16:00:00,594.0317,2025-06-18 10:00:00,595.76
2025-06-18,10:30:00,11:00:00,597.4224,2328855.0,False,False,16:00:00,594.0317,2025-06-18 10:30:00,595.76
2025-06-18,11:00:00,11:30:00,596.7166,1530084.0,False,False,16:00:00,594.0317,2025-06-18 11:00:00,595.76
2025-06-18,11:30:00,12:00:00,596.2882,1780236.0,False,False,16:00:00,594.0317,2025-06-18 11:30:00,595.76
2025-06-18,12:00:00,12:30:00,596.0355,1461240.0,False,False,16:00:00,594.0317,2025-06-18 12:00:00,595.76
2025-06-18,12:30:00,13:00:00,595.9907,1561930.0,False,False,16:00:00,594.0317,2025-06-18 12:30:00,595.76
2025-06-18,13:00:00,13:30:00,595.4091,1498178.0,False,False,16:00:00,594.0317,2025-06-18 13:00:00,595.76
2025-06-18,13:30:00,14:00:00,596.1895,2424854.0,False,False,16:00:00,594.0317,2025-06-18 13:30:00,595.76
2025-06-18,14:00:00,14:30:00,595.9211,3969891.0,False,False,16:00:00,594.0317,2025-06-18 14:00:00,595.76
2025-06-18,14:30:00,15:00:00,593.5944,5961592.0,False,False,16:00:00,594.0317,2025-06-18 14:30:00,595.76
2025-06-18,15:00:00,15:30:00,593.4354,6861751.0,False,False,16:00:00,594.0317,2025-06-18 15:00:00,595.76
2025-06-18,15:30:00,16:00:00,594.0717,8615478.0,False,True,16:00:00,594.0317,2025-06-18 15:30:00,595.76
2025-06-20,09:30:00,10:00:00,595.5987,6424512.0,False,False,16:00:00,592.6368,2025-06-20 09:30:00,595.5987
2025-06-20,10:00:00,10:30:00,594.4918,4153844.0,False,False,16:00:00,592.6368,2025-06-20 10:00:00,595.5987
2025-06-20,10:30:00,11:00:00,592.597,4259628.0,False,False,16:00:00,592.6368,2025-06-20 10:30:00,595.5987
2025-06-20,11:00:00,11:30:00,593.4695,3401329.0,False,False,16:00:00,592.6368,2025-06-20 11:00:00,595.5987
2025-06-20,11:30:00,12:00:00,593.0059,2726780.0,False,False,16:00:00,592.6368,2025-06-20 11:30:00,595.5987
2025-06-20,12:00:00,12:30:00,593.32,2162651.0,False,False,16:00:00,592.6368,2025-06-20 12:00:00,595.5987
2025-06-20,12:30:00,13:00:00,593.6342,1948783.0,False,False,16:00:00,592.6368,2025-06-20 12:30:00,595.5987
2025-06-20,13:00:00,13:30:00,591.7194,2701585.0,False,False,16:00:00,592.6368,2025-06-20 13:00:00,595.5987
2025-06-20,13:30:00,14:00:00,592.3477,2982158.0,False,False,16:00:00,592.6368,2025-06-20 13:30:00,595.5987
2025-06-20,14:00:00,14:30:00,593.2851,2433243.0,False,False,16:00:00,592.6368,2025-06-20 14:00:00,595.5987
2025-06-20,14:30:00,15:00:00,591.8491,2196913.0,False,False,16:00:00,592.6368,2025-06-20 14:30:00,595.5987
2025-06-20,15:00:00,15:30:00,591.8192,3130061.0,False,False,16:00:00,592.6368,2025-06-20 15:00:00,595.5987
2025-06-20,15:30:00,16:00:00,592.597,13225465.0,False,True,16:00:00,592.6368,2025-06-20 15:30:00,595.5987
2025-06-23,09:30:00,10:00:00,595.1,5668980.0,False,False,16:00:00,598.4906,2025-06-23 09:30:00,595.1
2025-06-23,10:00:00,10:30:00,595.9451,4662690.0,False,False,16:00:00,598.4906,2025-06-23 10:00:00,595.1
2025-06-23,10:30:00,11:00:00,594.8107,3020511.0,False,False,16:00:00,598.4906,2025-06-23 10:30:00,595.1
2025-06-23,11:00:00,11:30:00,594.7809,2544809.0,False,False,16:00:00,598.4906,2025-06-23 11:00:00,595.1
2025-06-23,11:30:00,12:00:00,594.2025,2694165.0,False,False,16:00:00,598.4906,2025-06-23 11:30:00,595.1
2025-06-23,12:00:00,12:30:00,592.597,2950607.0,False,False,16:00:00,598.4906,2025-06-23 12:00:00,595.1
2025-06-23,12:30:00,13:00:00,591.9388,9258814.0,False,False,16:00:00,598.4906,2025-06-23 12:30:00,595.1
2025-06-23,13:00:00,13:30:00,596.2269,5853934.0,False,False,16:00:00,598.4906,2025-06-23 13:00:00,595.1
2025-06-23,13:30:00,14:00:00,596.925,4797029.0,False,False,16:00:00,598.4906,2025-06-23 13:30:00,595.1
2025-06-23,14:00:00,14:30:00,596.7654,3042728.0,False,False,16:00:00,598.4906,2025-06-23 14:00:00,595.1
2025-06-23,14:30:00,15:00:00,596.8054,3226881.0,False,False,16:00:00,598.4906,2025-06-23 14:30:00,595.1
2025-06-23,15:00:00,15:30:00,597.5632,3969332.0,False,False,16:00:00,598.4906,2025-06-23 15:00:00,595.1
2025-06-23,15:30:00,16:00:00,598.4907,9600783.0,False,True,16:00:00,598.4906,2025-06-23 15:30:00,595.1
2025-06-24,09:30:00,10:00:00,602.2103,6549237.0,False,False,16:00:00,605.1022,2025-06-24 09:30:00,602.2103
2025-06-24,10:00:00,10:30:00,602.9533,4138642.0,False,False,16:00:00,605.1022,2025-06-24 10:00:00,602.2103
2025-06-24,10:30:00,11:00:00,603.3273,2960689.0,False,False,16:00:00,605.1022,2025-06-24 10:30:00,602.2103
2025-06-24,11:00:00,11:30:00,604.1051,2760460.0,False,False,16:00:00,605.1022,2025-06-24 11:00:00,602.2103
2025-06-24,11:30:00,12:00:00,604.11,2124047.0,False,False,16:00:00,605.1022,2025-06-24 11:30:00,602.2103
2025-06-24,12:00:00,12:30:00,604.8231,1900437.0,False,False,16:00:00,605.1022,2025-06-24 12:00:00,602.2103
2025-06-24,12:30:00,13:00:00,604.9627,2552416.0,False,False,16:00:00,605.1022,2025-06-24 12:30:00,602.2103
2025-06-24,13:00:00,13:30:00,604.6735,2268126.0,False,False,16:00:00,605.1022,2025-06-24 13:00:00,602.2103
2025-06-24,13:30:00,14:00:00,605.5012,1955897.0,False,False,16:00:00,605.1022,2025-06-24 13:30:00,602.2103
2025-06-24,14:00:00,14:30:00,605.3317,2228057.0,False,False,16:00:00,605.1022,2025-06-24 14:00:00,602.2103
2025-06-24,14:30:00,15:00:00,605.6359,2168464.0,False,False,16:00:00,605.1022,2025-06-24 14:30:00,602.2103
2025-06-24,15:00:00,15:30:00,605.8004,2889329.0,False,False,16:00:00,605.1022,2025-06-24 15:00:00,602.2103
2025-06-24,15:30:00,16:00:00,605.1024,10025819.0,False,True,16:00:00,605.1022,2025-06-24 15:30:00,602.2103
2025-06-25,09:30:00,10:00:00,606.5084,6888859.0,False,False,16:00:00,605.4413,2025-06-25 09:30:00,606.5084
2025-06-25,10:00:00,10:30:00,606.0497,3664841.0,False,False,16:00:00,605.4413,2025-06-25 10:00:00,606.5084
2025-06-25,10:30:00,11:00:00,606.0497,2973245.0,False,False,16:00:00,605.4413,2025-06-25 10:30:00,606.5084
2025-06-25,11:00:00,11:30:00,605.4912,3483535.0,False,False,16:00:00,605.4413,2025-06-25 11:00:00,606.5084
2025-06-25,11:30:00,12:00:00,605.212,2667022.0,False,False,16:00:00,605.4413,2025-06-25 11:30:00,606.5084
2025-06-25,12:00:00,12:30:00,605.2719,1485309.0,False,False,16:00:00,605.4413,2025-06-25 12:00:00,606.5084
2025-06-25,12:30:00,13:00:00,605.0524,1630485.0,False,False,16:00:00,605.4413,2025-06-25 12:30:00,606.5084
2025-06-25,13:00:00,13:30:00,605.3417,2342745.0,False,False,16:00:00,605.4413,2025-06-25 13:00:00,606.5084
2025-06-25,13:30:00,14:00:00,604.5638,3171290.0,False,False,16:00:00,605.4413,2025-06-25 13:30:00,606.5084
2025-06-25,14:00:00,14:30:00,604.7311,1688123.0,False,False,16:00:00,605.4413,2025-06-25 14:00:00,606.5084
2025-06-25,14:30:00,15:00:00,604.7333,1608489.0,False,False,16:00:00,605.4413,2025-06-25 14:30:00,606.5084
2025-06-25,15:00:00,15:30:00,605.3167,2617258.0,False,False,16:00:00,605.4413,2025-06-25 15:00:00,606.5084
2025-06-25,15:30:00,16:00:00,605.4115,8472911.0,False,True,16:00:00,605.4413,2025-06-25 15:30:00,606.5084
2025-06-26,09:30:00,10:00:00,607.5355,5129314.0,False,False,16:00:00,610.1782,2025-06-26 09:30:00,607.5355
2025-06-26,10:00:00,10:30:00,608.2635,3268300.0,False,False,16:00:00,610.1782,2025-06-26 10:00:00,607.5355
2025-06-26,10:30:00,11:00:00,608.7123,3397455.0,False,False,16:00:00,610.1782,2025-06-26 10:30:00,607.5355
2025-06-26,11:00:00,11:30:00,608.3633,2472810.0,False,False,16:00:00,610.1782,2025-06-26 11:00:00,607.5355
2025-06-26,11:30:00,12:00:00,608.842,2054241.0,False,False,16:00:00,610.1782,2025-06-26 11:30:00,607.5355
2025-06-26,12:00:00,12:30:00,609.201,1993815.0,False,False,16:00:00,610.1782,2025-06-26 12:00:00,607.5355
2025-06-26,12:30:00,13:00:00,609.1511,1331678.0,False,False,16:00:00,610.1782,2025-06-26 12:30:00,607.5355
2025-06-26,13:00:00,13:30:00,609.54,1493135.0,False,False,16:00:00,610.1782,2025-06-26 13:00:00,607.5355
2025-06-26,13:30:00,14:00:00,609.5999,1863848.0,False,False,16:00:00,610.1782,2025-06-26 13:30:00,607.5355
2025-06-26,14:00:00,14:30:00,610.0536,3060675.0,False,False,16:00:00,610.1782,2025-06-26 14:00:00,607.5355
2025-06-26,14:30:00,15:00:00,609.7613,2874949.0,False,False,16:00:00,610.1782,2025-06-26 14:30:00,607.5355
2025-06-26,15:00:00,15:30:00,609.904,3091773.0,False,False,16:00:00,610.1782,2025-06-26 15:00:00,607.5355
2025-06-26,15:30:00,16:00:00,610.2381,11605446.0,False,True,16:00:00,610.1782,2025-06-26 15:30:00,607.5355
2025-06-27,09:30:00,10:00:00,612.7512,4893241.0,False,False,16:00:00,613.2098,2025-06-27 09:30:00,612.7512
2025-06-27,10:00:00,10:30:00,613.1999,4361585.0,False,False,16:00:00,613.2098,2025-06-27 10:00:00,612.7512
2025-06-27,10:30:00,11:00:00,613.1151,2817361.0,False,False,16:00:00,613.2098,2025-06-27 10:30:00,612.7512
2025-06-27,11:00:00,11:30:00,613.6486,1934196.0,False,False,16:00:00,613.2098,2025-06-27 11:00:00,612.7512
2025-06-27,11:30:00,12:00:00,614.1971,2450085.0,False,False,16:00:00,613.2098,2025-06-27 11:30:00,612.7512
2025-06-27,12:00:00,12:30:00,614.596,2064818.0,False,False,16:00:00,613.2098,2025-06-27 12:00:00,612.7512
2025-06-27,12:30:00,13:00:00,614.242,2115174.0,False,False,16:00:00,613.2098,2025-06-27 12:30:00,612.7512
2025-06-27,13:00:00,13:30:00,613.6885,1485754.0,False,False,16:00:00,613.2098,2025-06-27 13:00:00,612.7512
2025-06-27,13:30:00,14:00:00,612.422,5161447.0,False,False,16:00:00,613.2098,2025-06-27 13:30:00,612.7512
2025-06-27,14:00:00,14:30:00,610.6968,4076477.0,False,False,16:00:00,613.2098,2025-06-27 14:00:00,612.7512
2025-06-27,14:30:00,15:00:00,609.3705,7518202.0,False,False,16:00:00,613.2098,2025-06-27 14:30:00,612.7512
2025-06-27,15:00:00,15:30:00,610.7367,5443010.0,False,False,16:00:00,613.2098,2025-06-27 15:00:00,612.7512
2025-06-27,15:30:00,16:00:00,612.9905,14339161.0,False,True,16:00:00,613.2098,2025-06-27 15:30:00,612.7512
2025-06-30,09:30:00,10:00:00,614.6858,5638109.0,False,False,16:00:00,616.1417,2025-06-30 09:30:00,614.6858
2025-06-30,10:00:00,10:30:00,615.0248,3800110.0,False,False,16:00:00,616.1417,2025-06-30 10:00:00,614.6858
2025-06-30,10:30:00,11:00:00,614.3517,2492200.0,False,False,16:00:00,616.1417,2025-06-30 10:30:00,614.6858
2025-06-30,11:00:00,11:30:00,614.5162,3076332.0,False,False,16:00:00,616.1417,2025-06-30 11:00:00,614.6858
2025-06-30,11:30:00,12:00:00,614.7755,2173244.0,False,False,16:00:00,616.1417,2025-06-30 11:30:00,614.6858
2025-06-30,12:00:00,12:30:00,614.5162,1578901.0,False,False,16:00:00,616.1417,2025-06-30 12:00:00,614.6858
2025-06-30,12:30:00,13:00:00,614.955,2032740.0,False,False,16:00:00,616.1417,2025-06-30 12:30:00,614.6858
2025-06-30,13:00:00,13:30:00,614.8104,1690572.0,False,False,16:00:00,616.1417,2025-06-30 13:00:00,614.6858
2025-06-30,13:30:00,14:00:00,614.1273,3258255.0,False,False,16:00:00,616.1417,2025-06-30 13:30:00,614.6858
2025-06-30,14:00:00,14:30:00,614.3367,3382937.0,False,False,16:00:00,616.1417,2025-06-30 14:00:00,614.6858
2025-06-30,14:30:00,15:00:00,615.2143,4025631.0,False,False,16:00:00,616.1417,2025-06-30 14:30:00,614.6858
2025-06-30,15:00:00,15:30:00,616.1866,6776315.0,False,False,16:00:00,616.1417,2025-06-30 15:00:00,614.6858
2025-06-30,15:30:00,16:00:00,616.2415,19797674.0,False,True,16:00:00,616.1417,2025-06-30 15:30:00,614.6858
2025-07-01,09:30:00,10:00:00,615.4553,4658837.0,False,False,16:00:00,615.9422,2025-07-01 09:30:00,615.4553
2025-07-01,10:00:00,10:30:00,615.324,4044077.0,False,False,16:00:00,615.9422,2025-07-01 10:00:00,615.4553
2025-07-01,10:30:00,11:00:00,614.7456,4015807.0,False,False,16:00:00,615.9422,2025-07-01 10:30:00,615.4553
2025-07-01,11:00:00,11:30:00,615.5831,4807050.0,False,False,16:00:00,615.9422,2025-07-01 11:00:00,615.4553
2025-07-01,11:30:00,12:00:00,615.2741,2612708.0,False,False,16:00:00,615.9422,2025-07-01 11:30:00,615.4553
2025-07-01,12:00:00,12:30:00,615.5932,3238301.0,False,False,16:00:00,615.9422,2025-07-01 12:00:00,615.4553
2025-07-01,12:30:00,13:00:00,615.4138,2277235.0,False,False,16:00:00,615.9422,2025-07-01 12:30:00,615.4553
2025-07-01,13:00:00,13:30:00,616.3611,2360891.0,False,False,16:00:00,615.9422,2025-07-01 13:00:00,615.4553
2025-07-01,13:30:00,14:00:00,616.9096,2148696.0,False,False,16:00:00,615.9422,2025-07-01 13:30:00,615.4553
2025-07-01,14:00:00,14:30:00,616.2813,2763984.0,False,False,16:00:00,615.9422,2025-07-01 14:00:00,615.4553
2025-07-01,14:30:00,15:00:00,615.9822,2180419.0,False,False,16:00:00,615.9422,2025-07-01 14:30:00,615.4553
2025-07-01,15:00:00,15:30:00,616.6553,5424285.0,False,False,16:00:00,615.9422,2025-07-01 15:00:00,615.4553
2025-07-01,15:30:00,16:00:00,615.9423,9320322.0,False,True,16:00:00,615.9422,2025-07-01 15:30:00,615.4553
2025-07-02,09:30:00,10:00:00,615.5932,4277776.0,False,False,16:00:00,618.7344,2025-07-02 09:30:00,615.5932
2025-07-02,10:00:00,10:30:00,616.9395,4217745.0,False,False,16:00:00,618.7344,2025-07-02 10:00:00,615.5932
2025-07-02,10:30:00,11:00:00,617.1091,4287954.0,False,False,16:00:00,618.7344,2025-07-02 10:30:00,615.5932
2025-07-02,11:00:00,11:30:00,617.0493,2605548.0,False,False,16:00:00,618.7344,2025-07-02 11:00:00,615.5932
2025-07-02,11:30:00,12:00:00,617.5528,2521881.0,False,False,16:00:00,618.7344,2025-07-02 11:30:00,615.5932
2025-07-02,12:00:00,12:30:00,617.4282,1978457.0,False,False,16:00:00,618.7344,2025-07-02 12:00:00,615.5932
2025-07-02,12:30:00,13:00:00,617.8354,2065785.0,False,False,16:00:00,618.7344,2025-07-02 12:30:00,615.5932
2025-07-02,13:00:00,13:30:00,617.7523,1836882.0,False,False,16:00:00,618.7344,2025-07-02 13:00:00,615.5932
2025-07-02,13:30:00,14:00:00,617.7373,1717617.0,False,False,16:00:00,618.7344,2025-07-02 13:30:00,615.5932
2025-07-02,14:00:00,14:30:00,617.877,2249588.0,False,False,16:00:00,618.7344,2025-07-02 14:00:00,615.5932
2025-07-02,14:30:00,15:00:00,618.134,2427868.0,False,False,16:00:00,618.7344,2025-07-02 14:30:00,615.5932
2025-07-02,15:00:00,15:30:00,618.0165,2996437.0,False,False,16:00:00,618.7344,2025-07-02 15:00:00,615.5932
2025-07-02,15:30:00,16:00:00,618.7346,8509136.0,False,True,16:00:00,618.7344,2025-07-02 15:30:00,615.5932
2025-07-03,09:30:00,10:00:00,622.514,6512549.0,True,False,13:00:00,623.611,2025-07-03 09:30:00,622.514
2025-07-03,10:00:00,10:30:00,623.262,4168965.0,True,False,13:00:00,623.611,2025-07-03 10:00:00,622.514
2025-07-03,10:30:00,11:00:00,623.5711,2914576.0,True,False,13:00:00,623.611,2025-07-03 10:30:00,622.514
2025-07-03,11:00:00,11:30:00,623.6609,2982223.0,True,False,13:00:00,623.611,2025-07-03 11:00:00,622.514
2025-07-03,11:30:00,12:00:00,624.1645,3146120.0,True,False,13:00:00,623.611,2025-07-03 11:30:00,622.514
2025-07-03,12:00:00,12:30:00,624.0049,3426249.0,True,False,13:00:00,623.611,2025-07-03 12:00:00,622.514
2025-07-03,12:30:00,13:00:00,623.611,8923745.0,True,True,13:00:00,623.611,2025-07-03 12:30:00,622.514
2025-07-07,09:30:00,10:00:00,621.8758,3931208.0,False,False,16:00:00,618.9638,2025-07-07 09:30:00,621.8758
2025-07-07,10:00:00,10:30:00,621.3173,2464612.0,False,False,16:00:00,618.9638,2025-07-07 10:00:00,621.8758
2025-07-07,10:30:00,11:00:00,620.3799,2935008.0,False,False,16:00:00,618.9638,2025-07-07 10:30:00,621.8758
2025-07-07,11:00:00,11:30:00,620.3201,2406522.0,False,False,16:00:00,618.9638,2025-07-07 11:00:00,621.8758
2025-07-07,11:30:00,12:00:00,620.0309,2261258.0,False,False,16:00:00,618.9638,2025-07-07 11:30:00,621.8758
2025-07-07,12:00:00,12:30:00,618.8642,7092271.0,False,False,16:00:00,618.9638,2025-07-07 12:00:00,621.8758
2025-07-07,12:30:00,13:00:00,618.0813,3688948.0,False,False,16:00:00,618.9638,2025-07-07 12:30:00,621.8758
2025-07-07,13:00:00,13:30:00,618.4503,2341981.0,False,False,16:00:00,618.9638,2025-07-07 13:00:00,621.8758
2025-07-07,13:30:00,14:00:00,618.3157,3875088.0,False,False,16:00:00,618.9638,2025-07-07 13:30:00,621.8758
2025-07-07,14:00:00,14:30:00,616.2614,4219440.0,False,False,16:00:00,618.9638,2025-07-07 14:00:00,621.8758
2025-07-07,14:30:00,15:00:00,618.4402,3350164.0,False,False,16:00:00,618.9638,2025-07-07 14:30:00,621.8758
2025-07-07,15:00:00,15:30:00,617.7473,3474387.0,False,False,16:00:00,618.9638,2025-07-07 15:00:00,621.8758
2025-07-07,15:30:00,16:00:00,618.9639,11392345.0,False,True,16:00:00,618.9638,2025-07-07 15:30:00,621.8758
2025-07-08,09:30:00,10:00:00,618.9439,3906956.0,False,False,16:00:00,618.6248,2025-07-08 09:30:00,618.9439
2025-07-08,10:00:00,10:30:00,618.3057,3106979.0,False,False,16:00:00,618.6248,2025-07-08 10:00:00,618.9439
2025-07-08,10:30:00,11:00:00,618.733,4557668.0,False,False,16:00:00,618.6248,2025-07-08 10:30:00,618.9439
2025-07-08,11:00:00,11:30:00,618.2858,2721378.0,False,False,16:00:00,618.6248,2025-07-08 11:00:00,618.9439
2025-07-08,11:30:00,12:00:00,619.3728,2028743.0,False,False,16:00:00,618.6248,2025-07-08 11:30:00,618.9439
2025-07-08,12:00:00,12:30:00,620.1805,2907866.0,False,False,16:00:00,618.6248,2025-07-08 12:00:00,618.9439
2025-07-08,12:30:00,13:00:00,619.0836,3690230.0,False,False,16:00:00,618.6248,2025-07-08 12:30:00,618.9439
2025-07-08,13:00:00,13:30:00,619.1334,2448164.0,False,False,16:00:00,618.6248,2025-07-08 13:00:00,618.9439
2025-07-08,13:30:00,14:00:00,619.4026,1870754.0,False,False,16:00:00,618.6248,2025-07-08 13:30:00,618.9439
2025-07-08,14:00:00,14:30:00,618.9539,2005566.0,False,False,16:00:00,618.6248,2025-07-08 14:00:00,618.9439
2025-07-08,14:30:00,15:00:00,618.7545,2032011.0,False,False,16:00:00,618.6248,2025-07-08 14:30:00,618.9439
2025-07-08,15:00:00,15:30:00,618.7698,2722889.0,False,False,16:00:00,618.6248,2025-07-08 15:00:00,618.9439
2025-07-08,15:30:00,16:00:00,618.6149,8817281.0,False,True,16:00:00,618.6248,2025-07-08 15:30:00,618.9439
2025-07-09,09:30:00,10:00:00,622.514,5494149.0,False,False,16:00:00,622.3345,2025-07-09 09:30:00,622.514
2025-07-09,10:00:00,10:30:00,621.6116,3302068.0,False,False,16:00:00,622.3345,2025-07-09 10:00:00,622.514
2025-07-09,10:30:00,11:00:00,619.6221,6150981.0,False,False,16:00:00,622.3345,2025-07-09 10:30:00,622.514
2025-07-09,11:00:00,11:30:00,620.4099,3791184.0,False,False,16:00:00,622.3345,2025-07-09 11:00:00,622.514
2025-07-09,11:30:00,12:00:00,620.2104,2934503.0,False,False,16:00:00,622.3345,2025-07-09 11:30:00,622.514
2025-07-09,12:00:00,12:30:00,620.1008,2141828.0,False,False,16:00:00,622.3345,2025-07-09 12:00:00,622.514
2025-07-09,12:30:00,13:00:00,620.3002,1538188.0,False,False,16:00:00,622.3345,2025-07-09 12:30:00,622.514
2025-07-09,13:00:00,13:30:00,620.5994,2189369.0,False,False,16:00:00,622.3345,2025-07-09 13:00:00,622.514
2025-07-09,13:30:00,14:00:00,620.709,2398111.0,False,False,16:00:00,622.3345,2025-07-09 13:30:00,622.514
2025-07-09,14:00:00,14:30:00,621.1478,3013570.0,False,False,16:00:00,622.3345,2025-07-09 14:00:00,622.514
2025-07-09,14:30:00,15:00:00,621.6863,2375741.0,False,False,16:00:00,622.3345,2025-07-09 14:30:00,622.514
2025-07-09,15:00:00,15:30:00,621.8658,3720645.0,False,False,16:00:00,622.3345,2025-07-09 15:00:00,622.514
2025-07-09,15:30:00,16:00:00,622.3345,8608344.0,False,True,16:00:00,622.3345,2025-07-09 15:30:00,622.514
2025-07-10,09:30:00,10:00:00,621.6365,4618062.0,False,False,16:00:00,624.0896,2025-07-10 09:30:00,621.6365
2025-07-10,10:00:00,10:30:00,622.0254,4180099.0,False,False,16:00:00,624.0896,2025-07-10 10:00:00,621.6365
2025-07-10,10:30:00,11:00:00,623.1373,3239324.0,False,False,16:00:00,624.0896,2025-07-10 10:30:00,621.6365
2025-07-10,11:00:00,11:30:00,623.7806,2766155.0,False,False,16:00:00,624.0896,2025-07-10 11:00:00,621.6365
2025-07-10,11:30:00,12:00:00,623.96,1691523.0,False,False,16:00:00,624.0896,2025-07-10 11:30:00,621.6365
2025-07-10,12:00:00,12:30:00,623.8404,2255563.0,False,False,16:00:00,624.0896,2025-07-10 12:00:00,621.6365
2025-07-10,12:30:00,13:00:00,623.8005,1561545.0,False,False,16:00:00,624.0896,2025-07-10 12:30:00,621.6365
2025-07-10,13:00:00,13:30:00,624.3589,1888962.0,False,False,16:00:00,624.0896,2025-07-10 13:00:00,621.6365
2025-07-10,13:30:00,14:00:00,624.8528,2640153.0,False,False,16:00:00,624.0896,2025-07-10 13:30:00,621.6365
2025-07-10,14:00:00,14:30:00,624.8775,2183255.0,False,False,16:00:00,624.0896,2025-07-10 14:00:00,621.6365
2025-07-10,14:30:00,15:00:00,624.5185,2431375.0,False,False,16:00:00,624.0896,2025-07-10 14:30:00,621.6365
2025-07-10,15:00:00,15:30:00,624.4885,2682709.0,False,False,16:00:00,624.0896,2025-07-10 15:00:00,621.6365
2025-07-10,15:30:00,16:00:00,624.0897,8935504.0,False,True,16:00:00,624.0896,2025-07-10 15:30:00,621.6365
2025-07-11,09:30:00,10:00:00,621.467,5392624.0,False,False,16:00:00,621.8957,2025-07-11 09:30:00,621.467
2025-07-11,10:00:00,10:30:00,622.2947,2866941.0,False,False,16:00:00,621.8957,2025-07-11 10:00:00,621.467
2025-07-11,10:30:00,11:00:00,622.1251,2625178.0,False,False,16:00:00,621.8957,2025-07-11 10:30:00,621.467
2025-07-11,11:00:00,11:30:00,621.6265,3206846.0,False,False,16:00:00,621.8957,2025-07-11 11:00:00,621.467
2025-07-11,11:30:00,12:00:00,622.0453,3122467.0,False,False,16:00:00,621.8957,2025-07-11 11:30:00,621.467
2025-07-11,12:00:00,12:30:00,622.2097,2302642.0,False,False,16:00:00,621.8957,2025-07-11 12:00:00,621.467
2025-07-11,12:30:00,13:00:00,622.6237,1863216.0,False,False,16:00:00,621.8957,2025-07-11 12:30:00,621.467
2025-07-11,13:00:00,13:30:00,622.7035,2011768.0,False,False,16:00:00,621.8957,2025-07-11 13:00:00,621.467
2025-07-11,13:30:00,14:00:00,622.7335,2430320.0,False,False,16:00:00,621.8957,2025-07-11 13:30:00,621.467
2025-07-11,14:00:00,14:30:00,622.534,2332914.0,False,False,16:00:00,621.8957,2025-07-11 14:00:00,621.467
2025-07-11,14:30:00,15:00:00,622.6038,2706579.0,False,False,16:00:00,621.8957,2025-07-11 14:30:00,621.467
2025-07-11,15:00:00,15:30:00,622.6736,5219034.0,False,False,16:00:00,621.8957,2025-07-11 15:00:00,621.467
2025-07-11,15:30:00,16:00:00,621.8958,8509565.0,False,True,16:00:00,621.8957,2025-07-11 15:30:00,621.467
2025-07-14,09:30:00,10:00:00,620.9883,5452518.0,False,False,16:00:00,623.0824,2025-07-14 09:30:00,620.9883
2025-07-14,10:00:00,10:30:00,620.9484,3496158.0,False,False,16:00:00,623.0824,2025-07-14 10:00:00,620.9883
2025-07-14,10:30:00,11:00:00,621.7063,2994127.0,False,False,16:00:00,623.0824,2025-07-14 10:30:00,620.9883
2025-07-14,11:00:00,11:30:00,622.4243,2901142.0,False,False,16:00:00,623.0824,2025-07-14 11:00:00,620.9883
2025-07-14,11:30:00,12:00:00,622.2149,2406534.0,False,False,16:00:00,623.0824,2025-07-14 11:30:00,620.9883
2025-07-14,12:00:00,12:30:00,622.155,1467462.0,False,False,16:00:00,623.0824,2025-07-14 12:00:00,620.9883
2025-07-14,12:30:00,13:00:00,622.5639,1861417.0,False,False,16:00:00,623.0824,2025-07-14 12:30:00,620.9883
2025-07-14,13:00:00,13:30:00,623.0027,2053266.0,False,False,16:00:00,623.0824,2025-07-14 13:00:00,620.9883
2025-07-14,13:30:00,14:00:00,622.9429,1749082.0,False,False,16:00:00,623.0824,2025-07-14 13:30:00,620.9883
2025-07-14,14:00:00,14:30:00,623.2021,1540979.0,False,False,16:00:00,623.0824,2025-07-14 14:00:00,620.9883
2025-07-14,14:30:00,15:00:00,623.2321,1596964.0,False,False,16:00:00,623.0824,2025-07-14 14:30:00,620.9883
2025-07-14,15:00:00,15:30:00,622.9628,2670536.0,False,False,16:00:00,623.0824,2025-07-14 15:00:00,620.9883
2025-07-14,15:30:00,16:00:00,623.0426,7010944.0,False,True,16:00:00,623.0824,2025-07-14 15:30:00,620.9883
2025-07-15,09:30:00,10:00:00,623.97,5909934.0,False,False,16:00:00,620.4198,2025-07-15 09:30:00,623.97
2025-07-15,10:00:00,10:30:00,623.6709,3640929.0,False,False,16:00:00,620.4198,2025-07-15 10:00:00,623.97
2025-07-15,10:30:00,11:00:00,622.2647,5031483.0,False,False,16:00:00,620.4198,2025-07-15 10:30:00,623.97
2025-07-15,11:00:00,11:30:00,623.3916,3984586.0,False,False,16:00:00,620.4198,2025-07-15 11:00:00,623.97
2025-07-15,11:30:00,12:00:00,623.1323,2743339.0,False,False,16:00:00,620.4198,2025-07-15 11:30:00,623.97
2025-07-15,12:00:00,12:30:00,622.534,2765867.0,False,False,16:00:00,620.4198,2025-07-15 12:00:00,623.97
2025-07-15,12:30:00,13:00:00,621.447,3308130.0,False,False,16:00:00,620.4198,2025-07-15 12:30:00,623.97
2025-07-15,13:00:00,13:30:00,622.1251,3266457.0,False,False,16:00:00,620.4198,2025-07-15 13:00:00,623.97
2025-07-15,13:30:00,14:00:00,622.873,2416017.0,False,False,16:00:00,620.4198,2025-07-15 13:30:00,623.97
2025-07-15,14:00:00,14:30:00,622.883,2372297.0,False,False,16:00:00,620.4198,2025-07-15 14:00:00,623.97
2025-07-15,14:30:00,15:00:00,621.3074,3910683.0,False,False,16:00:00,620.4198,2025-07-15 14:30:00,623.97
2025-07-15,15:00:00,15:30:00,621.6166,4228741.0,False,False,16:00:00,620.4198,2025-07-15 15:00:00,623.97
2025-07-15,15:30:00,16:00:00,620.4199,9367385.0,False,True,16:00:00,620.4198,2025-07-15 15:30:00,623.97
2025-07-16,09:30:00,10:00:00,620.3301,5109190.0,False,False,16:00:00,622.494,2025-07-16 09:30:00,620.3301
2025-07-16,10:00:00,10:30:00,620.7698,3180866.0,False,False,16:00:00,622.494,2025-07-16 10:00:00,620.3301
2025-07-16,10:30:00,11:00:00,620.5096,6447225.0,False,False,16:00:00,622.494,2025-07-16 10:30:00,620.3301
2025-07-16,11:00:00,11:30:00,619.6918,12867068.0,False,False,16:00:00,622.494,2025-07-16 11:00:00,620.3301
2025-07-16,11:30:00,12:00:00,620.2204,14748487.0,False,False,16:00:00,622.494,2025-07-16 11:30:00,620.3301
2025-07-16,12:00:00,12:30:00,619.9312,4276971.0,False,False,16:00:00,622.494,2025-07-16 12:00:00,620.3301
2025-07-16,12:30:00,13:00:00,621.3772,2912321.0,False,False,16:00:00,622.494,2025-07-16 12:30:00,620.3301
2025-07-16,13:00:00,13:30:00,621.3573,2474448.0,False,False,16:00:00,622.494,2025-07-16 13:00:00,620.3301
2025-07-16,13:30:00,14:00:00,621.3871,1521460.0,False,False,16:00:00,622.494,2025-07-16 13:30:00,620.3301
2025-07-16,14:00:00,14:30:00,621.6564,2001191.0,False,False,16:00:00,622.494,2025-07-16 14:00:00,620.3301
2025-07-16,14:30:00,15:00:00,622.6038,2377166.0,False,False,16:00:00,622.494,2025-07-16 14:30:00,620.3301
2025-07-16,15:00:00,15:30:00,622.4044,2505362.0,False,False,16:00:00,622.494,2025-07-16 15:00:00,620.3301
2025-07-16,15:30:00,16:00:00,622.4742,7238262.0,False,True,16:00:00,622.494,2025-07-16 15:30:00,620.3301
2025-07-17,09:30:00,10:00:00,624.1395,4956137.0,False,False,16:00:00,626.3035,2025-07-17 09:30:00,624.1395
2025-07-17,10:00:00,10:30:00,623.7394,3320526.0,False,False,16:00:00,626.3035,2025-07-17 10:00:00,624.1395
2025-07-17,10:30:00,11:00:00,624.0997,2701052.0,False,False,16:00:00,626.3035,2025-07-17 10:30:00,624.1395
2025-07-17,11:00:00,11:30:00,624.9273,3330502.0,False,False,16:00:00,626.3035,2025-07-17 11:00:00,624.1395
2025-07-17,11:30:00,12:00:00,625.4808,2642942.0,False,False,16:00:00,626.3035,2025-07-17 11:30:00,624.1395
2025-07-17,12:00:00,12:30:00,625.1069,2612682.0,False,False,16:00:00,626.3035,2025-07-17 12:00:00,624.1395
2025-07-17,12:30:00,13:00:00,625.0868,1705708.0,False,False,16:00:00,626.3035,2025-07-17 12:30:00,624.1395
2025-07-17,13:00:00,13:30:00,625.2864,2153807.0,False,False,16:00:00,626.3035,2025-07-17 13:00:00,624.1395
2025-07-17,13:30:00,14:00:00,625.696,1574085.0,False,False,16:00:00,626.3035,2025-07-17 13:30:00,624.1395
2025-07-17,14:00:00,14:30:00,626.1041,2558319.0,False,False,16:00:00,626.3035,2025-07-17 14:00:00,624.1395
2025-07-17,14:30:00,15:00:00,626.2437,2314848.0,False,False,16:00:00,626.3035,2025-07-17 14:30:00,624.1395
2025-07-17,15:00:00,15:30:00,626.2337,3286603.0,False,False,16:00:00,626.3035,2025-07-17 15:00:00,624.1395
2025-07-17,15:30:00,16:00:00,626.3035,12708872.0,False,True,16:00:00,626.3035,2025-07-17 15:30:00,624.1395
2025-07-18,09:30:00,10:00:00,627.5002,4677932.0,False,False,16:00:00,625.8447,2025-07-18 09:30:00,627.5002
2025-07-18,10:00:00,10:30:00,625.6453,4161437.0,False,False,16:00:00,625.8447,2025-07-18 10:00:00,627.5002
2025-07-18,10:30:00,11:00:00,625.4359,2388022.0,False,False,16:00:00,625.8447,2025-07-18 10:30:00,627.5002
2025-07-18,11:00:00,11:30:00,625.8947,2221227.0,False,False,16:00:00,625.8447,2025-07-18 11:00:00,627.5002
2025-07-18,11:30:00,12:00:00,626.3633,1791878.0,False,False,16:00:00,625.8447,2025-07-18 11:30:00,627.5002
2025-07-18,12:00:00,12:30:00,625.1966,2830991.0,False,False,16:00:00,625.8447,2025-07-18 12:00:00,627.5002
2025-07-18,12:30:00,13:00:00,624.9373,2566128.0,False,False,16:00:00,625.8447,2025-07-18 12:30:00,627.5002
2025-07-18,13:00:00,13:30:00,625.2266,2041421.0,False,False,16:00:00,625.8447,2025-07-18 13:00:00,627.5002
2025-07-18,13:30:00,14:00:00,625.3661,1388687.0,False,False,16:00:00,625.8447,2025-07-18 13:30:00,627.5002
2025-07-18,14:00:00,14:30:00,625.3661,1909018.0,False,False,16:00:00,625.8447,2025-07-18 14:00:00,627.5002
2025-07-18,14:30:00,15:00:00,625.4958,1566019.0,False,False,16:00:00,625.8447,2025-07-18 14:30:00,627.5002
2025-07-18,15:00:00,15:30:00,625.6553,2270659.0,False,False,16:00:00,625.8447,2025-07-18 15:00:00,627.5002
2025-07-18,15:30:00,16:00:00,625.8448,7487095.0,False,True,16:00:00,625.8447,2025-07-18 15:30:00,627.5002
2025-07-21,09:30:00,10:00:00,629.036,4734746.0,False,False,16:00:00,627.0314,2025-07-21 09:30:00,629.036
2025-07-21,10:00:00,10:30:00,629.5146,3952682.0,False,False,16:00:00,627.0314,2025-07-21 10:00:00,629.036
2025-07-21,10:30:00,11:00:00,629.2753,2914478.0,False,False,16:00:00,627.0314,2025-07-21 10:30:00,629.036
2025-07-21,11:00:00,11:30:00,629.5426,2136648.0,False,False,16:00:00,627.0314,2025-07-21 11:00:00,629.036
2025-07-21,11:30:00,12:00:00,629.4149,2235714.0,False,False,16:00:00,627.0314,2025-07-21 11:30:00,629.036
2025-07-21,12:00:00,12:30:00,629.011,2334883.0,False,False,16:00:00,627.0314,2025-07-21 12:00:00,629.036
2025-07-21,12:30:00,13:00:00,629.4947,1704689.0,False,False,16:00:00,627.0314,2025-07-21 12:30:00,629.036
2025-07-21,13:00:00,13:30:00,629.6443,1482985.0,False,False,16:00:00,627.0314,2025-07-21 13:00:00,629.036
2025-07-21,13:30:00,14:00:00,629.41,1388416.0,False,False,16:00:00,627.0314,2025-07-21 13:30:00,629.036
2025-07-21,14:00:00,14:30:00,629.4547,1654388.0,False,False,16:00:00,627.0314,2025-07-21 14:00:00,629.036
2025-07-21,14:30:00,15:00:00,628.647,3082060.0,False,False,16:00:00,627.0314,2025-07-21 14:30:00,629.036
2025-07-21,15:00:00,15:30:00,627.7097,5294070.0,False,False,16:00:00,627.0314,2025-07-21 15:00:00,629.036
2025-07-21,15:30:00,16:00:00,627.0316,10481527.0,False,True,16:00:00,627.0314,2025-07-21 15:30:00,629.036
2025-07-22,09:30:00,10:00:00,625.037,6919406.0,False,False,16:00:00,627.1212,2025-07-22 09:30:00,625.037
2025-07-22,10:00:00,10:30:00,625.3262,3641105.0,False,False,16:00:00,627.1212,2025-07-22 10:00:00,625.037
2025-07-22,10:30:00,11:00:00,626.2288,2793184.0,False,False,16:00:00,627.1212,2025-07-22 10:30:00,625.037
2025-07-22,11:00:00,11:30:00,625.9147,2097955.0,False,False,16:00:00,627.1212,2025-07-22 11:00:00,625.037
2025-07-22,11:30:00,12:00:00,625.9545,2219589.0,False,False,16:00:00,627.1212,2025-07-22 11:30:00,625.037
2025-07-22,12:00:00,12:30:00,625.4459,2252752.0,False,False,16:00:00,627.1212,2025-07-22 12:00:00,625.037
2025-07-22,12:30:00,13:00:00,626.1141,1893008.0,False,False,16:00:00,627.1212,2025-07-22 12:30:00,625.037
2025-07-22,13:00:00,13:30:00,627.3506,2219748.0,False,False,16:00:00,627.1212,2025-07-22 13:00:00,625.037
2025-07-22,13:30:00,14:00:00,626.6027,1967246.0,False,False,16:00:00,627.1212,2025-07-22 13:30:00,625.037
2025-07-22,14:00:00,14:30:00,626.6526,2861036.0,False,False,16:00:00,627.1212,2025-07-22 14:00:00,625.037
2025-07-22,14:30:00,15:00:00,627.59,2903034.0,False,False,16:00:00,627.1212,2025-07-22 14:30:00,625.037
2025-07-22,15:00:00,15:30:00,627.4554,2735073.0,False,False,16:00:00,627.1212,2025-07-22 15:00:00,625.037
2025-07-22,15:30:00,16:00:00,627.1213,8454587.0,False,True,16:00:00,627.1212,2025-07-22 15:30:00,625.037
2025-07-23,09:30:00,10:00:00,628.2183,5301738.0,False,False,16:00:00,632.4564,2025-07-23 09:30:00,628.2183
2025-07-23,10:00:00,10:30:00,628.9961,3011837.0,False,False,16:00:00,632.4564,2025-07-23 10:00:00,628.2183
2025-07-23,10:30:00,11:00:00,628.9861,2017491.0,False,False,16:00:00,632.4564,2025-07-23 10:30:00,628.2183
2025-07-23,11:00:00,11:30:00,629.1157,2242962.0,False,False,16:00:00,632.4564,2025-07-23 11:00:00,628.2183
2025-07-23,11:30:00,12:00:00,630.2227,4250822.0,False,False,16:00:00,632.4564,2025-07-23 11:30:00,628.2183
2025-07-23,12:00:00,12:30:00,629.9235,3092490.0,False,False,16:00:00,632.4564,2025-07-23 12:00:00,628.2183
2025-07-23,12:30:00,13:00:00,630.1037,1786095.0,False,False,16:00:00,632.4564,2025-07-23 12:30:00,628.2183
2025-07-23,13:00:00,13:30:00,630.3672,1716419.0,False,False,16:00:00,632.4564,2025-07-23 13:00:00,628.2183
2025-07-23,13:30:00,14:00:00,630.806,3651213.0,False,False,16:00:00,632.4564,2025-07-23 13:30:00,628.2183
2025-07-23,14:00:00,14:30:00,631.4941,3025062.0,False,False,16:00:00,632.4564,2025-07-23 14:00:00,628.2183
2025-07-23,14:30:00,15:00:00,631.5291,2164560.0,False,False,16:00:00,632.4564,2025-07-23 14:30:00,628.2183
2025-07-23,15:00:00,15:30:00,631.5889,3279362.0,False,False,16:00:00,632.4564,2025-07-23 15:00:00,628.2183
2025-07-23,15:30:00,16:00:00,632.4565,8179336.0,False,True,16:00:00,632.4564,2025-07-23 15:30:00,628.2183
2025-07-24,09:30:00,10:00:00,633.354,5422138.0,False,False,16:00:00,632.6658,2025-07-24 09:30:00,633.354
2025-07-24,10:00:00,10:30:00,633.0449,3919871.0,False,False,16:00:00,632.6658,2025-07-24 10:00:00,633.354
2025-07-24,10:30:00,11:00:00,633.7722,2717004.0,False,False,16:00:00,632.6658,2025-07-24 10:30:00,633.354
2025-07-24,11:00:00,11:30:00,633.7778,2844013.0,False,False,16:00:00,632.6658,2025-07-24 11:00:00,633.354
2025-07-24,11:30:00,12:00:00,633.7535,2032835.0,False,False,16:00:00,632.6658,2025-07-24 11:30:00,633.354
2025-07-24,12:00:00,12:30:00,632.7955,2809710.0,False,False,16:00:00,632.6658,2025-07-24 12:00:00,633.354
2025-07-24,12:30:00,13:00:00,633.1296,2303804.0,False,False,16:00:00,632.6658,2025-07-24 12:30:00,633.354
2025-07-24,13:00:00,13:30:00,633.6033,2556259.0,False,False,16:00:00,632.6658,2025-07-24 13:00:00,633.354
2025-07-24,13:30:00,14:00:00,633.4986,1711849.0,False,False,16:00:00,632.6658,2025-07-24 13:30:00,633.354
2025-07-24,14:00:00,14:30:00,634.0222,4693326.0,False,False,16:00:00,632.6658,2025-07-24 14:00:00,633.354
2025-07-24,14:30:00,15:00:00,633.4338,3913417.0,False,False,16:00:00,632.6658,2025-07-24 14:30:00,633.354
2025-07-24,15:00:00,15:30:00,633.6931,3064511.0,False,False,16:00:00,632.6658,2025-07-24 15:00:00,633.354
2025-07-24,15:30:00,16:00:00,632.6659,9992125.0,False,True,16:00:00,632.6658,2025-07-24 15:30:00,633.354
2025-07-25,09:30:00,10:00:00,633.5334,3906476.0,False,False,16:00:00,635.3384,2025-07-25 09:30:00,633.5334
2025-07-25,10:00:00,10:30:00,633.7379,2703028.0,False,False,16:00:00,635.3384,2025-07-25 10:00:00,633.5334
2025-07-25,10:30:00,11:00:00,634.062,2946749.0,False,False,16:00:00,635.3384,2025-07-25 10:30:00,633.5334
2025-07-25,11:00:00,11:30:00,634.2266,1767047.0,False,False,16:00:00,635.3384,2025-07-25 11:00:00,633.5334
2025-07-25,11:30:00,12:00:00,634.1667,1557555.0,False,False,16:00:00,635.3384,2025-07-25 11:30:00,633.5334
2025-07-25,12:00:00,12:30:00,635.0045,3043085.0,False,False,16:00:00,635.3384,2025-07-25 12:00:00,633.5334
2025-07-25,12:30:00,13:00:00,635.0842,1826380.0,False,False,16:00:00,635.3384,2025-07-25 12:30:00,633.5334
2025-07-25,13:00:00,13:30:00,635.2836,1518039.0,False,False,16:00:00,635.3384,2025-07-25 13:00:00,633.5334
2025-07-25,13:30:00,14:00:00,635.3734,1904209.0,False,False,16:00:00,635.3384,2025-07-25 13:30:00,633.5334
2025-07-25,14:00:00,14:30:00,635.5779,2177212.0,False,False,16:00:00,635.3384,2025-07-25 14:00:00,633.5334
2025-07-25,14:30:00,15:00:00,635.4183,1707277.0,False,False,16:00:00,635.3384,2025-07-25 14:30:00,633.5334
2025-07-25,15:00:00,15:30:00,635.5679,2263682.0,False,False,16:00:00,635.3384,2025-07-25 15:00:00,633.5334
2025-07-25,15:30:00,16:00:00,635.2488,9846561.0,False,True,16:00:00,635.3384,2025-07-25 15:30:00,633.5334
2025-07-28,09:30:00,10:00:00,635.6876,5294752.0,False,False,16:00:00,635.1788,2025-07-28 09:30:00,635.6876
2025-07-28,10:00:00,10:30:00,635.9667,3224150.0,False,False,16:00:00,635.1788,2025-07-28 10:00:00,635.6876
2025-07-28,10:30:00,11:00:00,635.6676,2268138.0,False,False,16:00:00,635.1788,2025-07-28 10:30:00,635.6876
2025-07-28,11:00:00,11:30:00,635.3086,2903153.0,False,False,16:00:00,635.1788,2025-07-28 11:00:00,635.6876
2025-07-28,11:30:00,12:00:00,635.6177,1547572.0,False,False,16:00:00,635.1788,2025-07-28 11:30:00,635.6876
2025-07-28,12:00:00,12:30:00,635.6377,1459179.0,False,False,16:00:00,635.1788,2025-07-28 12:00:00,635.6876
2025-07-28,12:30:00,13:00:00,635.1241,1506948.0,False,False,16:00:00,635.1788,2025-07-28 12:30:00,635.6876
2025-07-28,13:00:00,13:30:00,634.5507,2202275.0,False,False,16:00:00,635.1788,2025-07-28 13:00:00,635.6876
2025-07-28,13:30:00,14:00:00,634.3313,1409710.0,False,False,16:00:00,635.1788,2025-07-28 13:30:00,635.6876
2025-07-28,14:00:00,14:30:00,634.3193,3347872.0,False,False,16:00:00,635.1788,2025-07-28 14:00:00,635.6876
2025-07-28,14:30:00,15:00:00,634.2914,2061926.0,False,False,16:00:00,635.1788,2025-07-28 14:30:00,635.6876
2025-07-28,15:00:00,15:30:00,634.2914,2334015.0,False,False,16:00:00,635.1788,2025-07-28 15:00:00,635.6876
2025-07-28,15:30:00,16:00:00,635.179,6665436.0,False,True,16:00:00,635.1788,2025-07-28 15:30:00,635.6876
2025-07-29,09:30:00,10:00:00,636.256,4639846.0,False,False,16:00:00,633.5035,2025-07-29 09:30:00,636.256
2025-07-29,10:00:00,10:30:00,635.9867,2787876.0,False,False,16:00:00,633.5035,2025-07-29 10:00:00,636.256
2025-07-29,10:30:00,11:00:00,634.9396,3108330.0,False,False,16:00:00,633.5035,2025-07-29 10:30:00,636.256
2025-07-29,11:00:00,11:30:00,633.4836,3653885.0,False,False,16:00:00,633.5035,2025-07-29 11:00:00,636.256
2025-07-29,11:30:00,12:00:00,634.1218,3417035.0,False,False,16:00:00,633.5035,2025-07-29 11:30:00,636.256
2025-07-29,12:00:00,12:30:00,633.9025,2128536.0,False,False,16:00:00,633.5035,2025-07-29 12:00:00,636.256
2025-07-29,12:30:00,13:00:00,634.3959,1820911.0,False,False,16:00:00,633.5035,2025-07-29 12:30:00,636.256
2025-07-29,13:00:00,13:30:00,634.4303,2241335.0,False,False,16:00:00,633.5035,2025-07-29 13:00:00,636.256
2025-07-29,13:30:00,14:00:00,633.8227,2728534.0,False,False,16:00:00,633.5035,2025-07-29 13:30:00,636.256
2025-07-29,14:00:00,14:30:00,633.5584,2163463.0,False,False,16:00:00,633.5035,2025-07-29 14:00:00,636.256
2025-07-29,14:30:00,15:00:00,633.5633,1701756.0,False,False,16:00:00,633.5035,2025-07-29 14:30:00,636.256
2025-07-29,15:00:00,15:30:00,633.349,2660693.0,False,False,16:00:00,633.5035,2025-07-29 15:00:00,636.256
2025-07-29,15:30:00,16:00:00,633.5036,8746247.0,False,True,16:00:00,633.5035,2025-07-29 15:30:00,636.256
2025-07-30,09:30:00,10:00:00,633.9523,4178773.0,False,False,16:00:00,632.7057,2025-07-30 09:30:00,633.9523
2025-07-30,10:00:00,10:30:00,634.6105,2491831.0,False,False,16:00:00,632.7057,2025-07-30 10:00:00,633.9523
2025-07-30,10:30:00,11:00:00,634.5009,2089188.0,False,False,16:00:00,632.7057,2025-07-30 10:30:00,633.9523
2025-07-30,11:00:00,11:30:00,633.5634,2627765.0,False,False,16:00:00,632.7057,2025-07-30 11:00:00,633.9523
2025-07-30,11:30:00,12:00:00,634.416,1622974.0,False,False,16:00:00,632.7057,2025-07-30 11:30:00,633.9523
2025-07-30,12:00:00,12:30:00,634.8499,2122047.0,False,False,16:00:00,632.7057,2025-07-30 12:00:00,633.9523
2025-07-30,12:30:00,13:00:00,634.7152,1383984.0,False,False,16:00:00,632.7057,2025-07-30 12:30:00,633.9523
2025-07-30,13:00:00,13:30:00,634.441,1075412.0,False,False,16:00:00,632.7057,2025-07-30 13:00:00,633.9523
2025-07-30,13:30:00,14:00:00,634.8798,1665340.0,False,False,16:00:00,632.7057,2025-07-30 13:30:00,633.9523
2025-07-30,14:00:00,14:30:00,635.0393,2677921.0,False,False,16:00:00,632.7057,2025-07-30 14:00:00,633.9523
2025-07-30,14:30:00,15:00:00,630.9805,8182938.0,False,False,16:00:00,632.7057,2025-07-30 14:30:00,633.9523
2025-07-30,15:00:00,15:30:00,630.4022,8774153.0,False,False,16:00:00,632.7057,2025-07-30 15:00:00,633.9523
2025-07-30,15:30:00,16:00:00,632.7058,11486680.0,False,True,16:00:00,632.7057,2025-07-30 15:30:00,633.9523
2025-07-31,09:30:00,10:00:00,637.677,8756784.0,False,False,16:00:00,630.3323,2025-07-31 09:30:00,637.677
2025-07-31,10:00:00,10:30:00,637.0438,4470930.0,False,False,16:00:00,630.3323,2025-07-31 10:00:00,637.677
2025-07-31,10:30:00,11:00:00,634.8499,4449541.0,False,False,16:00:00,630.3323,2025-07-31 10:30:00,637.677
2025-07-31,11:00:00,11:30:00,634.441,4846631.0,False,False,16:00:00,630.3323,2025-07-31 11:00:00,637.677
2025-07-31,11:30:00,12:00:00,635.7573,2932186.0,False,False,16:00:00,630.3323,2025-07-31 11:30:00,637.677
2025-07-31,12:00:00,12:30:00,636.3159,2217719.0,False,False,16:00:00,630.3323,2025-07-31 12:00:00,637.677
2025-07-31,12:30:00,13:00:00,636.0067,2486230.0,False,False,16:00:00,630.3323,2025-07-31 12:30:00,637.677
2025-07-31,13:00:00,13:30:00,633.0748,3627203.0,False,False,16:00:00,630.3323,2025-07-31 13:00:00,637.677
2025-07-31,13:30:00,14:00:00,631.6088,5580156.0,False,False,16:00:00,630.3323,2025-07-31 13:30:00,637.677
2025-07-31,14:00:00,14:30:00,632.4066,6070789.0,False,False,16:00:00,630.3323,2025-07-31 14:00:00,637.677
2025-07-31,14:30:00,15:00:00,632.5862,3785266.0,False,False,16:00:00,630.3323,2025-07-31 14:30:00,637.677
2025-07-31,15:00:00,15:30:00,631.175,4949005.0,False,False,16:00:00,630.3323,2025-07-31 15:00:00,637.677
2025-07-31,15:30:00,16:00:00,630.3324,17074478.0,False,True,16:00:00,630.3323,2025-07-31 15:30:00,637.677
2025-08-01,09:30:00,10:00:00,619.4525,11889917.0,False,False,16:00:00,620.0009,2025-08-01 09:30:00,619.4525
2025-08-01,10:00:00,10:30:00,621.6268,9696065.0,False,False,16:00:00,620.0009,2025-08-01 10:00:00,619.4525
2025-08-01,10:30:00,11:00:00,620.2503,7790382.0,False,False,16:00:00,620.0009,2025-08-01 10:30:00,619.4525
2025-08-01,11:00:00,11:30:00,619.7916,5683603.0,False,False,16:00:00,620.0009,2025-08-01 11:00:00,619.4525
2025-08-01,11:30:00,12:00:00,622.2049,5248138.0,False,False,16:00:00,620.0009,2025-08-01 11:30:00,619.4525
2025-08-01,12:00:00,12:30:00,622.5041,5126592.0,False,False,16:00:00,620.0009,2025-08-01 12:00:00,619.4525
2025-08-01,12:30:00,13:00:00,619.652,6967130.0,False,False,16:00:00,620.0009,2025-08-01 12:30:00,619.4525
2025-08-01,13:00:00,13:30:00,618.7944,6801765.0,False,False,16:00:00,620.0009,2025-08-01 13:00:00,619.4525
2025-08-01,13:30:00,14:00:00,618.9539,5206051.0,False,False,16:00:00,620.0009,2025-08-01 13:30:00,619.4525
2025-08-01,14:00:00,14:30:00,619.9213,5686985.0,False,False,16:00:00,620.0009,2025-08-01 14:00:00,619.4525
2025-08-01,14:30:00,15:00:00,619.662,6810809.0,False,False,16:00:00,620.0009,2025-08-01 14:30:00,619.4525
2025-08-01,15:00:00,15:30:00,620.0609,7480405.0,False,False,16:00:00,620.0009,2025-08-01 15:00:00,619.4525
2025-08-01,15:30:00,16:00:00,620.001,16048035.0,False,True,16:00:00,620.0009,2025-08-01 15:30:00,619.4525
2025-08-04,09:30:00,10:00:00,627.4005,8153121.0,False,False,16:00:00,629.4248,2025-08-04 09:30:00,627.4005
2025-08-04,10:00:00,10:30:00,627.6897,4167806.0,False,False,16:00:00,629.4248,2025-08-04 10:00:00,627.4005
2025-08-04,10:30:00,11:00:00,627.4182,4461681.0,False,False,16:00:00,629.4248,2025-08-04 10:30:00,627.4005
2025-08-04,11:00:00,11:30:00,627.2409,3072662.0,False,False,16:00:00,629.4248,2025-08-04 11:00:00,627.4005
2025-08-04,11:30:00,12:00:00,628.1783,3099248.0,False,False,16:00:00,629.4248,2025-08-04 11:30:00,627.4005
2025-08-04,12:00:00,12:30:00,627.989,2411427.0,False,False,16:00:00,629.4248,2025-08-04 12:00:00,627.4005
2025-08-04,12:30:00,13:00:00,628.4276,1995392.0,False,False,16:00:00,629.4248,2025-08-04 12:30:00,627.4005
2025-08-04,13:00:00,13:30:00,628.5723,1964029.0,False,False,16:00:00,629.4248,2025-08-04 13:00:00,627.4005
2025-08-04,13:30:00,14:00:00,628.0188,2371838.0,False,False,16:00:00,629.4248,2025-08-04 13:30:00,627.4005
2025-08-04,14:00:00,14:30:00,628.2581,2847847.0,False,False,16:00:00,629.4248,2025-08-04 14:00:00,627.4005
2025-08-04,14:30:00,15:00:00,628.1534,2135481.0,False,False,16:00:00,629.4248,2025-08-04 14:30:00,627.4005
2025-08-04,15:00:00,15:30:00,628.5673,4046777.0,False,False,16:00:00,629.4248,2025-08-04 15:00:00,627.4005
2025-08-04,15:30:00,16:00:00,629.3651,9919356.0,False,True,16:00:00,629.4248,2025-08-04 15:30:00,627.4005
2025-08-05,09:30:00,10:00:00,629.4947,4789187.0,False,False,16:00:00,626.2336,2025-08-05 09:30:00,629.4947
2025-08-05,10:00:00,10:30:00,628.1085,4857039.0,False,False,16:00:00,626.2336,2025-08-05 10:00:00,629.4947
2025-08-05,10:30:00,11:00:00,626.144,6705442.0,False,False,16:00:00,626.2336,2025-08-05 10:30:00,629.4947
2025-08-05,11:00:00,11:30:00,626.1888,3713861.0,False,False,16:00:00,626.2336,2025-08-05 11:00:00,629.4947
2025-08-05,11:30:00,12:00:00,626.3185,2778972.0,False,False,16:00:00,626.2336,2025-08-05 11:30:00,629.4947
2025-08-05,12:00:00,12:30:00,627.2802,2258266.0,False,False,16:00:00,626.2336,2025-08-05 12:00:00,629.4947
2025-08-05,12:30:00,13:00:00,627.1412,3082644.0,False,False,16:00:00,626.2336,2025-08-05 12:30:00,629.4947
2025-08-05,13:00:00,13:30:00,627.9669,1469645.0,False,False,16:00:00,626.2336,2025-08-05 13:00:00,629.4947
2025-08-05,13:30:00,14:00:00,628.3878,1885997.0,False,False,16:00:00,626.2336,2025-08-05 13:30:00,629.4947
2025-08-05,14:00:00,14:30:00,626.8021,3333195.0,False,False,16:00:00,626.2336,2025-08-05 14:00:00,629.4947
2025-08-05,14:30:00,15:00:00,626.7025,2812173.0,False,False,16:00:00,626.2336,2025-08-05 14:30:00,629.4947
2025-08-05,15:00:00,15:30:00,627.2409,2660503.0,False,False,16:00:00,626.2336,2025-08-05 15:00:00,629.4947
2025-08-05,15:30:00,16:00:00,626.2337,7180459.0,False,True,16:00:00,626.2336,2025-08-05 15:30:00,629.4947
2025-08-06,09:30:00,10:00:00,627.2111,5392073.0,False,False,16:00:00,631.0303,2025-08-06 09:30:00,627.2111
2025-08-06,10:00:00,10:30:00,627.0166,3975508.0,False,False,16:00:00,631.0303,2025-08-06 10:00:00,627.2111
2025-08-06,10:30:00,11:00:00,629.2354,3338513.0,False,False,16:00:00,631.0303,2025-08-06 10:30:00,627.2111
2025-08-06,11:00:00,11:30:00,630.1678,3148082.0,False,False,16:00:00,631.0303,2025-08-06 11:00:00,627.2111
2025-08-06,11:30:00,12:00:00,630.9307,3563295.0,False,False,16:00:00,631.0303,2025-08-06 11:30:00,627.2111
2025-08-06,12:00:00,12:30:00,630.6415,1891124.0,False,False,16:00:00,631.0303,2025-08-06 12:00:00,627.2111
2025-08-06,12:30:00,13:00:00,630.4919,1963747.0,False,False,16:00:00,631.0303,2025-08-06 12:30:00,627.2111
2025-08-06,13:00:00,13:30:00,630.5491,1478956.0,False,False,16:00:00,631.0303,2025-08-06 13:00:00,627.2111
2025-08-06,13:30:00,14:00:00,630.4869,1645536.0,False,False,16:00:00,631.0303,2025-08-06 13:30:00,627.2111
2025-08-06,14:00:00,14:30:00,631.165,1888815.0,False,False,16:00:00,631.0303,2025-08-06 14:00:00,627.2111
2025-08-06,14:30:00,15:00:00,630.841,1967411.0,False,False,16:00:00,631.0303,2025-08-06 14:30:00,627.2111
2025-08-06,15:00:00,15:30:00,631.2698,2346532.0,False,False,16:00:00,631.0303,2025-08-06 15:00:00,627.2111
2025-08-06,15:30:00,16:00:00,631.0305,10156262.0,False,True,16:00:00,631.0303,2025-08-06 15:30:00,627.2111
2025-08-07,09:30:00,10:00:00,634.8,6229275.0,False,False,16:00:00,630.5018,2025-08-07 09:30:00,634.8
2025-08-07,10:00:00,10:30:00,632.0177,5784395.0,False,False,16:00:00,630.5018,2025-08-07 10:00:00,634.8
2025-08-07,10:30:00,11:00:00,631.0005,4355565.0,False,False,16:00:00,630.5018,2025-08-07 10:30:00,634.8
2025-08-07,11:00:00,11:30:00,630.1828,3596460.0,False,False,16:00:00,630.5018,2025-08-07 11:00:00,634.8
2025-08-07,11:30:00,12:00:00,630.0931,3008707.0,False,False,16:00:00,630.5018,2025-08-07 11:30:00,634.8
2025-08-07,12:00:00,12:30:00,630.462,2593360.0,False,False,16:00:00,630.5018,2025-08-07 12:00:00,634.8
2025-08-07,12:30:00,13:00:00,629.4947,3863117.0,False,False,16:00:00,630.5018,2025-08-07 12:30:00,634.8
2025-08-07,13:00:00,13:30:00,628.308,3146081.0,False,False,16:00:00,630.5018,2025-08-07 13:00:00,634.8
2025-08-07,13:30:00,14:00:00,629.0134,3181366.0,False,False,16:00:00,630.5018,2025-08-07 13:30:00,634.8
2025-08-07,14:00:00,14:30:00,628.0288,3282337.0,False,False,16:00:00,630.5018,2025-08-07 14:00:00,634.8
2025-08-07,14:30:00,15:00:00,628.7874,2476419.0,False,False,16:00:00,630.5018,2025-08-07 14:30:00,634.8
2025-08-07,15:00:00,15:30:00,628.6271,2695996.0,False,False,16:00:00,630.5018,2025-08-07 15:00:00,634.8
2025-08-07,15:30:00,16:00:00,630.5019,7712249.0,False,True,16:00:00,630.5018,2025-08-07 15:30:00,634.8
2025-08-08,09:30:00,10:00:00,634.1917,5559398.0,False,False,16:00:00,635.4182,2025-08-08 09:30:00,634.1917
2025-08-08,10:00:00,10:30:00,634.6803,4287697.0,False,False,16:00:00,635.4182,2025-08-08 10:00:00,634.1917
2025-08-08,10:30:00,11:00:00,634.072,3200368.0,False,False,16:00:00,635.4182,2025-08-08 10:30:00,634.1917
2025-08-08,11:00:00,11:30:00,634.2366,2532821.0,False,False,16:00:00,635.4182,2025-08-08 11:00:00,634.1917
2025-08-08,11:30:00,12:00:00,634.5756,2889168.0,False,False,16:00:00,635.4182,2025-08-08 11:30:00,634.1917
2025-08-08,12:00:00,12:30:00,635.1341,2336081.0,False,False,16:00:00,635.4182,2025-08-08 12:00:00,634.1917
2025-08-08,12:30:00,13:00:00,634.79,1778302.0,False,False,16:00:00,635.4182,2025-08-08 12:30:00,634.1917
2025-08-08,13:00:00,13:30:00,634.631,1798347.0,False,False,16:00:00,635.4182,2025-08-08 13:00:00,634.1917
2025-08-08,13:30:00,14:00:00,635.4669,1537600.0,False,False,16:00:00,635.4182,2025-08-08 13:30:00,634.1917
2025-08-08,14:00:00,14:30:00,635.4581,2036265.0,False,False,16:00:00,635.4182,2025-08-08 14:00:00,634.1917
2025-08-08,14:30:00,15:00:00,635.4631,2238190.0,False,False,16:00:00,635.4182,2025-08-08 14:30:00,634.1917
2025-08-08,15:00:00,15:30:00,635.4731,2858508.0,False,False,16:00:00,635.4182,2025-08-08 15:00:00,634.1917
2025-08-08,15:30:00,16:00:00,635.3884,8932944.0,False,True,16:00:00,635.4182,2025-08-08 15:30:00,634.1917
2025-08-11,09:30:00,10:00:00,635.9368,4317425.0,False,False,16:00:00,634.1617,2025-08-11 09:30:00,635.9368
2025-08-11,10:00:00,10:30:00,635.4881,2861676.0,False,False,16:00:00,634.1617,2025-08-11 10:00:00,635.9368
2025-08-11,10:30:00,11:00:00,634.9995,2462056.0,False,False,16:00:00,634.1617,2025-08-11 10:30:00,635.9368
2025-08-11,11:00:00,11:30:00,635.3087,1984889.0,False,False,16:00:00,634.1617,2025-08-11 11:00:00,635.9368
2025-08-11,11:30:00,12:00:00,636.0964,2038819.0,False,False,16:00:00,634.1617,2025-08-11 11:30:00,635.9368
2025-08-11,12:00:00,12:30:00,636.7845,2830835.0,False,False,16:00:00,634.1617,2025-08-11 12:00:00,635.9368
2025-08-11,12:30:00,13:00:00,635.5579,2196088.0,False,False,16:00:00,634.1617,2025-08-11 12:30:00,635.9368
2025-08-11,13:00:00,13:30:00,635.4183,1649618.0,False,False,16:00:00,634.1617,2025-08-11 13:00:00,635.9368
2025-08-11,13:30:00,14:00:00,635.0892,2169086.0,False,False,16:00:00,634.1617,2025-08-11 13:30:00,635.9368
2025-08-11,14:00:00,14:30:00,634.7451,3191582.0,False,False,16:00:00,634.1617,2025-08-11 14:00:00,635.9368
2025-08-11,14:30:00,15:00:00,634.7202,2494777.0,False,False,16:00:00,634.1617,2025-08-11 14:30:00,635.9368
2025-08-11,15:00:00,15:30:00,634.5208,1631757.0,False,False,16:00:00,634.1617,2025-08-11 15:00:00,635.9368
2025-08-11,15:30:00,16:00:00,634.1617,11052405.0,False,True,16:00:00,634.1617,2025-08-11 15:30:00,635.9368
2025-08-12,09:30:00,10:00:00,635.4083,8394587.0,False,False,16:00:00,640.913,2025-08-12 09:30:00,635.4083
2025-08-12,10:00:00,10:30:00,637.5623,4240010.0,False,False,16:00:00,640.913,2025-08-12 10:00:00,635.4083
2025-08-12,10:30:00,11:00:00,638.1101,3194372.0,False,False,16:00:00,640.913,2025-08-12 10:30:00,635.4083
2025-08-12,11:00:00,11:30:00,638.759,3719051.0,False,False,16:00:00,640.913,2025-08-12 11:00:00,635.4083
2025-08-12,11:30:00,12:00:00,639.4172,2603331.0,False,False,16:00:00,640.913,2025-08-12 11:30:00,635.4083
2025-08-12,12:00:00,12:30:00,639.6067,1775052.0,False,False,16:00:00,640.913,2025-08-12 12:00:00,635.4083
2025-08-12,12:30:00,13:00:00,639.9308,1957173.0,False,False,16:00:00,640.913,2025-08-12 12:30:00,635.4083
2025-08-12,13:00:00,13:30:00,639.7662,1555664.0,False,False,16:00:00,640.913,2025-08-12 13:00:00,635.4083
2025-08-12,13:30:00,14:00:00,640.3098,1617648.0,False,False,16:00:00,640.913,2025-08-12 13:30:00,635.4083
2025-08-12,14:00:00,14:30:00,640.4722,2154413.0,False,False,16:00:00,640.913,2025-08-12 14:00:00,635.4083
2025-08-12,14:30:00,15:00:00,640.2349,1992029.0,False,False,16:00:00,640.913,2025-08-12 14:30:00,635.4083
2025-08-12,15:00:00,15:30:00,640.5491,2314568.0,False,False,16:00:00,640.913,2025-08-12 15:00:00,635.4083
2025-08-12,15:30:00,16:00:00,640.913,9252704.0,False,True,16:00:00,640.913,2025-08-12 15:30:00,635.4083
2025-08-13,09:30:00,10:00:00,643.8051,5838094.0,False,False,16:00:00,643.1069,2025-08-13 09:30:00,643.8051
2025-08-13,10:00:00,10:30:00,642.4631,4327748.0,False,False,16:00:00,643.1069,2025-08-13 10:00:00,643.8051
2025-08-13,10:30:00,11:00:00,642.03,3386641.0,False,False,16:00:00,643.1069,2025-08-13 10:30:00,643.8051
2025-08-13,11:00:00,11:30:00,641.9103,3423774.0,False,False,16:00:00,643.1069,2025-08-13 11:00:00,643.8051
2025-08-13,11:30:00,12:00:00,641.671,2242277.0,False,False,16:00:00,643.1069,2025-08-13 11:30:00,643.8051
2025-08-13,12:00:00,12:30:00,641.4814,1430669.0,False,False,16:00:00,643.1069,2025-08-13 12:00:00,643.8051
2025-08-13,12:30:00,13:00:00,641.2296,1750568.0,False,False,16:00:00,643.1069,2025-08-13 12:30:00,643.8051
2025-08-13,13:00:00,13:30:00,641.879,1970752.0,False,False,16:00:00,643.1069,2025-08-13 13:00:00,643.8051
2025-08-13,13:30:00,14:00:00,641.7457,1694987.0,False,False,16:00:00,643.1069,2025-08-13 13:30:00,643.8051
2025-08-13,14:00:00,14:30:00,642.1247,1863986.0,False,False,16:00:00,643.1069,2025-08-13 14:00:00,643.8051
2025-08-13,14:30:00,15:00:00,642.2114,2258650.0,False,False,16:00:00,643.1069,2025-08-13 14:30:00,643.8051
2025-08-13,15:00:00,15:30:00,642.5385,2619840.0,False,False,16:00:00,643.1069,2025-08-13 15:00:00,643.8051
2025-08-13,15:30:00,16:00:00,643.107,7505989.0,False,True,16:00:00,643.1069,2025-08-13 15:30:00,643.8051
2025-08-14,09:30:00,10:00:00,642.2872,5798363.0,False,False,16:00:00,643.1667,2025-08-14 09:30:00,642.2872
2025-08-14,10:00:00,10:30:00,642.4587,2701448.0,False,False,16:00:00,643.1667,2025-08-14 10:00:00,642.2872
2025-08-14,10:30:00,11:00:00,642.9573,2977255.0,False,False,16:00:00,643.1667,2025-08-14 10:30:00,642.2872
2025-08-14,11:00:00,11:30:00,641.5313,2856286.0,False,False,16:00:00,643.1667,2025-08-14 11:00:00,642.2872
2025-08-14,11:30:00,12:00:00,642.2693,2542524.0,False,False,16:00:00,643.1667,2025-08-14 11:30:00,642.2872
2025-08-14,12:00:00,12:30:00,641.3318,2042446.0,False,False,16:00:00,643.1667,2025-08-14 12:00:00,642.2872
2025-08-14,12:30:00,13:00:00,642.3989,1514323.0,False,False,16:00:00,643.1667,2025-08-14 12:30:00,642.2872
2025-08-14,13:00:00,13:30:00,643.2266,1680762.0,False,False,16:00:00,643.1667,2025-08-14 13:00:00,642.2872
2025-08-14,13:30:00,14:00:00,642.8975,1602717.0,False,False,16:00:00,643.1667,2025-08-14 13:30:00,642.2872
2025-08-14,14:00:00,14:30:00,642.2693,2391158.0,False,False,16:00:00,643.1667,2025-08-14 14:00:00,642.2872
2025-08-14,14:30:00,15:00:00,642.7979,2312992.0,False,False,16:00:00,643.1667,2025-08-14 14:30:00,642.2872
2025-08-14,15:00:00,15:30:00,643.2266,3079370.0,False,False,16:00:00,643.1667,2025-08-14 15:00:00,642.2872
2025-08-14,15:30:00,16:00:00,643.1568,7106497.0,False,True,16:00:00,643.1667,2025-08-14 15:30:00,642.2872
2025-08-15,09:30:00,10:00:00,641.6362,5169500.0,False,False,16:00:00,641.6609,2025-08-15 09:30:00,641.6362
2025-08-15,10:00:00,10:30:00,642.3889,3353255.0,False,False,16:00:00,641.6609,2025-08-15 10:00:00,641.6362
2025-08-15,10:30:00,11:00:00,641.7507,2236771.0,False,False,16:00:00,641.6609,2025-08-15 10:30:00,641.6362
2025-08-15,11:00:00,11:30:00,641.7108,2146008.0,False,False,16:00:00,641.6609,2025-08-15 11:00:00,641.6362
2025-08-15,11:30:00,12:00:00,641.5911,3058646.0,False,False,16:00:00,641.6609,2025-08-15 11:30:00,641.6362
2025-08-15,12:00:00,12:30:00,641.5513,2148069.0,False,False,16:00:00,641.6609,2025-08-15 12:00:00,641.6362
2025-08-15,12:30:00,13:00:00,642.2792,1818708.0,False,False,16:00:00,641.6609,2025-08-15 12:30:00,641.6362
2025-08-15,13:00:00,13:30:00,642.3839,1857701.0,False,False,16:00:00,641.6609,2025-08-15 13:00:00,641.6362
2025-08-15,13:30:00,14:00:00,642.9374,2006720.0,False,False,16:00:00,641.6609,2025-08-15 13:30:00,641.6362
2025-08-15,14:00:00,14:30:00,642.738,2697391.0,False,False,16:00:00,641.6609,2025-08-15 14:00:00,641.6362
2025-08-15,14:30:00,15:00:00,642.4737,2136084.0,False,False,16:00:00,641.6609,2025-08-15 14:30:00,641.6362
2025-08-15,15:00:00,15:30:00,642.02,3193951.0,False,False,16:00:00,641.6609,2025-08-15 15:00:00,641.6362
2025-08-15,15:30:00,16:00:00,641.6609,7301487.0,False,True,16:00:00,641.6609,2025-08-15 15:30:00,641.6362
2025-08-18,09:30:00,10:00:00,640.9629,4485629.0,False,False,16:00:00,641.5213,2025-08-18 09:30:00,640.9629
2025-08-18,10:00:00,10:30:00,641.1424,2724771.0,False,False,16:00:00,641.5213,2025-08-18 10:00:00,640.9629
2025-08-18,10:30:00,11:00:00,641.4415,2333708.0,False,False,16:00:00,641.5213,2025-08-18 10:30:00,640.9629
2025-08-18,11:00:00,11:30:00,640.9729,1684640.0,False,False,16:00:00,641.5213,2025-08-18 11:00:00,640.9629
2025-08-18,11:30:00,12:00:00,640.9479,1216647.0,False,False,16:00:00,641.5213,2025-08-18 11:30:00,640.9629
2025-08-18,12:00:00,12:30:00,641.3453,1192231.0,False,False,16:00:00,641.5213,2025-08-18 12:00:00,640.9629
2025-08-18,12:30:00,13:00:00,640.7136,1383506.0,False,False,16:00:00,641.5213,2025-08-18 12:30:00,640.9629
2025-08-18,13:00:00,13:30:00,641.3867,1166616.0,False,False,16:00:00,641.5213,2025-08-18 13:00:00,640.9629
2025-08-18,13:30:00,14:00:00,641.0128,1846572.0,False,False,16:00:00,641.5213,2025-08-18 13:30:00,640.9629
2025-08-18,14:00:00,14:30:00,640.9729,1452772.0,False,False,16:00:00,641.5213,2025-08-18 14:00:00,640.9629
2025-08-18,14:30:00,15:00:00,641.6261,2039652.0,False,False,16:00:00,641.5213,2025-08-18 14:30:00,640.9629
2025-08-18,15:00:00,15:30:00,641.4615,1893647.0,False,False,16:00:00,641.5213,2025-08-18 15:00:00,640.9629
2025-08-18,15:30:00,16:00:00,641.5214,5692897.0,False,True,16:00:00,641.5213,2025-08-18 15:30:00,640.9629
2025-08-19,09:30:00,10:00:00,641.1025,5737858.0,False,False,16:00:00,638.041,2025-08-19 09:30:00,641.1025
2025-08-19,10:00:00,10:30:00,641.272,3756868.0,False,False,16:00:00,638.041,2025-08-19 10:00:00,641.1025
2025-08-19,10:30:00,11:00:00,639.482,5009553.0,False,False,16:00:00,638.041,2025-08-19 10:30:00,641.1025
2025-08-19,11:00:00,11:30:00,639.7961,3453486.0,False,False,16:00:00,638.041,2025-08-19 11:00:00,641.1025
2025-08-19,11:30:00,12:00:00,638.9584,2399548.0,False,False,16:00:00,638.041,2025-08-19 11:30:00,641.1025
2025-08-19,12:00:00,12:30:00,638.5546,2280344.0,False,False,16:00:00,638.041,2025-08-19 12:00:00,641.1025
2025-08-19,12:30:00,13:00:00,637.9413,2995417.0,False,False,16:00:00,638.041,2025-08-19 12:30:00,641.1025
2025-08-19,13:00:00,13:30:00,637.9114,2894677.0,False,False,16:00:00,638.041,2025-08-19 13:00:00,641.1025
2025-08-19,13:30:00,14:00:00,638.0709,1872200.0,False,False,16:00:00,638.041,2025-08-19 13:30:00,641.1025
2025-08-19,14:00:00,14:30:00,637.303,2316145.0,False,False,16:00:00,638.041,2025-08-19 14:00:00,641.1025
2025-08-19,14:30:00,15:00:00,637.2632,2237062.0,False,False,16:00:00,638.041,2025-08-19 14:30:00,641.1025
2025-08-19,15:00:00,15:30:00,637.4427,3713105.0,False,False,16:00:00,638.041,2025-08-19 15:00:00,641.1025
2025-08-19,15:30:00,16:00:00,638.041,9412757.0,False,True,16:00:00,638.041,2025-08-19 15:30:00,641.1025
2025-08-20,09:30:00,10:00:00,633.5535,10806572.0,False,False,16:00:00,636.3456,2025-08-20 09:30:00,633.5535
2025-08-20,10:00:00,10:30:00,632.1873,7629039.0,False,False,16:00:00,636.3456,2025-08-20 10:00:00,633.5535
2025-08-20,10:30:00,11:00:00,631.4293,4243728.0,False,False,16:00:00,636.3456,2025-08-20 10:30:00,633.5535
2025-08-20,11:00:00,11:30:00,634.5806,4601057.0,False,False,16:00:00,636.3456,2025-08-20 11:00:00,633.5535
2025-08-20,11:30:00,12:00:00,633.4238,3323580.0,False,False,16:00:00,636.3456,2025-08-20 11:30:00,633.5535
2025-08-20,12:00:00,12:30:00,635.6676,3208795.0,False,False,16:00:00,636.3456,2025-08-20 12:00:00,633.5535
2025-08-20,12:30:00,13:00:00,634.4609,2317887.0,False,False,16:00:00,636.3456,2025-08-20 12:30:00,633.5535
2025-08-20,13:00:00,13:30:00,634.81,1694415.0,False,False,16:00:00,636.3456,2025-08-20 13:00:00,633.5535
2025-08-20,13:30:00,14:00:00,635.4183,1776844.0,False,False,16:00:00,636.3456,2025-08-20 13:30:00,633.5535
2025-08-20,14:00:00,14:30:00,634.062,3728960.0,False,False,16:00:00,636.3456,2025-08-20 14:00:00,633.5535
2025-08-20,14:30:00,15:00:00,634.9695,2824430.0,False,False,16:00:00,636.3456,2025-08-20 14:30:00,633.5535
2025-08-20,15:00:00,15:30:00,636.5052,3868900.0,False,False,16:00:00,636.3456,2025-08-20 15:00:00,633.5535
2025-08-20,15:30:00,16:00:00,636.3457,8528843.0,False,True,16:00:00,636.3456,2025-08-20 15:30:00,633.5535
2025-08-21,09:30:00,10:00:00,633.3041,5786775.0,False,False,16:00:00,633.7927,2025-08-21 09:30:00,633.3041
2025-08-21,10:00:00,10:30:00,636.0665,3081287.0,False,False,16:00:00,633.7927,2025-08-21 10:00:00,633.3041
2025-08-21,10:30:00,11:00:00,635.4482,1844874.0,False,False,16:00:00,633.7927,2025-08-21 10:30:00,633.3041
2025-08-21,11:00:00,11:30:00,634.9296,2357104.0,False,False,16:00:00,633.7927,2025-08-21 11:00:00,633.3041
2025-08-21,11:30:00,12:00:00,633.8626,1872232.0,False,False,16:00:00,633.7927,2025-08-21 11:30:00,633.3041
2025-08-21,12:00:00,12:30:00,633.4637,2168078.0,False,False,16:00:00,633.7927,2025-08-21 12:00:00,633.3041
2025-08-21,12:30:00,13:00:00,633.1246,1554284.0,False,False,16:00:00,633.7927,2025-08-21 12:30:00,633.3041
2025-08-21,13:00:00,13:30:00,632.641,2019751.0,False,False,16:00:00,633.7927,2025-08-21 13:00:00,633.3041
2025-08-21,13:30:00,14:00:00,634.1119,2118794.0,False,False,16:00:00,633.7927,2025-08-21 13:30:00,633.3041
2025-08-21,14:00:00,14:30:00,633.7648,1498465.0,False,False,16:00:00,633.7927,2025-08-21 14:00:00,633.3041
2025-08-21,14:30:00,15:00:00,634.2864,1981015.0,False,False,16:00:00,633.7927,2025-08-21 14:30:00,633.3041
2025-08-21,15:00:00,15:30:00,634.1617,1941567.0,False,False,16:00:00,633.7927,2025-08-21 15:00:00,633.3041
2025-08-21,15:30:00,16:00:00,633.7928,7141123.0,False,True,16:00:00,633.7927,2025-08-21 15:30:00,633.3041
2025-08-22,09:30:00,10:00:00,637.1435,5471096.0,False,False,16:00:00,643.5257,2025-08-22 09:30:00,637.1435
2025-08-22,10:00:00,10:30:00,642.4683,14188096.0,False,False,16:00:00,643.5257,2025-08-22 10:00:00,637.1435
2025-08-22,10:30:00,11:00:00,643.9047,4992432.0,False,False,16:00:00,643.5257,2025-08-22 10:30:00,637.1435
2025-08-22,11:00:00,11:30:00,644.1939,4448115.0,False,False,16:00:00,643.5257,2025-08-22 11:00:00,637.1435
2025-08-22,11:30:00,12:00:00,643.6544,3161064.0,False,False,16:00:00,643.5257,2025-08-22 11:30:00,637.1435
2025-08-22,12:00:00,12:30:00,643.0172,2719927.0,False,False,16:00:00,643.5257,2025-08-22 12:00:00,637.1435
2025-08-22,12:30:00,13:00:00,642.9973,1631693.0,False,False,16:00:00,643.5257,2025-08-22 12:30:00,637.1435
2025-08-22,13:00:00,13:30:00,644.3734,2475370.0,False,False,16:00:00,643.5257,2025-08-22 13:00:00,637.1435
2025-08-22,13:30:00,14:00:00,644.0144,1782770.0,False,False,16:00:00,643.5257,2025-08-22 13:30:00,637.1435
2025-08-22,14:00:00,14:30:00,643.6454,2379579.0,False,False,16:00:00,643.5257,2025-08-22 14:00:00,637.1435
2025-08-22,14:30:00,15:00:00,643.6853,2605034.0,False,False,16:00:00,643.5257,2025-08-22 14:30:00,637.1435
2025-08-22,15:00:00,15:30:00,643.2964,3178877.0,False,False,16:00:00,643.5257,2025-08-22 15:00:00,637.1435
2025-08-22,15:30:00,16:00:00,643.5158,12826651.0,False,True,16:00:00,643.5257,2025-08-22 15:30:00,637.1435
2025-08-25,09:30:00,10:00:00,642.5585,5469920.0,False,False,16:00:00,640.6935,2025-08-25 09:30:00,642.5585
2025-08-25,10:00:00,10:30:00,642.3491,3415496.0,False,False,16:00:00,640.6935,2025-08-25 10:00:00,642.5585
2025-08-25,10:30:00,11:00:00,642.5984,2119322.0,False,False,16:00:00,640.6935,2025-08-25 10:30:00,642.5585
2025-08-25,11:00:00,11:30:00,643.1269,2024484.0,False,False,16:00:00,640.6935,2025-08-25 11:00:00,642.5585
2025-08-25,11:30:00,12:00:00,643.1768,1692739.0,False,False,16:00:00,640.6935,2025-08-25 11:30:00,642.5585
2025-08-25,12:00:00,12:30:00,643.1269,1453685.0,False,False,16:00:00,640.6935,2025-08-25 12:00:00,642.5585
2025-08-25,12:30:00,13:00:00,643.2017,1302930.0,False,False,16:00:00,640.6935,2025-08-25 12:30:00,642.5585
2025-08-25,13:00:00,13:30:00,642.8676,1479055.0,False,False,16:00:00,640.6935,2025-08-25 13:00:00,642.5585
2025-08-25,13:30:00,14:00:00,642.7131,1697157.0,False,False,16:00:00,640.6935,2025-08-25 13:30:00,642.5585
2025-08-25,14:00:00,14:30:00,642.4189,1840350.0,False,False,16:00:00,640.6935,2025-08-25 14:00:00,642.5585
2025-08-25,14:30:00,15:00:00,642.1796,1567654.0,False,False,16:00:00,640.6935,2025-08-25 14:30:00,642.5585
2025-08-25,15:00:00,15:30:00,641.9103,2429032.0,False,False,16:00:00,640.6935,2025-08-25 15:00:00,642.5585
2025-08-25,15:30:00,16:00:00,640.6936,7723502.0,False,True,16:00:00,640.6935,2025-08-25 15:30:00,642.5585
2025-08-26,09:30:00,10:00:00,640.7136,4369256.0,False,False,16:00:00,643.3762,2025-08-26 09:30:00,640.7136
2025-08-26,10:00:00,10:30:00,641.2913,2966848.0,False,False,16:00:00,643.3762,2025-08-26 10:00:00,640.7136
2025-08-26,10:30:00,11:00:00,640.9031,1922580.0,False,False,16:00:00,643.3762,2025-08-26 10:30:00,640.7136
2025-08-26,11:00:00,11:30:00,640.6537,1647790.0,False,False,16:00:00,643.3762,2025-08-26 11:00:00,640.7136
2025-08-26,11:30:00,12:00:00,641.0028,1041363.0,False,False,16:00:00,643.3762,2025-08-26 11:30:00,640.7136
2025-08-26,12:00:00,12:30:00,641.5513,1647352.0,False,False,16:00:00,643.3762,2025-08-26 12:00:00,640.7136
2025-08-26,12:30:00,13:00:00,641.5024,1044420.0,False,False,16:00:00,643.3762,2025-08-26 12:30:00,640.7136
2025-08-26,13:00:00,13:30:00,641.7507,1139855.0,False,False,16:00:00,643.3762,2025-08-26 13:00:00,640.7136
2025-08-26,13:30:00,14:00:00,641.0875,1494131.0,False,False,16:00:00,643.3762,2025-08-26 13:30:00,640.7136
2025-08-26,14:00:00,14:30:00,641.7408,1497557.0,False,False,16:00:00,643.3762,2025-08-26 14:00:00,640.7136
2025-08-26,14:30:00,15:00:00,642.0898,1850150.0,False,False,16:00:00,643.3762,2025-08-26 14:30:00,640.7136
2025-08-26,15:00:00,15:30:00,642.7579,2673379.0,False,False,16:00:00,643.3762,2025-08-26 15:00:00,640.7136
2025-08-26,15:30:00,16:00:00,643.2366,9398213.0,False,True,16:00:00,643.3762,2025-08-26 15:30:00,640.7136
2025-08-27,09:30:00,10:00:00,643.5433,4163387.0,False,False,16:00:00,644.842,2025-08-27 09:30:00,643.5433
2025-08-27,10:00:00,10:30:00,644.3336,2986956.0,False,False,16:00:00,644.842,2025-08-27 10:00:00,643.5433
2025-08-27,10:30:00,11:00:00,644.4582,2056507.0,False,False,16:00:00,644.842,2025-08-27 10:30:00,643.5433
2025-08-27,11:00:00,11:30:00,644.5181,1552957.0,False,False,16:00:00,644.842,2025-08-27 11:00:00,643.5433
2025-08-27,11:30:00,12:00:00,644.7524,1688277.0,False,False,16:00:00,644.842,2025-08-27 11:30:00,643.5433
2025-08-27,12:00:00,12:30:00,644.1541,1677365.0,False,False,16:00:00,644.842,2025-08-27 12:00:00,643.5433
2025-08-27,12:30:00,13:00:00,644.4932,1916922.0,False,False,16:00:00,644.842,2025-08-27 12:30:00,643.5433
2025-08-27,13:00:00,13:30:00,644.6627,1518023.0,False,False,16:00:00,644.842,2025-08-27 13:00:00,643.5433
2025-08-27,13:30:00,14:00:00,644.9618,1174339.0,False,False,16:00:00,644.842,2025-08-27 13:30:00,643.5433
2025-08-27,14:00:00,14:30:00,645.4405,2140459.0,False,False,16:00:00,644.842,2025-08-27 14:00:00,643.5433
2025-08-27,14:30:00,15:00:00,645.2311,1522612.0,False,False,16:00:00,644.842,2025-08-27 14:30:00,643.5433
2025-08-27,15:00:00,15:30:00,644.902,3270770.0,False,False,16:00:00,644.842,2025-08-27 15:00:00,643.5433
2025-08-27,15:30:00,16:00:00,644.7823,5905935.0,False,True,16:00:00,644.842,2025-08-27 15:30:00,643.5433
2025-08-28,09:30:00,10:00:00,644.2737,6484013.0,False,False,16:00:00,647.1257,2025-08-28 09:30:00,644.2737
2025-08-28,10:00:00,10:30:00,644.2438,3090824.0,False,False,16:00:00,647.1257,2025-08-28 10:00:00,644.2737
2025-08-28,10:30:00,11:00:00,645.0865,2605231.0,False,False,16:00:00,647.1257,2025-08-28 10:30:00,644.2737
2025-08-28,11:00:00,11:30:00,644.4832,2611648.0,False,False,16:00:00,647.1257,2025-08-28 11:00:00,644.2737
2025-08-28,11:30:00,12:00:00,645.278,1856436.0,False,False,16:00:00,647.1257,2025-08-28 11:30:00,644.2737
2025-08-28,12:00:00,12:30:00,646.3679,2122788.0,False,False,16:00:00,647.1257,2025-08-28 12:00:00,644.2737
2025-08-28,12:30:00,13:00:00,645.8892,1715779.0,False,False,16:00:00,647.1257,2025-08-28 12:30:00,644.2737
2025-08-28,13:00:00,13:30:00,646.338,1457753.0,False,False,16:00:00,647.1257,2025-08-28 13:00:00,644.2737
2025-08-28,13:30:00,14:00:00,646.5836,1813752.0,False,False,16:00:00,647.1257,2025-08-28 13:30:00,644.2737
2025-08-28,14:00:00,14:30:00,646.8566,2076434.0,False,False,16:00:00,647.1257,2025-08-28 14:00:00,644.2737
2025-08-28,14:30:00,15:00:00,647.1855,2834036.0,False,False,16:00:00,647.1257,2025-08-28 14:30:00,644.2737
2025-08-28,15:00:00,15:30:00,647.1407,2389459.0,False,False,16:00:00,647.1257,2025-08-28 15:00:00,644.2737
2025-08-28,15:30:00,16:00:00,647.1396,9034557.0,False,True,16:00:00,647.1257,2025-08-28 15:30:00,644.2737
2025-08-29,09:30:00,10:00:00,643.7128,6804956.0,False,False,16:00:00,643.2664,2025-08-29 09:30:00,643.7128
2025-08-29,10:00:00,10:30:00,642.8427,7032185.0,False,False,16:00:00,643.2664,2025-08-29 10:00:00,643.7128
2025-08-29,10:30:00,11:00:00,641.9551,3876706.0,False,False,16:00:00,643.2664,2025-08-29 10:30:00,643.7128
2025-08-29,11:00:00,11:30:00,642.6573,2267753.0,False,False,16:00:00,643.2664,2025-08-29 11:00:00,643.7128
2025-08-29,11:30:00,12:00:00,641.9801,2066755.0,False,False,16:00:00,643.2664,2025-08-29 11:30:00,643.7128
2025-08-29,12:00:00,12:30:00,642.4288,1861256.0,False,False,16:00:00,643.2664,2025-08-29 12:00:00,643.7128
2025-08-29,12:30:00,13:00:00,642.9175,1619586.0,False,False,16:00:00,643.2664,2025-08-29 12:30:00,643.7128
2025-08-29,13:00:00,13:30:00,642.2094,2374393.0,False,False,16:00:00,643.2664,2025-08-29 13:00:00,643.7128
2025-08-29,13:30:00,14:00:00,642.8577,1943982.0,False,False,16:00:00,643.2664,2025-08-29 13:30:00,643.7128
2025-08-29,14:00:00,14:30:00,642.5086,1819965.0,False,False,16:00:00,643.2664,2025-08-29 14:00:00,643.7128
2025-08-29,14:30:00,15:00:00,642.6981,1566847.0,False,False,16:00:00,643.2664,2025-08-29 14:30:00,643.7128
2025-08-29,15:00:00,15:30:00,642.8477,3065886.0,False,False,16:00:00,643.2664,2025-08-29 15:00:00,643.7128
2025-08-29,15:30:00,16:00:00,643.3663,13692131.0,False,True,16:00:00,643.2664,2025-08-29 15:30:00,643.7128
2025-09-02,09:30:00,10:00:00,637.5623,9867278.0,False,False,16:00:00,638.4996,2025-09-02 09:30:00,637.5623
2025-09-02,10:00:00,10:30:00,637.5823,4192303.0,False,False,16:00:00,638.4996,2025-09-02 10:00:00,637.5623
2025-09-02,10:30:00,11:00:00,635.887,3297740.0,False,False,16:00:00,638.4996,2025-09-02 10:30:00,637.5623
2025-09-02,11:00:00,11:30:00,634.7402,2721900.0,False,False,16:00:00,638.4996,2025-09-02 11:00:00,637.5623
2025-09-02,11:30:00,12:00:00,633.4338,3131119.0,False,False,16:00:00,638.4996,2025-09-02 11:30:00,637.5623
2025-09-02,12:00:00,12:30:00,633.8626,2299231.0,False,False,16:00:00,638.4996,2025-09-02 12:00:00,637.5623
2025-09-02,12:30:00,13:00:00,635.149,2240552.0,False,False,16:00:00,638.4996,2025-09-02 12:30:00,637.5623
2025-09-02,13:00:00,13:30:00,635.8674,2277702.0,False,False,16:00:00,638.4996,2025-09-02 13:00:00,637.5623
2025-09-02,13:30:00,14:00:00,636.5352,3013532.0,False,False,16:00:00,638.4996,2025-09-02 13:30:00,637.5623
2025-09-02,14:00:00,14:30:00,635.9468,1757453.0,False,False,16:00:00,638.4996,2025-09-02 14:00:00,637.5623
2025-09-02,14:30:00,15:00:00,636.3357,2618896.0,False,False,16:00:00,638.4996,2025-09-02 14:30:00,637.5623
2025-09-02,15:00:00,15:30:00,637.3579,2636613.0,False,False,16:00:00,638.4996,2025-09-02 15:00:00,637.5623
2025-09-02,15:30:00,16:00:00,638.5945,11737377.0,False,True,16:00:00,638.4996,2025-09-02 15:30:00,637.5623
2025-09-03,09:30:00,10:00:00,640.2798,6887402.0,False,False,16:00:00,641.9601,2025-09-03 09:30:00,640.2798
2025-09-03,10:00:00,10:30:00,640.6388,4371120.0,False,False,16:00:00,641.9601,2025-09-03 10:00:00,640.2798
2025-09-03,10:30:00,11:00:00,642.2094,3431185.0,False,False,16:00:00,641.9601,2025-09-03 10:30:00,640.2798
2025-09-03,11:00:00,11:30:00,640.6737,3144258.0,False,False,16:00:00,641.9601,2025-09-03 11:00:00,640.2798
2025-09-03,11:30:00,12:00:00,640.5441,2612737.0,False,False,16:00:00,641.9601,2025-09-03 11:30:00,640.2798
2025-09-03,12:00:00,12:30:00,640.6638,1964722.0,False,False,16:00:00,641.9601,2025-09-03 12:00:00,640.2798
2025-09-03,12:30:00,13:00:00,640.0504,2349142.0,False,False,16:00:00,641.9601,2025-09-03 12:30:00,640.2798
2025-09-03,13:00:00,13:30:00,640.4792,1832935.0,False,False,16:00:00,641.9601,2025-09-03 13:00:00,640.2798
2025-09-03,13:30:00,14:00:00,639.1985,2760677.0,False,False,16:00:00,641.9601,2025-09-03 13:30:00,640.2798
2025-09-03,14:00:00,14:30:00,639.319,2367265.0,False,False,16:00:00,641.9601,2025-09-03 14:00:00,640.2798
2025-09-03,14:30:00,15:00:00,639.0881,2487021.0,False,False,16:00:00,641.9601,2025-09-03 14:30:00,640.2798
2025-09-03,15:00:00,15:30:00,639.2626,2405180.0,False,False,16:00:00,641.9601,2025-09-03 15:00:00,640.2798
2025-09-03,15:30:00,16:00:00,641.8205,11987499.0,False,True,16:00:00,641.9601,2025-09-03 15:30:00,640.2798
2025-09-04,09:30:00,10:00:00,643.2351,5147264.0,False,False,16:00:00,647.3252,2025-09-04 09:30:00,643.2351
2025-09-04,10:00:00,10:30:00,643.077,4676892.0,False,False,16:00:00,647.3252,2025-09-04 10:00:00,643.2351
2025-09-04,10:30:00,11:00:00,643.8649,3405393.0,False,False,16:00:00,647.3252,2025-09-04 10:30:00,643.2351
2025-09-04,11:00:00,11:30:00,644.4682,2933002.0,False,False,16:00:00,647.3252,2025-09-04 11:00:00,643.2351
2025-09-04,11:30:00,12:00:00,644.4133,2070009.0,False,False,16:00:00,647.3252,2025-09-04 11:30:00,643.2351
2025-09-04,12:00:00,12:30:00,644.1547,1641350.0,False,False,16:00:00,647.3252,2025-09-04 12:00:00,643.2351
2025-09-04,12:30:00,13:00:00,644.1542,1580240.0,False,False,16:00:00,647.3252,2025-09-04 12:30:00,643.2351
2025-09-04,13:00:00,13:30:00,645.0902,1829562.0,False,False,16:00:00,647.3252,2025-09-04 13:00:00,643.2351
2025-09-04,13:30:00,14:00:00,645.3528,2157719.0,False,False,16:00:00,647.3252,2025-09-04 13:30:00,643.2351
2025-09-04,14:00:00,14:30:00,645.4405,1901876.0,False,False,16:00:00,647.3252,2025-09-04 14:00:00,643.2351
2025-09-04,14:30:00,15:00:00,645.8394,1893705.0,False,False,16:00:00,647.3252,2025-09-04 14:30:00,643.2351
2025-09-04,15:00:00,15:30:00,646.0994,3075583.0,False,False,16:00:00,647.3252,2025-09-04 15:00:00,643.2351
2025-09-04,15:30:00,16:00:00,647.2554,11340058.0,False,True,16:00:00,647.3252,2025-09-04 15:30:00,643.2351
2025-09-05,09:30:00,10:00:00,649.2599,7712440.0,False,False,16:00:00,645.4504,2025-09-05 09:30:00,649.2599
2025-09-05,10:00:00,10:30:00,644.7175,7836989.0,False,False,16:00:00,645.4504,2025-09-05 10:00:00,649.2599
2025-09-05,10:30:00,11:00:00,642.4288,7125021.0,False,False,16:00:00,645.4504,2025-09-05 10:30:00,649.2599
2025-09-05,11:00:00,11:30:00,644.434,4895405.0,False,False,16:00:00,645.4504,2025-09-05 11:00:00,649.2599
2025-09-05,11:30:00,12:00:00,643.9197,3658254.0,False,False,16:00:00,645.4504,2025-09-05 11:30:00,649.2599
2025-09-05,12:00:00,12:30:00,643.9646,2671413.0,False,False,16:00:00,645.4504,2025-09-05 12:00:00,649.2599
2025-09-05,12:30:00,13:00:00,644.6526,2325481.0,False,False,16:00:00,645.4504,2025-09-05 12:30:00,649.2599
2025-09-05,13:00:00,13:30:00,643.8798,2360574.0,False,False,16:00:00,645.4504,2025-09-05 13:00:00,649.2599
2025-09-05,13:30:00,14:00:00,643.3574,2511081.0,False,False,16:00:00,645.4504,2025-09-05 13:30:00,649.2599
2025-09-05,14:00:00,14:30:00,643.9222,2646760.0,False,False,16:00:00,645.4504,2025-09-05 14:00:00,649.2599
2025-09-05,14:30:00,15:00:00,644.4832,2321924.0,False,False,16:00:00,645.4504,2025-09-05 14:30:00,649.2599
2025-09-05,15:00:00,15:30:00,645.3787,3695402.0,False,False,16:00:00,645.4504,2025-09-05 15:00:00,649.2599
2025-09-05,15:30:00,16:00:00,645.4206,8585542.0,False,True,16:00:00,645.4504,2025-09-05 15:30:00,649.2599
2025-09-08,09:30:00,10:00:00,646.5624,5959190.0,False,False,16:00:00,647.036,2025-09-08 09:30:00,646.5624
2025-09-08,10:00:00,10:30:00,646.9797,3442232.0,False,False,16:00:00,647.036,2025-09-08 10:00:00,646.5624
2025-09-08,10:30:00,11:00:00,647.5546,2829384.0,False,False,16:00:00,647.036,2025-09-08 10:30:00,646.5624
2025-09-08,11:00:00,11:30:00,647.9685,2325284.0,False,False,16:00:00,647.036,2025-09-08 11:00:00,646.5624
2025-09-08,11:30:00,12:00:00,647.5646,2342330.0,False,False,16:00:00,647.036,2025-09-08 11:30:00,646.5624
2025-09-08,12:00:00,12:30:00,646.8267,1876172.0,False,False,16:00:00,647.036,2025-09-08 12:00:00,646.5624
2025-09-08,12:30:00,13:00:00,646.7568,2002856.0,False,False,16:00:00,647.036,2025-09-08 12:30:00,646.5624
2025-09-08,13:00:00,13:30:00,646.717,1517027.0,False,False,16:00:00,647.036,2025-09-08 13:00:00,646.5624
2025-09-08,13:30:00,14:00:00,645.7853,1511160.0,False,False,16:00:00,647.036,2025-09-08 13:30:00,646.5624
2025-09-08,14:00:00,14:30:00,646.6122,2263502.0,False,False,16:00:00,647.036,2025-09-08 14:00:00,646.5624
2025-09-08,14:30:00,15:00:00,646.3978,1928307.0,False,False,16:00:00,647.036,2025-09-08 14:30:00,646.5624
2025-09-08,15:00:00,15:30:00,645.8194,3228769.0,False,False,16:00:00,647.036,2025-09-08 15:00:00,646.5624
2025-09-08,15:30:00,16:00:00,647.0361,10472152.0,False,True,16:00:00,647.036,2025-09-08 15:30:00,646.5624
2025-09-09,09:30:00,10:00:00,647.2455,4310339.0,False,False,16:00:00,648.5319,2025-09-09 09:30:00,647.2455
2025-09-09,10:00:00,10:30:00,646.9463,4565043.0,False,False,16:00:00,648.5319,2025-09-09 10:00:00,647.2455
2025-09-09,10:30:00,11:00:00,646.5574,4677759.0,False,False,16:00:00,648.5319,2025-09-09 10:30:00,647.2455
2025-09-09,11:00:00,11:30:00,646.9563,2563110.0,False,False,16:00:00,648.5319,2025-09-09 11:00:00,647.2455
2025-09-09,11:30:00,12:00:00,646.4876,2145975.0,False,False,16:00:00,648.5319,2025-09-09 11:30:00,647.2455
2025-09-09,12:00:00,12:30:00,647.0606,2201340.0,False,False,16:00:00,648.5319,2025-09-09 12:00:00,647.2455
2025-09-09,12:30:00,13:00:00,647.2355,1748365.0,False,False,16:00:00,648.5319,2025-09-09 12:30:00,647.2455
2025-09-09,13:00:00,13:30:00,647.769,2482484.0,False,False,16:00:00,648.5319,2025-09-09 13:00:00,647.2455
2025-09-09,13:30:00,14:00:00,647.9835,1789615.0,False,False,16:00:00,648.5319,2025-09-09 13:30:00,647.2455
2025-09-09,14:00:00,14:30:00,648.0433,1854390.0,False,False,16:00:00,648.5319,2025-09-09 14:00:00,647.2455
2025-09-09,14:30:00,15:00:00,648.0532,2059936.0,False,False,16:00:00,648.5319,2025-09-09 14:30:00,647.2455
2025-09-09,15:00:00,15:30:00,648.2676,2381221.0,False,False,16:00:00,648.5319,2025-09-09 15:00:00,647.2455
2025-09-09,15:30:00,16:00:00,648.5718,7445627.0,False,True,16:00:00,648.5319,2025-09-09 15:30:00,647.2455
2025-09-10,09:30:00,10:00:00,651.7546,7894285.0,False,False,16:00:00,650.4066,2025-09-10 09:30:00,651.7546
2025-09-10,10:00:00,10:30:00,652.0871,4645773.0,False,False,16:00:00,650.4066,2025-09-10 10:00:00,651.7546
2025-09-10,10:30:00,11:00:00,651.6133,3581019.0,False,False,16:00:00,650.4066,2025-09-10 10:30:00,651.7546
2025-09-10,11:00:00,11:30:00,651.0449,4143067.0,False,False,16:00:00,650.4066,2025-09-10 11:00:00,651.7546
2025-09-10,11:30:00,12:00:00,651.5187,2625853.0,False,False,16:00:00,650.4066,2025-09-10 11:30:00,651.7546
2025-09-10,12:00:00,12:30:00,650.8455,1702786.0,False,False,16:00:00,650.4066,2025-09-10 12:00:00,651.7546
2025-09-10,12:30:00,13:00:00,651.1047,1755961.0,False,False,16:00:00,650.4066,2025-09-10 12:30:00,651.7546
2025-09-10,13:00:00,13:30:00,650.4716,2095874.0,False,False,16:00:00,650.4066,2025-09-10 13:00:00,651.7546
2025-09-10,13:30:00,14:00:00,650.5064,2143827.0,False,False,16:00:00,650.4066,2025-09-10 13:30:00,651.7546
2025-09-10,14:00:00,14:30:00,649.8582,2878052.0,False,False,16:00:00,650.4066,2025-09-10 14:00:00,651.7546
2025-09-10,14:30:00,15:00:00,650.1873,3092900.0,False,False,16:00:00,650.4066,2025-09-10 14:30:00,651.7546
2025-09-10,15:00:00,15:30:00,649.0604,4264411.0,False,False,16:00:00,650.4066,2025-09-10 15:00:00,651.7546
2025-09-10,15:30:00,16:00:00,650.4067,9780332.0,False,True,16:00:00,650.4066,2025-09-10 15:30:00,651.7546
2025-09-11,09:30:00,10:00:00,653.8023,7147567.0,False,False,16:00:00,655.8116,2025-09-11 09:30:00,653.8023
2025-09-11,10:00:00,10:30:00,654.1364,4076095.0,False,False,16:00:00,655.8116,2025-09-11 10:00:00,653.8023
2025-09-11,10:30:00,11:00:00,654.8145,3901094.0,False,False,16:00:00,655.8116,2025-09-11 10:30:00,653.8023
2025-09-11,11:00:00,11:30:00,655.6323,3116269.0,False,False,16:00:00,655.8116,2025-09-11 11:00:00,653.8023
2025-09-11,11:30:00,12:00:00,655.3929,2716666.0,False,False,16:00:00,655.8116,2025-09-11 11:30:00,653.8023
2025-09-11,12:00:00,12:30:00,655.5624,2062764.0,False,False,16:00:00,655.8116,2025-09-11 12:00:00,653.8023
2025-09-11,12:30:00,13:00:00,655.3032,1562753.0,False,False,16:00:00,655.8116,2025-09-11 12:30:00,653.8023
2025-09-11,13:00:00,13:30:00,655.2982,1797225.0,False,False,16:00:00,655.8116,2025-09-11 13:00:00,653.8023
2025-09-11,13:30:00,14:00:00,655.7619,1641125.0,False,False,16:00:00,655.8116,2025-09-11 13:30:00,653.8023
2025-09-11,14:00:00,14:30:00,655.5126,2830419.0,False,False,16:00:00,655.8116,2025-09-11 14:00:00,653.8023
2025-09-11,14:30:00,15:00:00,655.6871,2193014.0,False,False,16:00:00,655.8116,2025-09-11 14:30:00,653.8023
2025-09-11,15:00:00,15:30:00,655.9214,3021699.0,False,False,16:00:00,655.8116,2025-09-11 15:00:00,653.8023
2025-09-11,15:30:00,16:00:00,655.8117,10704125.0,False,True,16:00:00,655.8116,2025-09-11 15:30:00,653.8023
2025-09-12,09:30:00,10:00:00,655.8217,5867047.0,False,False,16:00:00,655.5923,2025-09-12 09:30:00,655.8217
2025-09-12,10:00:00,10:30:00,656.1409,3584808.0,False,False,16:00:00,655.5923,2025-09-12 10:00:00,655.8217
2025-09-12,10:30:00,11:00:00,656.5646,2617818.0,False,False,16:00:00,655.5923,2025-09-12 10:30:00,655.8217
2025-09-12,11:00:00,11:30:00,655.8217,2329069.0,False,False,16:00:00,655.5923,2025-09-12 11:00:00,655.8217
2025-09-12,11:30:00,12:00:00,655.7818,2195737.0,False,False,16:00:00,655.5923,2025-09-12 11:30:00,655.8217
2025-09-12,12:00:00,12:30:00,656.2405,1899098.0,False,False,16:00:00,655.5923,2025-09-12 12:00:00,655.8217
2025-09-12,12:30:00,13:00:00,656.2605,2092363.0,False,False,16:00:00,655.5923,2025-09-12 12:30:00,655.8217
2025-09-12,13:00:00,13:30:00,656.2804,1857194.0,False,False,16:00:00,655.5923,2025-09-12 13:00:00,655.8217
2025-09-12,13:30:00,14:00:00,656.5646,1935124.0,False,False,16:00:00,655.5923,2025-09-12 13:30:00,655.8217
2025-09-12,14:00:00,14:30:00,656.6893,2442729.0,False,False,16:00:00,655.5923,2025-09-12 14:00:00,655.8217
2025-09-12,14:30:00,15:00:00,656.9735,3658342.0,False,False,16:00:00,655.5923,2025-09-12 14:30:00,655.8217
2025-09-12,15:00:00,15:30:00,656.3204,4608264.0,False,False,16:00:00,655.5923,2025-09-12 15:00:00,655.8217
2025-09-12,15:30:00,16:00:00,655.5923,13924448.0,False,True,16:00:00,655.5923,2025-09-12 15:30:00,655.8217
2025-09-15,09:30:00,10:00:00,658.8932,6983647.0,False,False,16:00:00,659.0826,2025-09-15 09:30:00,658.8932
2025-09-15,10:00:00,10:30:00,658.8633,3618180.0,False,False,16:00:00,659.0826,2025-09-15 10:00:00,658.8932
2025-09-15,10:30:00,11:00:00,659.2023,3491136.0,False,False,16:00:00,659.0826,2025-09-15 10:30:00,658.8932
2025-09-15,11:00:00,11:30:00,658.5392,2913610.0,False,False,16:00:00,659.0826,2025-09-15 11:00:00,658.8932
2025-09-15,11:30:00,12:00:00,658.7785,2177889.0,False,False,16:00:00,659.0826,2025-09-15 11:30:00,658.8932
2025-09-15,12:00:00,12:30:00,658.7935,2012186.0,False,False,16:00:00,659.0826,2025-09-15 12:00:00,658.8932
2025-09-15,12:30:00,13:00:00,658.2998,1950928.0,False,False,16:00:00,659.0826,2025-09-15 12:30:00,658.8932
2025-09-15,13:00:00,13:30:00,657.8959,2616018.0,False,False,16:00:00,659.0826,2025-09-15 13:00:00,658.8932
2025-09-15,13:30:00,14:00:00,658.7635,2399210.0,False,False,16:00:00,659.0826,2025-09-15 13:30:00,658.8932
2025-09-15,14:00:00,14:30:00,658.0655,2458550.0,False,False,16:00:00,659.0826,2025-09-15 14:00:00,658.8932
2025-09-15,14:30:00,15:00:00,658.1652,3100002.0,False,False,16:00:00,659.0826,2025-09-15 14:30:00,658.8932
2025-09-15,15:00:00,15:30:00,658.2051,2730160.0,False,False,16:00:00,659.0826,2025-09-15 15:00:00,658.8932
2025-09-15,15:30:00,16:00:00,659.0826,9711736.0,False,True,16:00:00,659.0826,2025-09-15 15:30:00,658.8932
2025-09-16,09:30:00,10:00:00,658.3746,6829256.0,False,False,16:00:00,658.1751,2025-09-16 09:30:00,658.3746
2025-09-16,10:00:00,10:30:00,658.0854,4886664.0,False,False,16:00:00,658.1751,2025-09-16 10:00:00,658.3746
2025-09-16,10:30:00,11:00:00,658.0655,2490671.0,False,False,16:00:00,658.1751,2025-09-16 10:30:00,658.3746
2025-09-16,11:00:00,11:30:00,657.7776,2649531.0,False,False,16:00:00,658.1751,2025-09-16 11:00:00,658.3746
2025-09-16,11:30:00,12:00:00,657.8312,2425647.0,False,False,16:00:00,658.1751,2025-09-16 11:30:00,658.3746
2025-09-16,12:00:00,12:30:00,658.0555,1446374.0,False,False,16:00:00,658.1751,2025-09-16 12:00:00,658.3746
2025-09-16,12:30:00,13:00:00,658.0804,1696275.0,False,False,16:00:00,658.1751,2025-09-16 12:30:00,658.3746
2025-09-16,13:00:00,13:30:00,658.4537,1535396.0,False,False,16:00:00,658.1751,2025-09-16 13:00:00,658.3746
2025-09-16,13:30:00,14:00:00,658.3547,1586188.0,False,False,16:00:00,658.1751,2025-09-16 13:30:00,658.3746
2025-09-16,14:00:00,14:30:00,658.3796,1569088.0,False,False,16:00:00,658.1751,2025-09-16 14:00:00,658.3746
2025-09-16,14:30:00,15:00:00,658.7735,2067146.0,False,False,16:00:00,658.1751,2025-09-16 14:30:00,658.3746
2025-09-16,15:00:00,15:30:00,658.3397,2773265.0,False,False,16:00:00,658.1751,2025-09-16 15:00:00,658.3746
2025-09-16,15:30:00,16:00:00,658.1154,10303150.0,False,True,16:00:00,658.1751,2025-09-16 15:30:00,658.3746
2025-09-17,09:30:00,10:00:00,658.0904,5575772.0,False,False,16:00:00,657.3574,2025-09-17 09:30:00,658.0904
2025-09-17,10:00:00,10:30:00,657.3475,3693472.0,False,False,16:00:00,657.3574,2025-09-17 10:00:00,658.0904
2025-09-17,10:30:00,11:00:00,657.5369,2464172.0,False,False,16:00:00,657.3574,2025-09-17 10:30:00,658.0904
2025-09-17,11:00:00,11:30:00,657.1231,1577817.0,False,False,16:00:00,657.3574,2025-09-17 11:00:00,658.0904
2025-09-17,11:30:00,12:00:00,657.4472,1400468.0,False,False,16:00:00,657.3574,2025-09-17 11:30:00,658.0904
2025-09-17,12:00:00,12:30:00,657.0882,1100400.0,False,False,16:00:00,657.3574,2025-09-17 12:00:00,658.0904
2025-09-17,12:30:00,13:00:00,656.4899,1953532.0,False,False,16:00:00,657.3574,2025-09-17 12:30:00,658.0904
2025-09-17,13:00:00,13:30:00,656.8508,1471484.0,False,False,16:00:00,657.3574,2025-09-17 13:00:00,658.0904
2025-09-17,13:30:00,14:00:00,657.8561,2071635.0,False,False,16:00:00,657.3574,2025-09-17 13:30:00,658.0904
2025-09-17,14:00:00,14:30:00,658.5342,11033222.0,False,False,16:00:00,657.3574,2025-09-17 14:00:00,658.0904
2025-09-17,14:30:00,15:00:00,655.8915,13736131.0,False,False,16:00:00,657.3574,2025-09-17 14:30:00,658.0904
2025-09-17,15:00:00,15:30:00,658.245,9500854.0,False,False,16:00:00,657.3574,2025-09-17 15:00:00,658.0904
2025-09-17,15:30:00,16:00:00,657.3574,10858915.0,False,True,16:00:00,657.3574,2025-09-17 15:30:00,658.0904
2025-09-18,09:30:00,10:00:00,660.2594,10799744.0,False,False,16:00:00,660.4288,2025-09-18 09:30:00,660.2594
2025-09-18,10:00:00,10:30:00,662.6528,6896158.0,False,False,16:00:00,660.4288,2025-09-18 10:00:00,660.2594
2025-09-18,10:30:00,11:00:00,660.9276,4861788.0,False,False,16:00:00,660.4288,2025-09-18 10:30:00,660.2594
2025-09-18,11:00:00,11:30:00,661.5558,3701212.0,False,False,16:00:00,660.4288,2025-09-18 11:00:00,660.2594
2025-09-18,11:30:00,12:00:00,660.7281,2705514.0,False,False,16:00:00,660.4288,2025-09-18 11:30:00,660.2594
2025-09-18,12:00:00,12:30:00,661.6455,2199402.0,False,False,16:00:00,660.4288,2025-09-18 12:00:00,660.2594
2025-09-18,12:30:00,13:00:00,662.1442,2162056.0,False,False,16:00:00,660.4288,2025-09-18 12:30:00,660.2594
2025-09-18,13:00:00,13:30:00,661.486,2084382.0,False,False,16:00:00,660.4288,2025-09-18 13:00:00,660.2594
2025-09-18,13:30:00,14:00:00,660.9276,2445760.0,False,False,16:00:00,660.4288,2025-09-18 13:30:00,660.2594
2025-09-18,14:00:00,14:30:00,660.9674,2032896.0,False,False,16:00:00,660.4288,2025-09-18 14:00:00,660.2594
2025-09-18,14:30:00,15:00:00,661.4261,2481645.0,False,False,16:00:00,660.4288,2025-09-18 14:30:00,660.2594
2025-09-18,15:00:00,15:30:00,660.8478,3752219.0,False,False,16:00:00,660.4288,2025-09-18 15:00:00,660.2594
2025-09-18,15:30:00,16:00:00,660.429,12326079.0,False,True,16:00:00,660.4288,2025-09-18 15:30:00,660.2594
2025-09-19,09:30:00,10:00:00,662.125,8090484.0,False,False,16:00:00,663.7,2025-09-19 09:30:00,662.125
2025-09-19,10:00:00,10:30:00,661.875,3229278.0,False,False,16:00:00,663.7,2025-09-19 10:00:00,662.125
2025-09-19,10:30:00,11:00:00,661.6,3389325.0,False,False,16:00:00,663.7,2025-09-19 10:30:00,662.125
2025-09-19,11:00:00,11:30:00,660.7,2833472.0,False,False,16:00:00,663.7,2025-09-19 11:00:00,662.125
2025-09-19,11:30:00,12:00:00,661.59,2433049.0,False,False,16:00:00,663.7,2025-09-19 11:30:00,662.125
2025-09-19,12:00:00,12:30:00,662.46,3022592.0,False,False,16:00:00,663.7,2025-09-19 12:00:00,662.125
2025-09-19,12:30:00,13:00:00,662.515,2156998.0,False,False,16:00:00,663.7,2025-09-19 12:30:00,662.125
2025-09-19,13:00:00,13:30:00,662.46,1568501.0,False,False,16:00:00,663.7,2025-09-19 13:00:00,662.125
2025-09-19,13:30:00,14:00:00,662.7,2046014.0,False,False,16:00:00,663.7,2025-09-19 13:30:00,662.125
2025-09-19,14:00:00,14:30:00,662.525,2859046.0,False,False,16:00:00,663.7,2025-09-19 14:00:00,662.125
2025-09-19,14:30:00,15:00:00,663.07,2508853.0,False,False,16:00:00,663.7,2025-09-19 14:30:00,662.125
2025-09-19,15:00:00,15:30:00,663.85,4989312.0,False,False,16:00:00,663.7,2025-09-19 15:00:00,662.125
2025-09-19,15:30:00,16:00:00,663.62,14353976.0,False,True,16:00:00,663.7,2025-09-19 15:30:00,662.125
2025-09-22,09:30:00,10:00:00,663.43,6410580.0,False,False,16:00:00,666.84,2025-09-22 09:30:00,663.43
2025-09-22,10:00:00,10:30:00,664.07,3966920.0,False,False,16:00:00,666.84,2025-09-22 10:00:00,663.43
2025-09-22,10:30:00,11:00:00,664.96,3659337.0,False,False,16:00:00,666.84,2025-09-22 10:30:00,663.43
2025-09-22,11:00:00,11:30:00,664.93,3010803.0,False,False,16:00:00,666.84,2025-09-22 11:00:00,663.43
2025-09-22,11:30:00,12:00:00,664.585,2252363.0,False,False,16:00:00,666.84,2025-09-22 11:30:00,663.43
2025-09-22,12:00:00,12:30:00,665.855,4409707.0,False,False,16:00:00,666.84,2025-09-22 12:00:00,663.43
2025-09-22,12:30:00,13:00:00,666.405,3459603.0,False,False,16:00:00,666.84,2025-09-22 12:30:00,663.43
2025-09-22,13:00:00,13:30:00,666.49,2037264.0,False,False,16:00:00,666.84,2025-09-22 13:00:00,663.43
2025-09-22,13:30:00,14:00:00,666.36,2258214.0,False,False,16:00:00,666.84,2025-09-22 13:30:00,663.43
2025-09-22,14:00:00,14:30:00,666.55,3195115.0,False,False,16:00:00,666.84,2025-09-22 14:00:00,663.43
2025-09-22,14:30:00,15:00:00,666.78,2068949.0,False,False,16:00:00,666.84,2025-09-22 14:30:00,663.43
2025-09-22,15:00:00,15:30:00,667.135,2661520.0,False,False,16:00:00,666.84,2025-09-22 15:00:00,663.43
2025-09-22,15:30:00,16:00:00,666.84,9173419.0,False,True,16:00:00,666.84,2025-09-22 15:30:00,663.43
2025-09-23,09:30:00,10:00:00,666.78,6038930.0,False,False,16:00:00,663.21,2025-09-23 09:30:00,666.78
2025-09-23,10:00:00,10:30:00,666.6101,4200636.0,False,False,16:00:00,663.21,2025-09-23 10:00:00,666.78
2025-09-23,10:30:00,11:00:00,666.35,2824140.0,False,False,16:00:00,663.21,2025-09-23 10:30:00,666.78
2025-09-23,11:00:00,11:30:00,666.16,2108698.0,False,False,16:00:00,663.21,2025-09-23 11:00:00,666.78
2025-09-23,11:30:00,12:00:00,665.5707,2345432.0,False,False,16:00:00,663.21,2025-09-23 11:30:00,666.78
2025-09-23,12:00:00,12:30:00,665.23,3233399.0,False,False,16:00:00,663.21,2025-09-23 12:00:00,666.78
2025-09-23,12:30:00,13:00:00,665.14,3235866.0,False,False,16:00:00,663.21,2025-09-23 12:30:00,666.78
2025-09-23,13:00:00,13:30:00,663.61,3500027.0,False,False,16:00:00,663.21,2025-09-23 13:00:00,666.78
2025-09-23,13:30:00,14:00:00,663.21,6861715.0,False,False,16:00:00,663.21,2025-09-23 13:30:00,666.78
2025-09-23,14:00:00,14:30:00,662.67,3563212.0,False,False,16:00:00,663.21,2025-09-23 14:00:00,666.78
2025-09-23,14:30:00,15:00:00,662.12,3358039.0,False,False,16:00:00,663.21,2025-09-23 14:30:00,666.78
2025-09-23,15:00:00,15:30:00,662.39,3458367.0,False,False,16:00:00,663.21,2025-09-23 15:00:00,666.78
2025-09-23,15:30:00,16:00:00,663.21,10922301.0,False,True,16:00:00,663.21,2025-09-23 15:30:00,666.78
2025-09-24,09:30:00,10:00:00,663.015,6310528.0,False,False,16:00:00,661.1,2025-09-24 09:30:00,663.015
2025-09-24,10:00:00,10:30:00,663.17,3755304.0,False,False,16:00:00,661.1,2025-09-24 10:00:00,663.015
2025-09-24,10:30:00,11:00:00,663.02,2670211.0,False,False,16:00:00,661.1,2025-09-24 10:30:00,663.015
2025-09-24,11:00:00,11:30:00,662.665,2044097.0,False,False,16:00:00,661.1,2025-09-24 11:00:00,663.015
2025-09-24,11:30:00,12:00:00,660.38,4263067.0,False,False,16:00:00,661.1,2025-09-24 11:30:00,663.015
2025-09-24,12:00:00,12:30:00,660.92,5204705.0,False,False,16:00:00,661.1,2025-09-24 12:00:00,663.015
2025-09-24,12:30:00,13:00:00,660.51,2050414.0,False,False,16:00:00,661.1,2025-09-24 12:30:00,663.015
2025-09-24,13:00:00,13:30:00,661.38,2370366.0,False,False,16:00:00,661.1,2025-09-24 13:00:00,663.015
2025-09-24,13:30:00,14:00:00,660.54,2815290.0,False,False,16:00:00,661.1,2025-09-24 13:30:00,663.015
2025-09-24,14:00:00,14:30:00,660.39,2974369.0,False,False,16:00:00,661.1,2025-09-24 14:00:00,663.015
2025-09-24,14:30:00,15:00:00,661.1125,2689825.0,False,False,16:00:00,661.1,2025-09-24 14:30:00,663.015
2025-09-24,15:00:00,15:30:00,660.8025,2249743.0,False,False,16:00:00,661.1,2025-09-24 15:00:00,663.015
2025-09-24,15:30:00,16:00:00,661.1,8816951.0,False,True,16:00:00,661.1,2025-09-24 15:30:00,663.015
2025-09-25,09:30:00,10:00:00,655.99,10860807.0,False,False,16:00:00,658.05,2025-09-25 09:30:00,655.99
2025-09-25,10:00:00,10:30:00,658.52,7091107.0,False,False,16:00:00,658.05,2025-09-25 10:00:00,655.99
2025-09-25,10:30:00,11:00:00,658.78,3305377.0,False,False,16:00:00,658.05,2025-09-25 10:30:00,655.99
2025-09-25,11:00:00,11:30:00,657.5283,3945767.0,False,False,16:00:00,658.05,2025-09-25 11:00:00,655.99
2025-09-25,11:30:00,12:00:00,658.91,3591616.0,False,False,16:00:00,658.05,2025-09-25 11:30:00,655.99
2025-09-25,12:00:00,12:30:00,658.055,2411244.0,False,False,16:00:00,658.05,2025-09-25 12:00:00,655.99
2025-09-25,12:30:00,13:00:00,657.775,2338742.0,False,False,16:00:00,658.05,2025-09-25 12:30:00,655.99
2025-09-25,13:00:00,13:30:00,657.24,2953734.0,False,False,16:00:00,658.05,2025-09-25 13:00:00,655.99
2025-09-25,13:30:00,14:00:00,655.565,3021565.0,False,False,16:00:00,658.05,2025-09-25 13:30:00,655.99
2025-09-25,14:00:00,14:30:00,656.969,6568456.0,False,False,16:00:00,658.05,2025-09-25 14:00:00,655.99
2025-09-25,14:30:00,15:00:00,657.8,4143031.0,False,False,16:00:00,658.05,2025-09-25 14:30:00,655.99
2025-09-25,15:00:00,15:30:00,657.47,3124805.0,False,False,16:00:00,658.05,2025-09-25 15:00:00,655.99
2025-09-25,15:30:00,16:00:00,658.05,7801830.0,False,True,16:00:00,658.05,2025-09-25 15:30:00,655.99
2025-09-26,09:30:00,10:00:00,661.83,8174053.0,False,False,16:00:00,661.82,2025-09-26 09:30:00,661.83
2025-09-26,10:00:00,10:30:00,658.69,6334356.0,False,False,16:00:00,661.82,2025-09-26 10:00:00,661.83
2025-09-26,10:30:00,11:00:00,658.45,3465455.0,False,False,16:00:00,661.82,2025-09-26 10:30:00,661.83
2025-09-26,11:00:00,11:30:00,659.89,2413679.0,False,False,16:00:00,661.82,2025-09-26 11:00:00,661.83
2025-09-26,11:30:00,12:00:00,658.7156,2391836.0,False,False,16:00:00,661.82,2025-09-26 11:30:00,661.83
2025-09-26,12:00:00,12:30:00,660.43,2353614.0,False,False,16:00:00,661.82,2025-09-26 12:00:00,661.83
2025-09-26,12:30:00,13:00:00,661.29,2277360.0,False,False,16:00:00,661.82,2025-09-26 12:30:00,661.83
2025-09-26,13:00:00,13:30:00,661.63,2018997.0,False,False,16:00:00,661.82,2025-09-26 13:00:00,661.83
2025-09-26,13:30:00,14:00:00,661.33,2035646.0,False,False,16:00:00,661.82,2025-09-26 13:30:00,661.83
2025-09-26,14:00:00,14:30:00,661.77,2571681.0,False,False,16:00:00,661.82,2025-09-26 14:00:00,661.83
2025-09-26,14:30:00,15:00:00,661.895,2221379.0,False,False,16:00:00,661.82,2025-09-26 14:30:00,661.83
2025-09-26,15:00:00,15:30:00,661.59,1882116.0,False,False,16:00:00,661.82,2025-09-26 15:00:00,661.83
2025-09-26,15:30:00,16:00:00,661.82,8059855.0,False,True,16:00:00,661.82,2025-09-26 15:30:00,661.83
2025-09-29,09:30:00,10:00:00,664.61,6495314.0,False,False,16:00:00,663.68,2025-09-29 09:30:00,664.61
2025-09-29,10:00:00,10:30:00,664.76,4245329.0,False,False,16:00:00,663.68,2025-09-29 10:00:00,664.61
2025-09-29,10:30:00,11:00:00,664.47,2764912.0,False,False,16:00:00,663.68,2025-09-29 10:30:00,664.61
2025-09-29,11:00:00,11:30:00,663.525,3844422.0,False,False,16:00:00,663.68,2025-09-29 11:00:00,664.61
2025-09-29,11:30:00,12:00:00,663.33,3170399.0,False,False,16:00:00,663.68,2025-09-29 11:30:00,664.61
2025-09-29,12:00:00,12:30:00,663.475,2251872.0,False,False,16:00:00,663.68,2025-09-29 12:00:00,664.61
2025-09-29,12:30:00,13:00:00,663.065,1484450.0,False,False,16:00:00,663.68,2025-09-29 12:30:00,664.61
2025-09-29,13:00:00,13:30:00,662.56,2386349.0,False,False,16:00:00,663.68,2025-09-29 13:00:00,664.61
2025-09-29,13:30:00,14:00:00,662.96,2669628.0,False,False,16:00:00,663.68,2025-09-29 13:30:00,664.61
2025-09-29,14:00:00,14:30:00,663.4601,2509028.0,False,False,16:00:00,663.68,2025-09-29 14:00:00,664.61
2025-09-29,14:30:00,15:00:00,663.34,2474917.0,False,False,16:00:00,663.68,2025-09-29 14:30:00,664.61
2025-09-29,15:00:00,15:30:00,662.64,5401507.0,False,False,16:00:00,663.68,2025-09-29 15:00:00,664.61
2025-09-29,15:30:00,16:00:00,663.68,10979093.0,False,True,16:00:00,663.68,2025-09-29 15:30:00,664.61
2025-09-30,09:30:00,10:00:00,663.065,5482339.0,False,False,16:00:00,666.18,2025-09-30 09:30:00,663.065
2025-09-30,10:00:00,10:30:00,662.89,3869893.0,False,False,16:00:00,666.18,2025-09-30 10:00:00,663.065
2025-09-30,10:30:00,11:00:00,663.23,3538986.0,False,False,16:00:00,666.18,2025-09-30 10:30:00,663.065
2025-09-30,11:00:00,11:30:00,662.19,2846151.0,False,False,16:00:00,666.18,2025-09-30 11:00:00,663.065
2025-09-30,11:30:00,12:00:00,663.0019,2548894.0,False,False,16:00:00,666.18,2025-09-30 11:30:00,663.065
2025-09-30,12:00:00,12:30:00,663.41,2051394.0,False,False,16:00:00,666.18,2025-09-30 12:00:00,663.065
2025-09-30,12:30:00,13:00:00,662.78,1580359.0,False,False,16:00:00,666.18,2025-09-30 12:30:00,663.065
2025-09-30,13:00:00,13:30:00,662.06,2451626.0,False,False,16:00:00,666.18,2025-09-30 13:00:00,663.065
2025-09-30,13:30:00,14:00:00,662.51,2351864.0,False,False,16:00:00,666.18,2025-09-30 13:30:00,663.065
2025-09-30,14:00:00,14:30:00,663.8499,3661834.0,False,False,16:00:00,666.18,2025-09-30 14:00:00,663.065
2025-09-30,14:30:00,15:00:00,664.43,2676405.0,False,False,16:00:00,666.18,2025-09-30 14:30:00,663.065
2025-09-30,15:00:00,15:30:00,665.405,4464176.0,False,False,16:00:00,666.18,2025-09-30 15:00:00,663.065
2025-09-30,15:30:00,16:00:00,666.205,19029084.0,False,True,16:00:00,666.18,2025-09-30 15:30:00,663.065
2025-10-01,09:30:00,10:00:00,663.6824,9018852.0,False,False,16:00:00,668.45,2025-10-01 09:30:00,663.6824
2025-10-01,10:00:00,10:30:00,665.585,4182780.0,False,False,16:00:00,668.45,2025-10-01 10:00:00,663.6824
2025-10-01,10:30:00,11:00:00,665.81,3537509.0,False,False,16:00:00,668.45,2025-10-01 10:30:00,663.6824
2025-10-01,11:00:00,11:30:00,666.328,2908154.0,False,False,16:00:00,668.45,2025-10-01 11:00:00,663.6824
2025-10-01,11:30:00,12:00:00,667.0,3019978.0,False,False,16:00:00,668.45,2025-10-01 11:30:00,663.6824
2025-10-01,12:00:00,12:30:00,666.9,1895100.0,False,False,16:00:00,668.45,2025-10-01 12:00:00,663.6824
2025-10-01,12:30:00,13:00:00,666.91,1766033.0,False,False,16:00:00,668.45,2025-10-01 12:30:00,663.6824
2025-10-01,13:00:00,13:30:00,667.9987,2854743.0,False,False,16:00:00,668.45,2025-10-01 13:00:00,663.6824
2025-10-01,13:30:00,14:00:00,667.952,1640891.0,False,False,16:00:00,668.45,2025-10-01 13:30:00,663.6824
2025-10-01,14:00:00,14:30:00,668.76,2849116.0,False,False,16:00:00,668.45,2025-10-01 14:00:00,663.6824
2025-10-01,14:30:00,15:00:00,669.1,2343186.0,False,False,16:00:00,668.45,2025-10-01 14:30:00,663.6824
2025-10-01,15:00:00,15:30:00,669.1,3042767.0,False,False,16:00:00,668.45,2025-10-01 15:00:00,663.6824
2025-10-01,15:30:00,16:00:00,668.5001,10397374.0,False,True,16:00:00,668.45,2025-10-01 15:30:00,663.6824
2025-10-02,09:30:00,10:00:00,669.3,6932678.0,False,False,16:00:00,669.22,2025-10-02 09:30:00,669.3
2025-10-02,10:00:00,10:30:00,668.735,3459009.0,False,False,16:00:00,669.22,2025-10-02 10:00:00,669.3
2025-10-02,10:30:00,11:00:00,667.56,2930215.0,False,False,16:00:00,669.22,2025-10-02 10:30:00,669.3
2025-10-02,11:00:00,11:30:00,667.61,2867074.0,False,False,16:00:00,669.22,2025-10-02 11:00:00,669.3
2025-10-02,11:30:00,12:00:00,668.305,2107782.0,False,False,16:00:00,669.22,2025-10-02 11:30:00,669.3
2025-10-02,12:00:00,12:30:00,668.1353,1549520.0,False,False,16:00:00,669.22,2025-10-02 12:00:00,669.3
2025-10-02,12:30:00,13:00:00,668.37,1463333.0,False,False,16:00:00,669.22,2025-10-02 12:30:00,669.3
2025-10-02,13:00:00,13:30:00,668.495,1512186.0,False,False,16:00:00,669.22,2025-10-02 13:00:00,669.3
2025-10-02,13:30:00,14:00:00,668.895,1993107.0,False,False,16:00:00,669.22,2025-10-02 13:30:00,669.3
2025-10-02,14:00:00,14:30:00,669.56,2115514.0,False,False,16:00:00,669.22,2025-10-02 14:00:00,669.3
2025-10-02,14:30:00,15:00:00,669.42,1832191.0,False,False,16:00:00,669.22,2025-10-02 14:30:00,669.3
2025-10-02,15:00:00,15:30:00,669.45,1908535.0,False,False,16:00:00,669.22,2025-10-02 15:00:00,669.3
2025-10-02,15:30:00,16:00:00,669.22,9403111.0,False,True,16:00:00,669.22,2025-10-02 15:30:00,669.3
2025-10-03,09:30:00,10:00:00,670.67,5222237.0,False,False,16:00:00,669.21,2025-10-03 09:30:00,670.67
2025-10-03,10:00:00,10:30:00,671.365,4044802.0,False,False,16:00:00,669.21,2025-10-03 10:00:00,670.67
2025-10-03,10:30:00,11:00:00,672.1,3001404.0,False,False,16:00:00,669.21,2025-10-03 10:30:00,670.67
2025-10-03,11:00:00,11:30:00,671.76,2315499.0,False,False,16:00:00,669.21,2025-10-03 11:00:00,670.67
2025-10-03,11:30:00,12:00:00,672.51,2720911.0,False,False,16:00:00,669.21,2025-10-03 11:30:00,670.67
2025-10-03,12:00:00,12:30:00,672.43,1619856.0,False,False,16:00:00,669.21,2025-10-03 12:00:00,670.67
2025-10-03,12:30:00,13:00:00,672.2,1456880.0,False,False,16:00:00,669.21,2025-10-03 12:30:00,670.67
2025-10-03,13:00:00,13:30:00,670.265,4782275.0,False,False,16:00:00,669.21,2025-10-03 13:00:00,670.67
2025-10-03,13:30:00,14:00:00,669.24,5610748.0,False,False,16:00:00,669.21,2025-10-03 13:30:00,670.67
2025-10-03,14:00:00,14:30:00,670.55,5035306.0,False,False,16:00:00,669.21,2025-10-03 14:00:00,670.67
2025-10-03,14:30:00,15:00:00,669.9,2709723.0,False,False,16:00:00,669.21,2025-10-03 14:30:00,670.67
2025-10-03,15:00:00,15:30:00,669.62,3208394.0,False,False,16:00:00,669.21,2025-10-03 15:00:00,670.67
2025-10-03,15:30:00,16:00:00,669.24,7776043.0,False,True,16:00:00,669.21,2025-10-03 15:30:00,670.67
2025-10-06,09:30:00,10:00:00,669.95,7204445.0,False,False,16:00:00,671.61,2025-10-06 09:30:00,669.95
2025-10-06,10:00:00,10:30:00,670.5,4175636.0,False,False,16:00:00,671.61,2025-10-06 10:00:00,669.95
2025-10-06,10:30:00,11:00:00,670.77,2370910.0,False,False,16:00:00,671.61,2025-10-06 10:30:00,669.95
2025-10-06,11:00:00,11:30:00,671.17,2037968.0,False,False,16:00:00,671.61,2025-10-06 11:00:00,669.95
2025-10-06,11:30:00,12:00:00,671.83,2224150.0,False,False,16:00:00,671.61,2025-10-06 11:30:00,669.95
2025-10-06,12:00:00,12:30:00,671.8,1581436.0,False,False,16:00:00,671.61,2025-10-06 12:00:00,669.95
2025-10-06,12:30:00,13:00:00,671.71,1291302.0,False,False,16:00:00,671.61,2025-10-06 12:30:00,669.95
2025-10-06,13:00:00,13:30:00,672.08,1946359.0,False,False,16:00:00,671.61,2025-10-06 13:00:00,669.95
2025-10-06,13:30:00,14:00:00,672.28,1890286.0,False,False,16:00:00,671.61,2025-10-06 13:30:00,669.95
2025-10-06,14:00:00,14:30:00,672.24,2098191.0,False,False,16:00:00,671.61,2025-10-06 14:00:00,669.95
2025-10-06,14:30:00,15:00:00,672.11,1835848.0,False,False,16:00:00,671.61,2025-10-06 14:30:00,669.95
2025-10-06,15:00:00,15:30:00,671.73,2156797.0,False,False,16:00:00,671.61,2025-10-06 15:00:00,669.95
2025-10-06,15:30:00,16:00:00,671.61,7281199.0,False,True,16:00:00,671.61,2025-10-06 15:30:00,669.95
2025-10-07,09:30:00,10:00:00,672.095,5514922.0,False,False,16:00:00,669.12,2025-10-07 09:30:00,672.095
2025-10-07,10:00:00,10:30:00,671.3,3221920.0,False,False,16:00:00,669.12,2025-10-07 10:00:00,672.095
2025-10-07,10:30:00,11:00:00,670.91,3835883.0,False,False,16:00:00,669.12,2025-10-07 10:30:00,672.095
2025-10-07,11:00:00,11:30:00,669.23,8734450.0,False,False,16:00:00,669.12,2025-10-07 11:00:00,672.095
2025-10-07,11:30:00,12:00:00,668.23,7297708.0,False,False,16:00:00,669.12,2025-10-07 11:30:00,672.095
2025-10-07,12:00:00,12:30:00,668.39,4233517.0,False,False,16:00:00,669.12,2025-10-07 12:00:00,672.095
2025-10-07,12:30:00,13:00:00,668.36,2934538.0,False,False,16:00:00,669.12,2025-10-07 12:30:00,672.095
2025-10-07,13:00:00,13:30:00,668.92,2073371.0,False,False,16:00:00,669.12,2025-10-07 13:00:00,672.095
2025-10-07,13:30:00,14:00:00,668.33,1741476.0,False,False,16:00:00,669.12,2025-10-07 13:30:00,672.095
2025-10-07,14:00:00,14:30:00,668.64,2204298.0,False,False,16:00:00,669.12,2025-10-07 14:00:00,672.095
2025-10-07,14:30:00,15:00:00,669.0,1669368.0,False,False,16:00:00,669.12,2025-10-07 14:30:00,672.095
2025-10-07,15:00:00,15:30:00,668.57,2218937.0,False,False,16:00:00,669.12,2025-10-07 15:00:00,672.095
2025-10-07,15:30:00,16:00:00,669.12,8083200.0,False,True,16:00:00,669.12,2025-10-07 15:30:00,672.095
2025-10-08,09:30:00,10:00:00,670.385,6682292.0,False,False,16:00:00,673.11,2025-10-08 09:30:00,670.385
2025-10-08,10:00:00,10:30:00,671.91,4535845.0,False,False,16:00:00,673.11,2025-10-08 10:00:00,670.385
2025-10-08,10:30:00,11:00:00,671.75,3237325.0,False,False,16:00:00,673.11,2025-10-08 10:30:00,670.385
2025-10-08,11:00:00,11:30:00,672.53,2833528.0,False,False,16:00:00,673.11,2025-10-08 11:00:00,670.385
2025-10-08,11:30:00,12:00:00,672.8,2093811.0,False,False,16:00:00,673.11,2025-10-08 11:30:00,670.385
2025-10-08,12:00:00,12:30:00,672.645,1819217.0,False,False,16:00:00,673.11,2025-10-08 12:00:00,670.385
2025-10-08,12:30:00,13:00:00,672.72,1471107.0,False,False,16:00:00,673.11,2025-10-08 12:30:00,670.385
2025-10-08,13:00:00,13:30:00,672.915,1312185.0,False,False,16:00:00,673.11,2025-10-08 13:00:00,670.385
2025-10-08,13:30:00,14:00:00,672.65,1604507.0,False,False,16:00:00,673.11,2025-10-08 13:30:00,670.385
2025-10-08,14:00:00,14:30:00,672.85,2708937.0,False,False,16:00:00,673.11,2025-10-08 14:00:00,670.385
2025-10-08,14:30:00,15:00:00,672.2407,2187735.0,False,False,16:00:00,673.11,2025-10-08 14:30:00,670.385
2025-10-08,15:00:00,15:30:00,672.875,3044969.0,False,False,16:00:00,673.11,2025-10-08 15:00:00,670.385
2025-10-08,15:30:00,16:00:00,673.11,9794114.0,False,True,16:00:00,673.11,2025-10-08 15:30:00,670.385
2025-10-09,09:30:00,10:00:00,671.73,7266878.0,False,False,16:00:00,671.16,2025-10-09 09:30:00,671.73
2025-10-09,10:00:00,10:30:00,671.18,4176116.0,False,False,16:00:00,671.16,2025-10-09 10:00:00,671.73
2025-10-09,10:30:00,11:00:00,671.4,5057093.0,False,False,16:00:00,671.16,2025-10-09 10:30:00,671.73
2025-10-09,11:00:00,11:30:00,670.75,2659396.0,False,False,16:00:00,671.16,2025-10-09 11:00:00,671.73
2025-10-09,11:30:00,12:00:00,671.33,3030773.0,False,False,16:00:00,671.16,2025-10-09 11:30:00,671.73
2025-10-09,12:00:00,12:30:00,670.965,1701604.0,False,False,16:00:00,671.16,2025-10-09 12:00:00,671.73
2025-10-09,12:30:00,13:00:00,669.76,2162337.0,False,False,16:00:00,671.16,2025-10-09 12:30:00,671.73
2025-10-09,13:00:00,13:30:00,669.47,3277290.0,False,False,16:00:00,671.16,2025-10-09 13:00:00,671.73
2025-10-09,13:30:00,14:00:00,670.18,2355896.0,False,False,16:00:00,671.16,2025-10-09 13:30:00,671.73
2025-10-09,14:00:00,14:30:00,669.815,1995276.0,False,False,16:00:00,671.16,2025-10-09 14:00:00,671.73
2025-10-09,14:30:00,15:00:00,669.92,1687433.0,False,False,16:00:00,671.16,2025-10-09 14:30:00,671.73
2025-10-09,15:00:00,15:30:00,670.48,2990931.0,False,False,16:00:00,671.16,2025-10-09 15:00:00,671.73
2025-10-09,15:30:00,16:00:00,671.08,9335711.0,False,True,16:00:00,671.16,2025-10-09 15:30:00,671.73
2025-10-10,09:30:00,10:00:00,673.17,6539333.0,False,False,16:00:00,653.02,2025-10-10 09:30:00,673.17
2025-10-10,10:00:00,10:30:00,672.565,3841054.0,False,False,16:00:00,653.02,2025-10-10 10:00:00,673.17
2025-10-10,10:30:00,11:00:00,668.725,5993044.0,False,False,16:00:00,653.02,2025-10-10 10:30:00,673.17
2025-10-10,11:00:00,11:30:00,662.42,24806214.0,False,False,16:00:00,653.02,2025-10-10 11:00:00,673.17
2025-10-10,11:30:00,12:00:00,661.52,15537008.0,False,False,16:00:00,653.02,2025-10-10 11:30:00,673.17
2025-10-10,12:00:00,12:30:00,661.5,7123150.0,False,False,16:00:00,653.02,2025-10-10 12:00:00,673.17
2025-10-10,12:30:00,13:00:00,659.04,5907052.0,False,False,16:00:00,653.02,2025-10-10 12:30:00,673.17
2025-10-10,13:00:00,13:30:00,659.84,5303657.0,False,False,16:00:00,653.02,2025-10-10 13:00:00,673.17
2025-10-10,13:30:00,14:00:00,659.64,4075539.0,False,False,16:00:00,653.02,2025-10-10 13:30:00,673.17
2025-10-10,14:00:00,14:30:00,659.11,3678936.0,False,False,16:00:00,653.02,2025-10-10 14:00:00,673.17
2025-10-10,14:30:00,15:00:00,657.215,4528662.0,False,False,16:00:00,653.02,2025-10-10 14:30:00,673.17
2025-10-10,15:00:00,15:30:00,656.12,5154336.0,False,False,16:00:00,653.02,2025-10-10 15:00:00,673.17
2025-10-10,15:30:00,16:00:00,653.02,19075100.0,False,True,16:00:00,653.02,2025-10-10 15:30:00,673.17
2025-10-13,09:30:00,10:00:00,662.88,10964328.0,False,False,16:00:00,663.04,2025-10-13 09:30:00,662.88
2025-10-13,10:00:00,10:30:00,660.87,6255059.0,False,False,16:00:00,663.04,2025-10-13 10:00:00,662.88
2025-10-13,10:30:00,11:00:00,660.2112,3797946.0,False,False,16:00:00,663.04,2025-10-13 10:30:00,662.88
2025-10-13,11:00:00,11:30:00,662.695,3556082.0,False,False,16:00:00,663.04,2025-10-13 11:00:00,662.88
2025-10-13,11:30:00,12:00:00,662.99,2591026.0,False,False,16:00:00,663.04,2025-10-13 11:30:00,662.88
2025-10-13,12:00:00,12:30:00,663.49,3658602.0,False,False,16:00:00,663.04,2025-10-13 12:00:00,662.88
2025-10-13,12:30:00,13:00:00,664.27,2049361.0,False,False,16:00:00,663.04,2025-10-13 12:30:00,662.88
2025-10-13,13:00:00,13:30:00,663.18,2069267.0,False,False,16:00:00,663.04,2025-10-13 13:00:00,662.88
2025-10-13,13:30:00,14:00:00,663.26,1702041.0,False,False,16:00:00,663.04,2025-10-13 13:30:00,662.88
2025-10-13,14:00:00,14:30:00,663.95,2070112.0,False,False,16:00:00,663.04,2025-10-13 14:00:00,662.88
2025-10-13,14:30:00,15:00:00,662.21,3294501.0,False,False,16:00:00,663.04,2025-10-13 14:30:00,662.88
2025-10-13,15:00:00,15:30:00,662.725,3544635.0,False,False,16:00:00,663.04,2025-10-13 15:00:00,662.88
2025-10-13,15:30:00,16:00:00,663.04,8803629.0,False,True,16:00:00,663.04,2025-10-13 15:30:00,662.88
2025-10-14,09:30:00,10:00:00,656.8,9808411.0,False,False,16:00:00,662.23,2025-10-14 09:30:00,656.8
2025-10-14,10:00:00,10:30:00,659.77,6002223.0,False,False,16:00:00,662.23,2025-10-14 10:00:00,656.8
2025-10-14,10:30:00,11:00:00,659.85,3320399.0,False,False,16:00:00,662.23,2025-10-14 10:30:00,656.8
2025-10-14,11:00:00,11:30:00,659.68,2532506.0,False,False,16:00:00,662.23,2025-10-14 11:00:00,656.8
2025-10-14,11:30:00,12:00:00,662.46,4095883.0,False,False,16:00:00,662.23,2025-10-14 11:30:00,656.8
2025-10-14,12:00:00,12:30:00,663.67,3207004.0,False,False,16:00:00,662.23,2025-10-14 12:00:00,656.8
2025-10-14,12:30:00,13:00:00,664.355,3434340.0,False,False,16:00:00,662.23,2025-10-14 12:30:00,656.8
2025-10-14,13:00:00,13:30:00,665.33,2261416.0,False,False,16:00:00,662.23,2025-10-14 13:00:00,656.8
2025-10-14,13:30:00,14:00:00,665.2093,2114072.0,False,False,16:00:00,662.23,2025-10-14 13:30:00,656.8
2025-10-14,14:00:00,14:30:00,665.14,2220470.0,False,False,16:00:00,662.23,2025-10-14 14:00:00,656.8
2025-10-14,14:30:00,15:00:00,664.95,1820099.0,False,False,16:00:00,662.23,2025-10-14 14:30:00,656.8
2025-10-14,15:00:00,15:30:00,664.75,2438846.0,False,False,16:00:00,662.23,2025-10-14 15:00:00,656.8
2025-10-14,15:30:00,16:00:00,662.16,15931589.0,False,True,16:00:00,662.23,2025-10-14 15:30:00,656.8
2025-10-15,09:30:00,10:00:00,668.4105,7937964.0,False,False,16:00:00,665.17,2025-10-15 09:30:00,668.4105
2025-10-15,10:00:00,10:30:00,669.68,3676429.0,False,False,16:00:00,665.17,2025-10-15 10:00:00,668.4105
2025-10-15,10:30:00,11:00:00,669.02,2068803.0,False,False,16:00:00,665.17,2025-10-15 10:30:00,668.4105
2025-10-15,11:00:00,11:30:00,667.6412,2049624.0,False,False,16:00:00,665.17,2025-10-15 11:00:00,668.4105
2025-10-15,11:30:00,12:00:00,665.26,4392639.0,False,False,16:00:00,665.17,2025-10-15 11:30:00,668.4105
2025-10-15,12:00:00,12:30:00,665.58,2782855.0,False,False,16:00:00,665.17,2025-10-15 12:00:00,668.4105
2025-10-15,12:30:00,13:00:00,664.1,1774952.0,False,False,16:00:00,665.17,2025-10-15 12:30:00,668.4105
2025-10-15,13:00:00,13:30:00,660.78,7317288.0,False,False,16:00:00,665.17,2025-10-15 13:00:00,668.4105
2025-10-15,13:30:00,14:00:00,664.23,2972579.0,False,False,16:00:00,665.17,2025-10-15 13:30:00,668.4105
2025-10-15,14:00:00,14:30:00,664.2613,2202558.0,False,False,16:00:00,665.17,2025-10-15 14:00:00,668.4105
2025-10-15,14:30:00,15:00:00,665.7,1965786.0,False,False,16:00:00,665.17,2025-10-15 14:30:00,668.4105
2025-10-15,15:00:00,15:30:00,665.37,2494614.0,False,False,16:00:00,665.17,2025-10-15 15:00:00,668.4105
2025-10-15,15:30:00,16:00:00,665.17,11080478.0,False,True,16:00:00,665.17,2025-10-15 15:30:00,668.4105
2025-10-16,09:30:00,10:00:00,666.665,6188574.0,False,False,16:00:00,660.64,2025-10-16 09:30:00,666.665
2025-10-16,10:00:00,10:30:00,666.9399,5043538.0,False,False,16:00:00,660.64,2025-10-16 10:00:00,666.665
2025-10-16,10:30:00,11:00:00,667.11,3840578.0,False,False,16:00:00,660.64,2025-10-16 10:30:00,666.665
2025-10-16,11:00:00,11:30:00,665.75,3250979.0,False,False,16:00:00,660.64,2025-10-16 11:00:00,666.665
2025-10-16,11:30:00,12:00:00,664.44,5005656.0,False,False,16:00:00,660.64,2025-10-16 11:30:00,666.665
2025-10-16,12:00:00,12:30:00,662.46,4085611.0,False,False,16:00:00,660.64,2025-10-16 12:00:00,666.665
2025-10-16,12:30:00,13:00:00,663.28,7881612.0,False,False,16:00:00,660.64,2025-10-16 12:30:00,666.665
2025-10-16,13:00:00,13:30:00,663.47,5136943.0,False,False,16:00:00,660.64,2025-10-16 13:00:00,666.665
2025-10-16,13:30:00,14:00:00,661.81,3394562.0,False,False,16:00:00,660.64,2025-10-16 13:30:00,666.665
2025-10-16,14:00:00,14:30:00,658.35,6322698.0,False,False,16:00:00,660.64,2025-10-16 14:00:00,666.665
2025-10-16,14:30:00,15:00:00,660.58,4905675.0,False,False,16:00:00,660.64,2025-10-16 14:30:00,666.665
2025-10-16,15:00:00,15:30:00,659.01,4483562.0,False,False,16:00:00,660.64,2025-10-16 15:00:00,666.665
2025-10-16,15:30:00,16:00:00,660.68,11974899.0,False,True,16:00:00,660.64,2025-10-16 15:30:00,666.665
2025-10-17,09:30:00,10:00:00,660.65,10317915.0,False,False,16:00:00,664.39,2025-10-17 09:30:00,660.65
2025-10-17,10:00:00,10:30:00,662.4,5032286.0,False,False,16:00:00,664.39,2025-10-17 10:00:00,660.65
2025-10-17,10:30:00,11:00:00,659.57,3799633.0,False,False,16:00:00,664.39,2025-10-17 10:30:00,660.65
2025-10-17,11:00:00,11:30:00,659.41,3723178.0,False,False,16:00:00,664.39,2025-10-17 11:00:00,660.65
2025-10-17,11:30:00,12:00:00,661.73,3696034.0,False,False,16:00:00,664.39,2025-10-17 11:30:00,660.65
2025-10-17,12:00:00,12:30:00,663.12,2569079.0,False,False,16:00:00,664.39,2025-10-17 12:00:00,660.65
2025-10-17,12:30:00,13:00:00,662.0,2699570.0,False,False,16:00:00,664.39,2025-10-17 12:30:00,660.65
2025-10-17,13:00:00,13:30:00,661.19,2083470.0,False,False,16:00:00,664.39,2025-10-17 13:00:00,660.65
2025-10-17,13:30:00,14:00:00,662.87,2575193.0,False,False,16:00:00,664.39,2025-10-17 13:30:00,660.65
2025-10-17,14:00:00,14:30:00,664.65,3279184.0,False,False,16:00:00,664.39,2025-10-17 14:00:00,660.65
2025-10-17,14:30:00,15:00:00,664.37,2439929.0,False,False,16:00:00,664.39,2025-10-17 14:30:00,660.65
2025-10-17,15:00:00,15:30:00,665.115,3062281.0,False,False,16:00:00,664.39,2025-10-17 15:00:00,660.65
2025-10-17,15:30:00,16:00:00,664.39,8441151.0,False,True,16:00:00,664.39,2025-10-17 15:30:00,660.65
2025-10-20,09:30:00,10:00:00,668.76,5713520.0,False,False,16:00:00,671.3,2025-10-20 09:30:00,668.76
2025-10-20,10:00:00,10:30:00,670.3,3575692.0,False,False,16:00:00,671.3,2025-10-20 10:00:00,668.76
2025-10-20,10:30:00,11:00:00,671.22,2963140.0,False,False,16:00:00,671.3,2025-10-20 10:30:00,668.76
2025-10-20,11:00:00,11:30:00,670.97,2161407.0,False,False,16:00:00,671.3,2025-10-20 11:00:00,668.76
2025-10-20,11:30:00,12:00:00,670.64,2427353.0,False,False,16:00:00,671.3,2025-10-20 11:30:00,668.76
2025-10-20,12:00:00,12:30:00,670.83,1558334.0,False,False,16:00:00,671.3,2025-10-20 12:00:00,668.76
2025-10-20,12:30:00,13:00:00,671.02,1349418.0,False,False,16:00:00,671.3,2025-10-20 12:30:00,668.76
2025-10-20,13:00:00,13:30:00,671.6195,1943256.0,False,False,16:00:00,671.3,2025-10-20 13:00:00,668.76
2025-10-20,13:30:00,14:00:00,671.77,1236692.0,False,False,16:00:00,671.3,2025-10-20 13:30:00,668.76
2025-10-20,14:00:00,14:30:00,671.88,1578409.0,False,False,16:00:00,671.3,2025-10-20 14:00:00,668.76
2025-10-20,14:30:00,15:00:00,671.65,2037653.0,False,False,16:00:00,671.3,2025-10-20 14:30:00,668.76
2025-10-20,15:00:00,15:30:00,671.72,2205112.0,False,False,16:00:00,671.3,2025-10-20 15:00:00,668.76
2025-10-20,15:30:00,16:00:00,671.3,8173985.0,False,True,16:00:00,671.3,2025-10-20 15:30:00,668.76
2025-10-21,09:30:00,10:00:00,670.58,4705520.0,False,False,16:00:00,671.29,2025-10-21 09:30:00,670.58
2025-10-21,10:00:00,10:30:00,670.59,3684516.0,False,False,16:00:00,671.29,2025-10-21 10:00:00,670.58
2025-10-21,10:30:00,11:00:00,672.605,3072595.0,False,False,16:00:00,671.29,2025-10-21 10:30:00,670.58
2025-10-21,11:00:00,11:30:00,671.95,2844499.0,False,False,16:00:00,671.29,2025-10-21 11:00:00,670.58
2025-10-21,11:30:00,12:00:00,672.218,2090613.0,False,False,16:00:00,671.29,2025-10-21 11:30:00,670.58
2025-10-21,12:00:00,12:30:00,672.65,1893536.0,False,False,16:00:00,671.29,2025-10-21 12:00:00,670.58
2025-10-21,12:30:00,13:00:00,671.42,3263327.0,False,False,16:00:00,671.29,2025-10-21 12:30:00,670.58
2025-10-21,13:00:00,13:30:00,671.6,2819711.0,False,False,16:00:00,671.29,2025-10-21 13:00:00,670.58
2025-10-21,13:30:00,14:00:00,672.2,1455300.0,False,False,16:00:00,671.29,2025-10-21 13:30:00,670.58
2025-10-21,14:00:00,14:30:00,672.2858,1883249.0,False,False,16:00:00,671.29,2025-10-21 14:00:00,670.58
2025-10-21,14:30:00,15:00:00,671.93,1451423.0,False,False,16:00:00,671.29,2025-10-21 14:30:00,670.58
2025-10-21,15:00:00,15:30:00,671.885,2055411.0,False,False,16:00:00,671.29,2025-10-21 15:00:00,670.58
2025-10-21,15:30:00,16:00:00,671.29,6088426.0,False,True,16:00:00,671.29,2025-10-21 15:30:00,670.58
2025-10-22,09:30:00,10:00:00,671.215,4047917.0,False,False,16:00:00,667.8,2025-10-22 09:30:00,671.215
2025-10-22,10:00:00,10:30:00,669.3375,3117723.0,False,False,16:00:00,667.8,2025-10-22 10:00:00,671.215
2025-10-22,10:30:00,11:00:00,670.08,5137910.0,False,False,16:00:00,667.8,2025-10-22 10:30:00,671.215
2025-10-22,11:00:00,11:30:00,667.89,3657272.0,False,False,16:00:00,667.8,2025-10-22 11:00:00,671.215
2025-10-22,11:30:00,12:00:00,669.008,2985556.0,False,False,16:00:00,667.8,2025-10-22 11:30:00,671.215
2025-10-22,12:00:00,12:30:00,667.63,2084920.0,False,False,16:00:00,667.8,2025-10-22 12:00:00,671.215
2025-10-22,12:30:00,13:00:00,667.19,8470844.0,False,False,16:00:00,667.8,2025-10-22 12:30:00,671.215
2025-10-22,13:00:00,13:30:00,665.3101,2904815.0,False,False,16:00:00,667.8,2025-10-22 13:00:00,671.215
2025-10-22,13:30:00,14:00:00,664.78,3811183.0,False,False,16:00:00,667.8,2025-10-22 13:30:00,671.215
2025-10-22,14:00:00,14:30:00,665.64,3283899.0,False,False,16:00:00,667.8,2025-10-22 14:00:00,671.215
2025-10-22,14:30:00,15:00:00,666.49,2465559.0,False,False,16:00:00,667.8,2025-10-22 14:30:00,671.215
2025-10-22,15:00:00,15:30:00,667.46,4694892.0,False,False,16:00:00,667.8,2025-10-22 15:00:00,671.215
2025-10-22,15:30:00,16:00:00,667.86,8790732.0,False,True,16:00:00,667.8,2025-10-22 15:30:00,671.215
2025-10-23,09:30:00,10:00:00,670.1184,5483750.0,False,False,16:00:00,671.76,2025-10-23 09:30:00,670.1184
2025-10-23,10:00:00,10:30:00,669.37,3941819.0,False,False,16:00:00,671.76,2025-10-23 10:00:00,670.1184
2025-10-23,10:30:00,11:00:00,670.22,2511700.0,False,False,16:00:00,671.76,2025-10-23 10:30:00,670.1184
2025-10-23,11:00:00,11:30:00,670.09,1962058.0,False,False,16:00:00,671.76,2025-10-23 11:00:00,670.1184
2025-10-23,11:30:00,12:00:00,670.24,2016869.0,False,False,16:00:00,671.76,2025-10-23 11:30:00,670.1184
2025-10-23,12:00:00,12:30:00,670.52,1890097.0,False,False,16:00:00,671.76,2025-10-23 12:00:00,670.1184
2025-10-23,12:30:00,13:00:00,671.46,1936419.0,False,False,16:00:00,671.76,2025-10-23 12:30:00,670.1184
2025-10-23,13:00:00,13:30:00,670.9903,2712728.0,False,False,16:00:00,671.76,2025-10-23 13:00:00,670.1184
2025-10-23,13:30:00,14:00:00,672.387,2548084.0,False,False,16:00:00,671.76,2025-10-23 13:30:00,670.1184
2025-10-23,14:00:00,14:30:00,672.48,1954329.0,False,False,16:00:00,671.76,2025-10-23 14:00:00,670.1184
2025-10-23,14:30:00,15:00:00,672.59,1522696.0,False,False,16:00:00,671.76,2025-10-23 14:30:00,670.1184
2025-10-23,15:00:00,15:30:00,672.435,2355927.0,False,False,16:00:00,671.76,2025-10-23 15:00:00,670.1184
2025-10-23,15:30:00,16:00:00,671.66,10284979.0,False,True,16:00:00,671.76,2025-10-23 15:30:00,670.1184
2025-10-24,09:30:00,10:00:00,677.47,6623301.0,False,False,16:00:00,677.25,2025-10-24 09:30:00,677.47
2025-10-24,10:00:00,10:30:00,676.74,3416477.0,False,False,16:00:00,677.25,2025-10-24 10:00:00,677.47
2025-10-24,10:30:00,11:00:00,676.68,2813888.0,False,False,16:00:00,677.25,2025-10-24 10:30:00,677.47
2025-10-24,11:00:00,11:30:00,678.19,3199351.0,False,False,16:00:00,677.25,2025-10-24 11:00:00,677.47
2025-10-24,11:30:00,12:00:00,677.96,2499033.0,False,False,16:00:00,677.25,2025-10-24 11:30:00,677.47
2025-10-24,12:00:00,12:30:00,677.88,1810182.0,False,False,16:00:00,677.25,2025-10-24 12:00:00,677.47
2025-10-24,12:30:00,13:00:00,677.908,1848955.0,False,False,16:00:00,677.25,2025-10-24 12:30:00,677.47
2025-10-24,13:00:00,13:30:00,678.04,1039575.0,False,False,16:00:00,677.25,2025-10-24 13:00:00,677.47
2025-10-24,13:30:00,14:00:00,678.06,1372238.0,False,False,16:00:00,677.25,2025-10-24 13:30:00,677.47
2025-10-24,14:00:00,14:30:00,678.15,1271205.0,False,False,16:00:00,677.25,2025-10-24 14:00:00,677.47
2025-10-24,14:30:00,15:00:00,678.2,1669400.0,False,False,16:00:00,677.25,2025-10-24 14:30:00,677.47
2025-10-24,15:00:00,15:30:00,678.22,2374989.0,False,False,16:00:00,677.25,2025-10-24 15:00:00,677.47
2025-10-24,15:30:00,16:00:00,677.26,11619461.0,False,True,16:00:00,677.25,2025-10-24 15:30:00,677.47
2025-10-27,09:30:00,10:00:00,683.145,5765971.0,False,False,16:00:00,685.24,2025-10-27 09:30:00,683.145
2025-10-27,10:00:00,10:30:00,683.02,4079001.0,False,False,16:00:00,685.24,2025-10-27 10:00:00,683.145
2025-10-27,10:30:00,11:00:00,682.65,2593194.0,False,False,16:00:00,685.24,2025-10-27 10:30:00,683.145
2025-10-27,11:00:00,11:30:00,683.365,1950768.0,False,False,16:00:00,685.24,2025-10-27 11:00:00,683.145
2025-10-27,11:30:00,12:00:00,683.418,1861660.0,False,False,16:00:00,685.24,2025-10-27 11:30:00,683.145
2025-10-27,12:00:00,12:30:00,683.53,1838711.0,False,False,16:00:00,685.24,2025-10-27 12:00:00,683.145
2025-10-27,12:30:00,13:00:00,683.77,1534923.0,False,False,16:00:00,685.24,2025-10-27 12:30:00,683.145
2025-10-27,13:00:00,13:30:00,683.46,1871031.0,False,False,16:00:00,685.24,2025-10-27 13:00:00,683.145
2025-10-27,13:30:00,14:00:00,683.9,2521634.0,False,False,16:00:00,685.24,2025-10-27 13:30:00,683.145
2025-10-27,14:00:00,14:30:00,683.86,1265480.0,False,False,16:00:00,685.24,2025-10-27 14:00:00,683.145
2025-10-27,14:30:00,15:00:00,684.134,2460274.0,False,False,16:00:00,685.24,2025-10-27 14:30:00,683.145
2025-10-27,15:00:00,15:30:00,684.24,2567590.0,False,False,16:00:00,685.24,2025-10-27 15:00:00,683.145
2025-10-27,15:30:00,16:00:00,685.24,11765461.0,False,True,16:00:00,685.24,2025-10-27 15:30:00,683.145
2025-10-28,09:30:00,10:00:00,685.73,5824642.0,False,False,16:00:00,687.06,2025-10-28 09:30:00,685.73
2025-10-28,10:00:00,10:30:00,686.11,2245732.0,False,False,16:00:00,687.06,2025-10-28 10:00:00,685.73
2025-10-28,10:30:00,11:00:00,685.82,2472484.0,False,False,16:00:00,687.06,2025-10-28 10:30:00,685.73
2025-10-28,11:00:00,11:30:00,685.52,1297690.0,False,False,16:00:00,687.06,2025-10-28 11:00:00,685.73
2025-10-28,11:30:00,12:00:00,685.585,1978277.0,False,False,16:00:00,687.06,2025-10-28 11:30:00,685.73
2025-10-28,12:00:00,12:30:00,686.18,1540607.0,False,False,16:00:00,687.06,2025-10-28 12:00:00,685.73
2025-10-28,12:30:00,13:00:00,686.87,3525361.0,False,False,16:00:00,687.06,2025-10-28 12:30:00,685.73
2025-10-28,13:00:00,13:30:00,686.98,1712700.0,False,False,16:00:00,687.06,2025-10-28 13:00:00,685.73
2025-10-28,13:30:00,14:00:00,687.625,2014364.0,False,False,16:00:00,687.06,2025-10-28 13:30:00,685.73
2025-10-28,14:00:00,14:30:00,688.04,2421132.0,False,False,16:00:00,687.06,2025-10-28 14:00:00,685.73
2025-10-28,14:30:00,15:00:00,688.13,1860159.0,False,False,16:00:00,687.06,2025-10-28 14:30:00,685.73
2025-10-28,15:00:00,15:30:00,688.695,3110467.0,False,False,16:00:00,687.06,2025-10-28 15:00:00,685.73
2025-10-28,15:30:00,16:00:00,687.05,9451838.0,False,True,16:00:00,687.06,2025-10-28 15:30:00,685.73
2025-10-29,09:30:00,10:00:00,689.64,6167277.0,False,False,16:00:00,687.39,2025-10-29 09:30:00,689.64
2025-10-29,10:00:00,10:30:00,688.99,3642926.0,False,False,16:00:00,687.39,2025-10-29 10:00:00,689.64
2025-10-29,10:30:00,11:00:00,688.375,3991548.0,False,False,16:00:00,687.39,2025-10-29 10:30:00,689.64
2025-10-29,11:00:00,11:30:00,688.24,3555989.0,False,False,16:00:00,687.39,2025-10-29 11:00:00,689.64
2025-10-29,11:30:00,12:00:00,688.0,2874439.0,False,False,16:00:00,687.39,2025-10-29 11:30:00,689.64
2025-10-29,12:00:00,12:30:00,688.48,1773432.0,False,False,16:00:00,687.39,2025-10-29 12:00:00,689.64
2025-10-29,12:30:00,13:00:00,688.5675,1340541.0,False,False,16:00:00,687.39,2025-10-29 12:30:00,689.64
2025-10-29,13:00:00,13:30:00,687.86,1285040.0,False,False,16:00:00,687.39,2025-10-29 13:00:00,689.64
2025-10-29,13:30:00,14:00:00,688.17,1722399.0,False,False,16:00:00,687.39,2025-10-29 13:30:00,689.64
2025-10-29,14:00:00,14:30:00,688.04,3168449.0,False,False,16:00:00,687.39,2025-10-29 14:00:00,689.64
2025-10-29,14:30:00,15:00:00,686.12,11901486.0,False,False,16:00:00,687.39,2025-10-29 14:30:00,689.64
2025-10-29,15:00:00,15:30:00,685.45,4660243.0,False,False,16:00:00,687.39,2025-10-29 15:00:00,689.64
2025-10-29,15:30:00,16:00:00,687.39,9228824.0,False,True,16:00:00,687.39,2025-10-29 15:30:00,689.64
2025-10-30,09:30:00,10:00:00,685.05,8460491.0,False,False,16:00:00,679.83,2025-10-30 09:30:00,685.05
2025-10-30,10:00:00,10:30:00,683.44,4549223.0,False,False,16:00:00,679.83,2025-10-30 10:00:00,685.05
2025-10-30,10:30:00,11:00:00,684.49,3106609.0,False,False,16:00:00,679.83,2025-10-30 10:30:00,685.05
2025-10-30,11:00:00,11:30:00,684.8,1808362.0,False,False,16:00:00,679.83,2025-10-30 11:00:00,685.05
2025-10-30,11:30:00,12:00:00,683.35,2474038.0,False,False,16:00:00,679.83,2025-10-30 11:30:00,685.05
2025-10-30,12:00:00,12:30:00,684.9,1839499.0,False,False,16:00:00,679.83,2025-10-30 12:00:00,685.05
2025-10-30,12:30:00,13:00:00,684.41,1756649.0,False,False,16:00:00,679.83,2025-10-30 12:30:00,685.05
2025-10-30,13:00:00,13:30:00,684.33,1848790.0,False,False,16:00:00,679.83,2025-10-30 13:00:00,685.05
2025-10-30,13:30:00,14:00:00,684.38,1617928.0,False,False,16:00:00,679.83,2025-10-30 13:30:00,685.05
2025-10-30,14:00:00,14:30:00,682.96,2785709.0,False,False,16:00:00,679.83,2025-10-30 14:00:00,685.05
2025-10-30,14:30:00,15:00:00,682.35,2604523.0,False,False,16:00:00,679.83,2025-10-30 14:30:00,685.05
2025-10-30,15:00:00,15:30:00,681.31,3945813.0,False,False,16:00:00,679.83,2025-10-30 15:00:00,685.05
2025-10-30,15:30:00,16:00:00,679.83,10199511.0,False,True,16:00:00,679.83,2025-10-30 15:30:00,685.05
2025-10-31,09:30:00,10:00:00,683.55,5536158.0,False,False,16:00:00,682.06,2025-10-31 09:30:00,683.55
2025-10-31,10:00:00,10:30:00,683.24,3218244.0,False,False,16:00:00,682.06,2025-10-31 10:00:00,683.55
2025-10-31,10:30:00,11:00:00,684.48,2579272.0,False,False,16:00:00,682.06,2025-10-31 10:30:00,683.55
2025-10-31,11:00:00,11:30:00,683.7599,2291699.0,False,False,16:00:00,682.06,2025-10-31 11:00:00,683.55
2025-10-31,11:30:00,12:00:00,682.06,3610522.0,False,False,16:00:00,682.06,2025-10-31 11:30:00,683.55
2025-10-31,12:00:00,12:30:00,681.77,3861851.0,False,False,16:00:00,682.06,2025-10-31 12:00:00,683.55
2025-10-31,12:30:00,13:00:00,680.365,2283647.0,False,False,16:00:00,682.06,2025-10-31 12:30:00,683.55
2025-10-31,13:00:00,13:30:00,679.79,3339748.0,False,False,16:00:00,682.06,2025-10-31 13:00:00,683.55
2025-10-31,13:30:00,14:00:00,680.8493,2210722.0,False,False,16:00:00,682.06,2025-10-31 13:30:00,683.55
2025-10-31,14:00:00,14:30:00,682.298,2712924.0,False,False,16:00:00,682.06,2025-10-31 14:00:00,683.55
2025-10-31,14:30:00,15:00:00,682.59,2451090.0,False,False,16:00:00,682.06,2025-10-31 14:30:00,683.55
2025-10-31,15:00:00,15:30:00,684.08,3549439.0,False,False,16:00:00,682.06,2025-10-31 15:00:00,683.55
2025-10-31,15:30:00,16:00:00,682.06,15130306.0,False,True,16:00:00,682.06,2025-10-31 15:30:00,683.55
2025-11-03,09:30:00,10:00:00,682.52,6966296.0,False,False,16:00:00,683.34,2025-11-03 09:30:00,682.52
2025-11-03,10:00:00,10:30:00,680.3899,4981801.0,False,False,16:00:00,683.34,2025-11-03 10:00:00,682.52
2025-11-03,10:30:00,11:00:00,682.42,3985107.0,False,False,16:00:00,683.34,2025-11-03 10:30:00,682.52
2025-11-03,11:00:00,11:30:00,682.05,2041916.0,False,False,16:00:00,683.34,2025-11-03 11:00:00,682.52
2025-11-03,11:30:00,12:00:00,683.43,2289146.0,False,False,16:00:00,683.34,2025-11-03 11:30:00,682.52
2025-11-03,12:00:00,12:30:00,682.755,2149125.0,False,False,16:00:00,683.34,2025-11-03 12:00:00,682.52
2025-11-03,12:30:00,13:00:00,683.855,1554945.0,False,False,16:00:00,683.34,2025-11-03 12:30:00,682.52
2025-11-03,13:00:00,13:30:00,683.64,1472354.0,False,False,16:00:00,683.34,2025-11-03 13:00:00,682.52
2025-11-03,13:30:00,14:00:00,683.82,1364008.0,False,False,16:00:00,683.34,2025-11-03 13:30:00,682.52
2025-11-03,14:00:00,14:30:00,683.2507,2197413.0,False,False,16:00:00,683.34,2025-11-03 14:00:00,682.52
2025-11-03,14:30:00,15:00:00,683.47,2389341.0,False,False,16:00:00,683.34,2025-11-03 14:30:00,682.52
2025-11-03,15:00:00,15:30:00,683.13,2236635.0,False,False,16:00:00,683.34,2025-11-03 15:00:00,682.52
2025-11-03,15:30:00,16:00:00,683.34,8066997.0,False,True,16:00:00,683.34,2025-11-03 15:30:00,682.52
2025-11-04,09:30:00,10:00:00,678.8,9412625.0,False,False,16:00:00,675.24,2025-11-04 09:30:00,678.8
2025-11-04,10:00:00,10:30:00,679.24,4089751.0,False,False,16:00:00,675.24,2025-11-04 10:00:00,678.8
2025-11-04,10:30:00,11:00:00,678.13,3320847.0,False,False,16:00:00,675.24,2025-11-04 10:30:00,678.8
2025-11-04,11:00:00,11:30:00,678.15,3029974.0,False,False,16:00:00,675.24,2025-11-04 11:00:00,678.8
2025-11-04,11:30:00,12:00:00,678.13,2767591.0,False,False,16:00:00,675.24,2025-11-04 11:30:00,678.8
2025-11-04,12:00:00,12:30:00,676.94,3533177.0,False,False,16:00:00,675.24,2025-11-04 12:00:00,678.8
2025-11-04,12:30:00,13:00:00,675.92,2734638.0,False,False,16:00:00,675.24,2025-11-04 12:30:00,678.8
2025-11-04,13:00:00,13:30:00,675.22,2422527.0,False,False,16:00:00,675.24,2025-11-04 13:00:00,678.8
2025-11-04,13:30:00,14:00:00,676.08,3342166.0,False,False,16:00:00,675.24,2025-11-04 13:30:00,678.8
2025-11-04,14:00:00,14:30:00,676.23,3699800.0,False,False,16:00:00,675.24,2025-11-04 14:00:00,678.8
2025-11-04,14:30:00,15:00:00,675.225,3402308.0,False,False,16:00:00,675.24,2025-11-04 14:30:00,678.8
2025-11-04,15:00:00,15:30:00,675.985,3616653.0,False,False,16:00:00,675.24,2025-11-04 15:00:00,678.8
2025-11-04,15:30:00,16:00:00,675.24,11500869.0,False,True,16:00:00,675.24,2025-11-04 15:30:00,678.8
2025-11-05,09:30:00,10:00:00,677.17,6889394.0,False,False,16:00:00,677.58,2025-11-05 09:30:00,677.17
2025-11-05,10:00:00,10:30:00,677.41,6154960.0,False,False,16:00:00,677.58,2025-11-05 10:00:00,677.17
2025-11-05,10:30:00,11:00:00,677.85,3188136.0,False,False,16:00:00,677.58,2025-11-05 10:30:00,677.17
2025-11-05,11:00:00,11:30:00,678.34,3203921.0,False,False,16:00:00,677.58,2025-11-05 11:00:00,677.17
2025-11-05,11:30:00,12:00:00,679.3682,3556790.0,False,False,16:00:00,677.58,2025-11-05 11:30:00,677.17
2025-11-05,12:00:00,12:30:00,680.0299,2379887.0,False,False,16:00:00,677.58,2025-11-05 12:00:00,677.17
2025-11-05,12:30:00,13:00:00,680.198,2781963.0,False,False,16:00:00,677.58,2025-11-05 12:30:00,677.17
2025-11-05,13:00:00,13:30:00,680.38,1872566.0,False,False,16:00:00,677.58,2025-11-05 13:00:00,677.17
2025-11-05,13:30:00,14:00:00,680.595,1672864.0,False,False,16:00:00,677.58,2025-11-05 13:30:00,677.17
2025-11-05,14:00:00,14:30:00,680.2,2558259.0,False,False,16:00:00,677.58,2025-11-05 14:00:00,677.17
2025-11-05,14:30:00,15:00:00,680.215,1800669.0,False,False,16:00:00,677.58,2025-11-05 14:30:00,677.17
2025-11-05,15:00:00,15:30:00,679.76,2805710.0,False,False,16:00:00,677.58,2025-11-05 15:00:00,677.17
2025-11-05,15:30:00,16:00:00,677.545,12882110.0,False,True,16:00:00,677.58,2025-11-05 15:30:00,677.17
2025-11-06,09:30:00,10:00:00,674.05,6341946.0,False,False,16:00:00,670.31,2025-11-06 09:30:00,674.05
2025-11-06,10:00:00,10:30:00,674.61,7322498.0,False,False,16:00:00,670.31,2025-11-06 10:00:00,674.05
2025-11-06,10:30:00,11:00:00,670.91,7033850.0,False,False,16:00:00,670.31,2025-11-06 10:30:00,674.05
2025-11-06,11:00:00,11:30:00,671.34,4312779.0,False,False,16:00:00,670.31,2025-11-06 11:00:00,674.05
2025-11-06,11:30:00,12:00:00,669.44,3829637.0,False,False,16:00:00,670.31,2025-11-06 11:30:00,674.05
2025-11-06,12:00:00,12:30:00,669.54,3785228.0,False,False,16:00:00,670.31,2025-11-06 12:00:00,674.05
2025-11-06,12:30:00,13:00:00,671.04,3235021.0,False,False,16:00:00,670.31,2025-11-06 12:30:00,674.05
2025-11-06,13:00:00,13:30:00,670.95,3525997.0,False,False,16:00:00,670.31,2025-11-06 13:00:00,674.05
2025-11-06,13:30:00,14:00:00,671.43,2461193.0,False,False,16:00:00,670.31,2025-11-06 13:30:00,674.05
2025-11-06,14:00:00,14:30:00,673.4,3366419.0,False,False,16:00:00,670.31,2025-11-06 14:00:00,674.05
2025-11-06,14:30:00,15:00:00,673.01,3866257.0,False,False,16:00:00,670.31,2025-11-06 14:30:00,674.05
2025-11-06,15:00:00,15:30:00,672.3675,3191483.0,False,False,16:00:00,670.31,2025-11-06 15:00:00,674.05
2025-11-06,15:30:00,16:00:00,670.31,13135499.0,False,True,16:00:00,670.31,2025-11-06 15:30:00,674.05
2025-11-07,09:30:00,10:00:00,666.345,10900807.0,False,False,16:00:00,670.97,2025-11-07 09:30:00,666.345
2025-11-07,10:00:00,10:30:00,665.88,6775582.0,False,False,16:00:00,670.97,2025-11-07 10:00:00,666.345
2025-11-07,10:30:00,11:00:00,663.36,6451361.0,False,False,16:00:00,670.97,2025-11-07 10:30:00,666.345
2025-11-07,11:00:00,11:30:00,662.76,6369441.0,False,False,16:00:00,670.97,2025-11-07 11:00:00,666.345
2025-11-07,11:30:00,12:00:00,662.03,4741872.0,False,False,16:00:00,670.97,2025-11-07 11:30:00,666.345
2025-11-07,12:00:00,12:30:00,663.5,4525295.0,False,False,16:00:00,670.97,2025-11-07 12:00:00,666.345
2025-11-07,12:30:00,13:00:00,663.95,3590967.0,False,False,16:00:00,670.97,2025-11-07 12:30:00,666.345
2025-11-07,13:00:00,13:30:00,665.3,3318704.0,False,False,16:00:00,670.97,2025-11-07 13:00:00,666.345
2025-11-07,13:30:00,14:00:00,665.4499,3160712.0,False,False,16:00:00,670.97,2025-11-07 13:30:00,666.345
2025-11-07,14:00:00,14:30:00,666.5501,3609428.0,False,False,16:00:00,670.97,2025-11-07 14:00:00,666.345
2025-11-07,14:30:00,15:00:00,669.79,8328720.0,False,False,16:00:00,670.97,2025-11-07 14:30:00,666.345
2025-11-07,15:00:00,15:30:00,668.72,6723249.0,False,False,16:00:00,670.97,2025-11-07 15:00:00,666.345
2025-11-07,15:30:00,16:00:00,670.97,10560701.0,False,True,16:00:00,670.97,2025-11-07 15:30:00,666.345
2025-11-10,09:30:00,10:00:00,678.525,10055489.0,False,False,16:00:00,681.44,2025-11-10 09:30:00,678.525
2025-11-10,10:00:00,10:30:00,678.88,4149593.0,False,False,16:00:00,681.44,2025-11-10 10:00:00,678.525
2025-11-10,10:30:00,11:00:00,676.18,4627555.0,False,False,16:00:00,681.44,2025-11-10 10:30:00,678.525
2025-11-10,11:00:00,11:30:00,675.64,4392697.0,False,False,16:00:00,681.44,2025-11-10 11:00:00,678.525
2025-11-10,11:30:00,12:00:00,676.62,2675966.0,False,False,16:00:00,681.44,2025-11-10 11:30:00,678.525
2025-11-10,12:00:00,12:30:00,677.52,2942370.0,False,False,16:00:00,681.44,2025-11-10 12:00:00,678.525
2025-11-10,12:30:00,13:00:00,679.42,3095441.0,False,False,16:00:00,681.44,2025-11-10 12:30:00,678.525
2025-11-10,13:00:00,13:30:00,679.51,2502673.0,False,False,16:00:00,681.44,2025-11-10 13:00:00,678.525
2025-11-10,13:30:00,14:00:00,679.8488,2232572.0,False,False,16:00:00,681.44,2025-11-10 13:30:00,678.525
2025-11-10,14:00:00,14:30:00,680.755,2200272.0,False,False,16:00:00,681.44,2025-11-10 14:00:00,678.525
2025-11-10,14:30:00,15:00:00,681.27,3387156.0,False,False,16:00:00,681.44,2025-11-10 14:30:00,678.525
2025-11-10,15:00:00,15:30:00,681.22,3603174.0,False,False,16:00:00,681.44,2025-11-10 15:00:00,678.525
2025-11-10,15:30:00,16:00:00,681.43,11625992.0,False,True,16:00:00,681.44,2025-11-10 15:30:00,678.525
2025-11-11,09:30:00,10:00:00,680.645,4766355.0,False,False,16:00:00,683.0,2025-11-11 09:30:00,680.645
2025-11-11,10:00:00,10:30:00,679.365,3506420.0,False,False,16:00:00,683.0,2025-11-11 10:00:00,680.645
2025-11-11,10:30:00,11:00:00,679.25,2558803.0,False,False,16:00:00,683.0,2025-11-11 10:30:00,680.645
2025-11-11,11:00:00,11:30:00,679.29,2630504.0,False,False,16:00:00,683.0,2025-11-11 11:00:00,680.645
2025-11-11,11:30:00,12:00:00,679.7,2127360.0,False,False,16:00:00,683.0,2025-11-11 11:30:00,680.645
2025-11-11,12:00:00,12:30:00,681.02,2365125.0,False,False,16:00:00,683.0,2025-11-11 12:00:00,680.645
2025-11-11,12:30:00,13:00:00,682.09,2147881.0,False,False,16:00:00,683.0,2025-11-11 12:30:00,680.645
2025-11-11,13:00:00,13:30:00,682.89,2998419.0,False,False,16:00:00,683.0,2025-11-11 13:00:00,680.645
2025-11-11,13:30:00,14:00:00,683.092,2638673.0,False,False,16:00:00,683.0,2025-11-11 13:30:00,680.645
2025-11-11,14:00:00,14:30:00,683.14,2390509.0,False,False,16:00:00,683.0,2025-11-11 14:00:00,680.645
2025-11-11,14:30:00,15:00:00,683.145,2072638.0,False,False,16:00:00,683.0,2025-11-11 14:30:00,680.645
2025-11-11,15:00:00,15:30:00,682.84,3049702.0,False,False,16:00:00,683.0,2025-11-11 15:00:00,680.645
2025-11-11,15:30:00,16:00:00,683.0,10221125.0,False,True,16:00:00,683.0,2025-11-11 15:30:00,680.645
2025-11-12,09:30:00,10:00:00,683.61,6448524.0,False,False,16:00:00,683.38,2025-11-12 09:30:00,683.61
2025-11-12,10:00:00,10:30:00,683.23,3800790.0,False,False,16:00:00,683.38,2025-11-12 10:00:00,683.61
2025-11-12,10:30:00,11:00:00,682.29,3364587.0,False,False,16:00:00,683.38,2025-11-12 10:30:00,683.61
2025-11-12,11:00:00,11:30:00,682.35,2954031.0,False,False,16:00:00,683.38,2025-11-12 11:00:00,683.61
2025-11-12,11:30:00,12:00:00,681.81,2913717.0,False,False,16:00:00,683.38,2025-11-12 11:30:00,683.61
2025-11-12,12:00:00,12:30:00,682.44,2179192.0,False,False,16:00:00,683.38,2025-11-12 12:00:00,683.61
2025-11-12,12:30:00,13:00:00,683.68,2439079.0,False,False,16:00:00,683.38,2025-11-12 12:30:00,683.61
2025-11-12,13:00:00,13:30:00,683.4617,1860792.0,False,False,16:00:00,683.38,2025-11-12 13:00:00,683.61
2025-11-12,13:30:00,14:00:00,683.64,1879714.0,False,False,16:00:00,683.38,2025-11-12 13:30:00,683.61
2025-11-12,14:00:00,14:30:00,682.74,2546259.0,False,False,16:00:00,683.38,2025-11-12 14:00:00,683.61
2025-11-12,14:30:00,15:00:00,682.735,2917133.0,False,False,16:00:00,683.38,2025-11-12 14:30:00,683.61
2025-11-12,15:00:00,15:30:00,683.325,2874617.0,False,False,16:00:00,683.38,2025-11-12 15:00:00,683.61
2025-11-12,15:30:00,16:00:00,683.38,10631041.0,False,True,16:00:00,683.38,2025-11-12 15:30:00,683.61
2025-11-13,09:30:00,10:00:00,678.72,7649125.0,False,False,16:00:00,672.04,2025-11-13 09:30:00,678.72
2025-11-13,10:00:00,10:30:00,678.9,5194692.0,False,False,16:00:00,672.04,2025-11-13 10:00:00,678.72
2025-11-13,10:30:00,11:00:00,676.3,6706710.0,False,False,16:00:00,672.04,2025-11-13 10:30:00,678.72
2025-11-13,11:00:00,11:30:00,675.64,4856252.0,False,False,16:00:00,672.04,2025-11-13 11:00:00,678.72
2025-11-13,11:30:00,12:00:00,675.11,4363872.0,False,False,16:00:00,672.04,2025-11-13 11:30:00,678.72
2025-11-13,12:00:00,12:30:00,675.9041,3768722.0,False,False,16:00:00,672.04,2025-11-13 12:00:00,678.72
2025-11-13,12:30:00,13:00:00,674.23,3616735.0,False,False,16:00:00,672.04,2025-11-13 12:30:00,678.72
2025-11-13,13:00:00,13:30:00,672.76,3586345.0,False,False,16:00:00,672.04,2025-11-13 13:00:00,678.72
2025-11-13,13:30:00,14:00:00,672.76,4804392.0,False,False,16:00:00,672.04,2025-11-13 13:30:00,678.72
2025-11-13,14:00:00,14:30:00,673.45,3948352.0,False,False,16:00:00,672.04,2025-11-13 14:00:00,678.72
2025-11-13,14:30:00,15:00:00,671.66,4996112.0,False,False,16:00:00,672.04,2025-11-13 14:30:00,678.72
2025-11-13,15:00:00,15:30:00,671.68,6134418.0,False,False,16:00:00,672.04,2025-11-13 15:00:00,678.72
2025-11-13,15:30:00,16:00:00,672.04,14569200.0,False,True,16:00:00,672.04,2025-11-13 15:30:00,678.72
2025-11-14,09:30:00,10:00:00,668.75,13044593.0,False,False,16:00:00,671.93,2025-11-14 09:30:00,668.75
2025-11-14,10:00:00,10:30:00,669.74,7052865.0,False,False,16:00:00,671.93,2025-11-14 10:00:00,668.75
2025-11-14,10:30:00,11:00:00,672.3636,6712977.0,False,False,16:00:00,671.93,2025-11-14 10:30:00,668.75
2025-11-14,11:00:00,11:30:00,674.48,4879283.0,False,False,16:00:00,671.93,2025-11-14 11:00:00,668.75
2025-11-14,11:30:00,12:00:00,674.65,3787360.0,False,False,16:00:00,671.93,2025-11-14 11:30:00,668.75
2025-11-14,12:00:00,12:30:00,674.94,3015286.0,False,False,16:00:00,671.93,2025-11-14 12:00:00,668.75
2025-11-14,12:30:00,13:00:00,674.0271,4271472.0,False,False,16:00:00,671.93,2025-11-14 12:30:00,668.75
2025-11-14,13:00:00,13:30:00,672.99,4547401.0,False,False,16:00:00,671.93,2025-11-14 13:00:00,668.75
2025-11-14,13:30:00,14:00:00,673.25,4518391.0,False,False,16:00:00,671.93,2025-11-14 13:30:00,668.75
2025-11-14,14:00:00,14:30:00,674.0401,3927741.0,False,False,16:00:00,671.93,2025-11-14 14:00:00,668.75
2025-11-14,14:30:00,15:00:00,674.67,3200676.0,False,False,16:00:00,671.93,2025-11-14 14:30:00,668.75
2025-11-14,15:00:00,15:30:00,672.46,4511262.0,False,False,16:00:00,671.93,2025-11-14 15:00:00,668.75
2025-11-14,15:30:00,16:00:00,671.91,9590459.0,False,True,16:00:00,671.93,2025-11-14 15:30:00,668.75
2025-11-17,09:30:00,10:00:00,672.82,7229073.0,False,False,16:00:00,665.67,2025-11-17 09:30:00,672.82
2025-11-17,10:00:00,10:30:00,672.05,4448601.0,False,False,16:00:00,665.67,2025-11-17 10:00:00,672.82
2025-11-17,10:30:00,11:00:00,670.675,4254695.0,False,False,16:00:00,665.67,2025-11-17 10:30:00,672.82
2025-11-17,11:00:00,11:30:00,670.52,5660934.0,False,False,16:00:00,665.67,2025-11-17 11:00:00,672.82
2025-11-17,11:30:00,12:00:00,673.0,3662712.0,False,False,16:00:00,665.67,2025-11-17 11:30:00,672.82
2025-11-17,12:00:00,12:30:00,672.39,2096318.0,False,False,16:00:00,665.67,2025-11-17 12:00:00,672.82
2025-11-17,12:30:00,13:00:00,669.233,3117844.0,False,False,16:00:00,665.67,2025-11-17 12:30:00,672.82
2025-11-17,13:00:00,13:30:00,668.64,3146641.0,False,False,16:00:00,665.67,2025-11-17 13:00:00,672.82
2025-11-17,13:30:00,14:00:00,666.5222,3739115.0,False,False,16:00:00,665.67,2025-11-17 13:30:00,672.82
2025-11-17,14:00:00,14:30:00,665.77,5489532.0,False,False,16:00:00,665.67,2025-11-17 14:00:00,672.82
2025-11-17,14:30:00,15:00:00,662.56,6041038.0,False,False,16:00:00,665.67,2025-11-17 14:30:00,672.82
2025-11-17,15:00:00,15:30:00,663.88,7345725.0,False,False,16:00:00,665.67,2025-11-17 15:00:00,672.82
2025-11-17,15:30:00,16:00:00,665.67,14357186.0,False,True,16:00:00,665.67,2025-11-17 15:30:00,672.82
2025-11-18,09:30:00,10:00:00,658.56,14880890.0,False,False,16:00:00,660.08,2025-11-18 09:30:00,658.56
2025-11-18,10:00:00,10:30:00,659.1,10907580.0,False,False,16:00:00,660.08,2025-11-18 10:00:00,658.56
2025-11-18,10:30:00,11:00:00,657.11,6850688.0,False,False,16:00:00,660.08,2025-11-18 10:30:00,658.56
2025-11-18,11:00:00,11:30:00,661.48,7440123.0,False,False,16:00:00,660.08,2025-11-18 11:00:00,658.56
2025-11-18,11:30:00,12:00:00,661.1699,5094226.0,False,False,16:00:00,660.08,2025-11-18 11:30:00,658.56
2025-11-18,12:00:00,12:30:00,658.57,3812004.0,False,False,16:00:00,660.08,2025-11-18 12:00:00,658.56
2025-11-18,12:30:00,13:00:00,663.75,5761666.0,False,False,16:00:00,660.08,2025-11-18 12:30:00,658.56
2025-11-18,13:00:00,13:30:00,663.47,3933508.0,False,False,16:00:00,660.08,2025-11-18 13:00:00,658.56
2025-11-18,13:30:00,14:00:00,663.14,4562879.0,False,False,16:00:00,660.08,2025-11-18 13:30:00,658.56
2025-11-18,14:00:00,14:30:00,662.97,3556440.0,False,False,16:00:00,660.08,2025-11-18 14:00:00,658.56
2025-11-18,14:30:00,15:00:00,664.4185,4679559.0,False,False,16:00:00,660.08,2025-11-18 14:30:00,658.56
2025-11-18,15:00:00,15:30:00,662.45,5473369.0,False,False,16:00:00,660.08,2025-11-18 15:00:00,658.56
2025-11-18,15:30:00,16:00:00,660.08,13809027.0,False,True,16:00:00,660.08,2025-11-18 15:30:00,658.56
2025-11-19,09:30:00,10:00:00,665.85,8685680.0,False,False,16:00:00,662.63,2025-11-19 09:30:00,665.85
2025-11-19,10:00:00,10:30:00,666.32,7297990.0,False,False,16:00:00,662.63,2025-11-19 10:00:00,665.85
2025-11-19,10:30:00,11:00:00,662.79,5123602.0,False,False,16:00:00,662.63,2025-11-19 10:30:00,665.85
2025-11-19,11:00:00,11:30:00,661.86,5885206.0,False,False,16:00:00,662.63,2025-11-19 11:00:00,665.85
2025-11-19,11:30:00,12:00:00,662.47,4139582.0,False,False,16:00:00,662.63,2025-11-19 11:30:00,665.85
2025-11-19,12:00:00,12:30:00,661.16,4085293.0,False,False,16:00:00,662.63,2025-11-19 12:00:00,665.85
2025-11-19,12:30:00,13:00:00,661.3,5667995.0,False,False,16:00:00,662.63,2025-11-19 12:30:00,665.85
2025-11-19,13:00:00,13:30:00,660.84,4084929.0,False,False,16:00:00,662.63,2025-11-19 13:00:00,665.85
2025-11-19,13:30:00,14:00:00,662.69,4420012.0,False,False,16:00:00,662.63,2025-11-19 13:30:00,665.85
2025-11-19,14:00:00,14:30:00,659.74,4305464.0,False,False,16:00:00,662.63,2025-11-19 14:00:00,665.85
2025-11-19,14:30:00,15:00:00,661.12,3835230.0,False,False,16:00:00,662.63,2025-11-19 14:30:00,665.85
2025-11-19,15:00:00,15:30:00,663.52,4843473.0,False,False,16:00:00,662.63,2025-11-19 15:00:00,665.85
2025-11-19,15:30:00,16:00:00,662.63,9497011.0,False,True,16:00:00,662.63,2025-11-19 15:30:00,665.85
2025-11-20,09:30:00,10:00:00,675.1099,11128208.0,False,False,16:00:00,652.53,2025-11-20 09:30:00,675.1099
2025-11-20,10:00:00,10:30:00,674.94,6610609.0,False,False,16:00:00,652.53,2025-11-20 10:00:00,675.1099
2025-11-20,10:30:00,11:00:00,672.67,4693231.0,False,False,16:00:00,652.53,2025-11-20 10:30:00,675.1099
2025-11-20,11:00:00,11:30:00,667.68,11121366.0,False,False,16:00:00,652.53,2025-11-20 11:00:00,675.1099
2025-11-20,11:30:00,12:00:00,659.75,15303407.0,False,False,16:00:00,652.53,2025-11-20 11:30:00,675.1099
2025-11-20,12:00:00,12:30:00,658.38,15712958.0,False,False,16:00:00,652.53,2025-11-20 12:00:00,675.1099
2025-11-20,12:30:00,13:00:00,657.0106,10500736.0,False,False,16:00:00,652.53,2025-11-20 12:30:00,675.1099
2025-11-20,13:00:00,13:30:00,659.44,9531009.0,False,False,16:00:00,652.53,2025-11-20 13:00:00,675.1099
2025-11-20,13:30:00,14:00:00,655.08,6457565.0,False,False,16:00:00,652.53,2025-11-20 13:30:00,675.1099
2025-11-20,14:00:00,14:30:00,656.94,5844936.0,False,False,16:00:00,652.53,2025-11-20 14:00:00,675.1099
2025-11-20,14:30:00,15:00:00,658.07,5835598.0,False,False,16:00:00,652.53,2025-11-20 14:30:00,675.1099
2025-11-20,15:00:00,15:30:00,656.21,6617920.0,False,False,16:00:00,652.53,2025-11-20 15:00:00,675.1099
2025-11-20,15:30:00,16:00:00,652.53,18537154.0,False,True,16:00:00,652.53,2025-11-20 15:30:00,675.1099
2025-11-21,09:30:00,10:00:00,654.83,11043132.0,False,False,16:00:00,659.03,2025-11-21 09:30:00,654.83
2025-11-21,10:00:00,10:30:00,652.96,8540855.0,False,False,16:00:00,659.03,2025-11-21 10:00:00,654.83
2025-11-21,10:30:00,11:00:00,653.01,7367896.0,False,False,16:00:00,659.03,2025-11-21 10:30:00,654.83
2025-11-21,11:00:00,11:30:00,655.875,4818814.0,False,False,16:00:00,659.03,2025-11-21 11:00:00,654.83
2025-11-21,11:30:00,12:00:00,660.82,6699364.0,False,False,16:00:00,659.03,2025-11-21 11:30:00,654.83
2025-11-21,12:00:00,12:30:00,660.52,6067053.0,False,False,16:00:00,659.03,2025-11-21 12:00:00,654.83
2025-11-21,12:30:00,13:00:00,660.23,3669363.0,False,False,16:00:00,659.03,2025-11-21 12:30:00,654.83
2025-11-21,13:00:00,13:30:00,658.13,4654852.0,False,False,16:00:00,659.03,2025-11-21 13:00:00,654.83
2025-11-21,13:30:00,14:00:00,662.29,6028615.0,False,False,16:00:00,659.03,2025-11-21 13:30:00,654.83
2025-11-21,14:00:00,14:30:00,664.23,4637597.0,False,False,16:00:00,659.03,2025-11-21 14:00:00,654.83
2025-11-21,14:30:00,15:00:00,661.67,4758770.0,False,False,16:00:00,659.03,2025-11-21 14:30:00,654.83
2025-11-21,15:00:00,15:30:00,659.44,4792389.0,False,False,16:00:00,659.03,2025-11-21 15:00:00,654.83
2025-11-21,15:30:00,16:00:00,659.0,14373103.0,False,True,16:00:00,659.03,2025-11-21 15:30:00,654.83
2025-11-24,09:30:00,10:00:00,664.22,8193853.0,False,False,16:00:00,668.73,2025-11-24 09:30:00,664.22
2025-11-24,10:00:00,10:30:00,665.435,5717053.0,False,False,16:00:00,668.73,2025-11-24 10:00:00,664.22
2025-11-24,10:30:00,11:00:00,666.6771,3995140.0,False,False,16:00:00,668.73,2025-11-24 10:30:00,664.22
2025-11-24,11:00:00,11:30:00,667.91,3698517.0,False,False,16:00:00,668.73,2025-11-24 11:00:00,664.22
2025-11-24,11:30:00,12:00:00,667.48,2464983.0,False,False,16:00:00,668.73,2025-11-24 11:30:00,664.22
2025-11-24,12:00:00,12:30:00,668.21,2205127.0,False,False,16:00:00,668.73,2025-11-24 12:00:00,664.22
2025-11-24,12:30:00,13:00:00,669.1,2522911.0,False,False,16:00:00,668.73,2025-11-24 12:30:00,664.22
2025-11-24,13:00:00,13:30:00,669.15,2196681.0,False,False,16:00:00,668.73,2025-11-24 13:00:00,664.22
2025-11-24,13:30:00,14:00:00,669.23,1713978.0,False,False,16:00:00,668.73,2025-11-24 13:30:00,664.22
2025-11-24,14:00:00,14:30:00,668.96,2426362.0,False,False,16:00:00,668.73,2025-11-24 14:00:00,664.22
2025-11-24,14:30:00,15:00:00,668.36,3823076.0,False,False,16:00:00,668.73,2025-11-24 14:30:00,664.22
2025-11-24,15:00:00,15:30:00,668.92,3361335.0,False,False,16:00:00,668.73,2025-11-24 15:00:00,664.22
2025-11-24,15:30:00,16:00:00,668.67,14041883.0,False,True,16:00:00,668.73,2025-11-24 15:30:00,664.22
2025-11-25,09:30:00,10:00:00,668.81,10075047.0,False,False,16:00:00,675.02,2025-11-25 09:30:00,668.81
2025-11-25,10:00:00,10:30:00,668.46,6537845.0,False,False,16:00:00,675.02,2025-11-25 10:00:00,668.81
2025-11-25,10:30:00,11:00:00,669.54,5367606.0,False,False,16:00:00,675.02,2025-11-25 10:30:00,668.81
2025-11-25,11:00:00,11:30:00,670.62,3772418.0,False,False,16:00:00,675.02,2025-11-25 11:00:00,668.81
2025-11-25,11:30:00,12:00:00,671.7506,2988349.0,False,False,16:00:00,675.02,2025-11-25 11:30:00,668.81
2025-11-25,12:00:00,12:30:00,673.33,4137887.0,False,False,16:00:00,675.02,2025-11-25 12:00:00,668.81
2025-11-25,12:30:00,13:00:00,673.331,3204484.0,False,False,16:00:00,675.02,2025-11-25 12:30:00,668.81
2025-11-25,13:00:00,13:30:00,674.04,2817500.0,False,False,16:00:00,675.02,2025-11-25 13:00:00,668.81
2025-11-25,13:30:00,14:00:00,673.82,2272627.0,False,False,16:00:00,675.02,2025-11-25 13:30:00,668.81
2025-11-25,14:00:00,14:30:00,673.34,3322590.0,False,False,16:00:00,675.02,2025-11-25 14:00:00,668.81
2025-11-25,14:30:00,15:00:00,674.0,3399604.0,False,False,16:00:00,675.02,2025-11-25 14:30:00,668.81
2025-11-25,15:00:00,15:30:00,674.52,4217875.0,False,False,16:00:00,675.02,2025-11-25 15:00:00,668.81
2025-11-25,15:30:00,16:00:00,675.02,10452618.0,False,True,16:00:00,675.02,2025-11-25 15:30:00,668.81
2025-11-26,09:30:00,10:00:00,677.18,7001221.0,False,False,16:00:00,679.68,2025-11-26 09:30:00,677.18
2025-11-26,10:00:00,10:30:00,678.2,4053965.0,False,False,16:00:00,679.68,2025-11-26 10:00:00,677.18
2025-11-26,10:30:00,11:00:00,679.59,2992341.0,False,False,16:00:00,679.68,2025-11-26 10:30:00,677.18
2025-11-26,11:00:00,11:30:00,680.64,3215330.0,False,False,16:00:00,679.68,2025-11-26 11:00:00,677.18
2025-11-26,11:30:00,12:00:00,681.4086,3385408.0,False,False,16:00:00,679.68,2025-11-26 11:30:00,677.18
2025-11-26,12:00:00,12:30:00,680.97,2483390.0,False,False,16:00:00,679.68,2025-11-26 12:00:00,677.18
2025-11-26,12:30:00,13:00:00,681.09,2183488.0,False,False,16:00:00,679.68,2025-11-26 12:30:00,677.18
2025-11-26,13:00:00,13:30:00,681.07,3424580.0,False,False,16:00:00,679.68,2025-11-26 13:00:00,677.18
2025-11-26,13:30:00,14:00:00,680.3847,2767456.0,False,False,16:00:00,679.68,2025-11-26 13:30:00,677.18
2025-11-26,14:00:00,14:30:00,681.23,2989060.0,False,False,16:00:00,679.68,2025-11-26 14:00:00,677.18
2025-11-26,14:30:00,15:00:00,680.88,3198195.0,False,False,16:00:00,679.68,2025-11-26 14:30:00,677.18
2025-11-26,15:00:00,15:30:00,681.205,3981080.0,False,False,16:00:00,679.68,2025-11-26 15:00:00,677.18
2025-11-26,15:30:00,16:00:00,679.7,10852250.0,False,True,16:00:00,679.68,2025-11-26 15:30:00,677.18
2025-11-28,09:30:00,10:00:00,681.265,4362583.0,True,False,13:00:00,683.39,2025-11-28 09:30:00,681.265
2025-11-28,10:00:00,10:30:00,681.695,3602503.0,True,False,13:00:00,683.39,2025-11-28 10:00:00,681.265
2025-11-28,10:30:00,11:00:00,682.47,3250550.0,True,False,13:00:00,683.39,2025-11-28 10:30:00,681.265
2025-11-28,11:00:00,11:30:00,682.1499,3453564.0,True,False,13:00:00,683.39,2025-11-28 11:00:00,681.265
2025-11-28,11:30:00,12:00:00,682.72,3460775.0,True,False,13:00:00,683.39,2025-11-28 11:30:00,681.265
2025-11-28,12:00:00,12:30:00,682.22,3330290.0,True,False,13:00:00,683.39,2025-11-28 12:00:00,681.265
2025-11-28,12:30:00,13:00:00,683.39,10363832.0,True,True,13:00:00,683.39,2025-11-28 12:30:00,681.265
2025-12-01,09:30:00,10:00:00,681.55,6398375.0,False,False,16:00:00,680.27,2025-12-01 09:30:00,681.55
2025-12-01,10:00:00,10:30:00,679.675,3953647.0,False,False,16:00:00,680.27,2025-12-01 10:00:00,681.55
2025-12-01,10:30:00,11:00:00,681.73,3181322.0,False,False,16:00:00,680.27,2025-12-01 10:30:00,681.55
2025-12-01,11:00:00,11:30:00,681.11,1802813.0,False,False,16:00:00,680.27,2025-12-01 11:00:00,681.55
2025-12-01,11:30:00,12:00:00,681.93,1954095.0,False,False,16:00:00,680.27,2025-12-01 11:30:00,681.55
2025-12-01,12:00:00,12:30:00,682.01,1516606.0,False,False,16:00:00,680.27,2025-12-01 12:00:00,681.55
2025-12-01,12:30:00,13:00:00,682.005,1374588.0,False,False,16:00:00,680.27,2025-12-01 12:30:00,681.55
2025-12-01,13:00:00,13:30:00,682.49,1345902.0,False,False,16:00:00,680.27,2025-12-01 13:00:00,681.55
2025-12-01,13:30:00,14:00:00,682.815,1582845.0,False,False,16:00:00,680.27,2025-12-01 13:30:00,681.55
2025-12-01,14:00:00,14:30:00,680.49,3145771.0,False,False,16:00:00,680.27,2025-12-01 14:00:00,681.55
2025-12-01,14:30:00,15:00:00,680.14,3033602.0,False,False,16:00:00,680.27,2025-12-01 14:30:00,681.55
2025-12-01,15:00:00,15:30:00,680.765,2548565.0,False,False,16:00:00,680.27,2025-12-01 15:00:00,681.55
2025-12-01,15:30:00,16:00:00,680.27,12550585.0,False,True,16:00:00,680.27,2025-12-01 15:30:00,681.55
