date,ticker,weight,position_usd,adv_20d,position_pct_adv
2023-07-03,ACGL,0.009888,98881.467493,128251690.486107,0.000771
2023-07-03,AFL,0.009888,98881.467493,152987477.956429,0.000646
2023-07-03,AMP,0.009888,98881.467493,174383032.515869,0.000567
2023-07-03,ANET,0.018492,184921.306845,541415661.354675,0.000342
2023-07-03,ATO,0.003592,35915.504374,84050841.382484,0.000427
2023-07-03,AVGO,0.018492,184921.306845,2545244296.898651,0.000073
2023-07-03,AXP,0.009888,98881.467493,483501804.207611,0.000205
2023-07-03,BEN,0.009888,98881.467493,72293239.265709,0.001368
2023-07-03,BG,0.012220,122197.782927,140064952.540207,0.000872
2023-07-03,BIIB,0.012541,125409.547351,326532698.926086,0.000384
2023-07-03,BRK-B,0.009888,98881.467493,1229246737.318115,0.000080
2023-07-03,CARR,0.006491,64907.780958,253823662.575493,0.000256
2023-07-03,CASY,0.012220,122197.782927,83898118.437195,0.001457
2023-07-03,CBRE,0.003496,34959.824840,141624929.535828,0.000247
2023-07-03,CF,0.005378,53776.675100,183710751.106491,0.000293
2023-07-03,CNP,0.003592,35915.504374,100339940.645590,0.000358
2023-07-03,COF,0.009888,98881.467493,258976594.337845,0.000382
2023-07-03,CRH,0.005378,53776.675100,92010068.580303,0.000584
2023-07-03,DECK,0.014904,149043.691290,194698944.591064,0.000766
2023-07-03,DHI,0.014904,149043.691290,347987771.446075,0.000428
2023-07-03,DVA,0.012541,125409.547351,55288474.830818,0.002268
2023-07-03,ED,0.003592,35915.504374,164588912.677307,0.000218
2023-07-03,EME,0.006491,64907.780958,114693626.594620,0.000566
2023-07-03,ETN,0.006491,64907.780958,421167609.444199,0.000154
2023-07-03,EXE,0.011075,110752.982611,87228355.507622,0.001270
2023-07-03,EXPD,0.006491,64907.780958,141191198.110161,0.000460
2023-07-03,FANG,0.011075,110752.982611,230876798.736954,0.000480
2023-07-03,FERG,0.006491,64907.780958,297103934.024277,0.000218
2023-07-03,FIX,0.006491,64907.780958,42287288.924789,0.001535
2023-07-03,FLEX,0.018492,184921.306845,97957321.636158,0.001888
2023-07-03,FSLR,0.018492,184921.306845,311921785.492554,0.000593
2023-07-03,GE,0.006491,64907.780958,553739896.606527,0.000117
2023-07-03,GILD,0.012541,125409.547351,465448955.060463,0.000269
2023-07-03,GL,0.009888,98881.467493,54993055.108986,0.001798
2023-07-03,GOOGL,0.031408,314079.784040,3750980406.304207,0.000084
2023-07-03,GWW,0.006491,64907.780958,202913245.108643,0.000320
2023-07-03,HIG,0.009888,98881.467493,108326729.039230,0.000913
2023-07-03,HST,0.003496,34959.824840,113618405.073910,0.000308
2023-07-03,HSY,0.012220,122197.782927,299944984.702148,0.000407
2023-07-03,HUBB,0.006491,64907.780958,125725633.813686,0.000516
2023-07-03,IBKR,0.009888,98881.467493,60924754.229317,0.001623
2023-07-03,IDXX,0.012541,125409.547351,204599456.349640,0.000613
2023-07-03,IRM,0.003496,34959.824840,74591745.278759,0.000469
2023-07-03,IT,0.018492,184921.306845,184772662.972870,0.001001
2023-07-03,JBL,0.018492,184921.306845,128328490.901108,0.001441
2023-07-03,JPM,0.009888,98881.467493,1341078268.985138,0.000074
2023-07-03,LEN,0.014904,149043.691290,350860409.464934,0.000425
2023-07-03,LLY,0.012541,125409.547351,1212526091.167145,0.000103
2023-07-03,LYB,0.005378,53776.675100,167041929.186134,0.000322
2023-07-03,MCHP,0.018492,184921.306845,415995594.619026,0.000445
2023-07-03,MCO,0.009888,98881.467493,241849998.186340,0.000409
2023-07-03,META,0.031408,314079.784040,6198080646.695099,0.000051
2023-07-03,MGM,0.014904,149043.691290,165032960.628109,0.000903
2023-07-03,MPC,0.011075,110752.982611,375891950.419846,0.000295
2023-07-03,MRK,0.012541,125409.547351,906112849.969559,0.000138
2023-07-03,MRNA,0.012541,125409.547351,362107808.769035,0.000346
2023-07-03,MU,0.018492,184921.306845,1195131850.842094,0.000155
2023-07-03,NI,0.003592,35915.504374,97360932.280178,0.000369
2023-07-03,NUE,0.005378,53776.675100,213180130.554733,0.000252
2023-07-03,NXPI,0.018492,184921.306845,425216469.075241,0.000435
2023-07-03,OMC,0.031408,314079.784040,131171344.826508,0.002394
2023-07-03,ON,0.018492,184921.306845,615491687.679749,0.000300
2023-07-03,PCAR,0.006491,64907.780958,169623833.687820,0.000383
2023-07-03,PCG,0.003592,35915.504374,284066876.041946,0.000126
2023-07-03,PEP,0.012220,122197.782927,864109639.892197,0.000141
2023-07-03,PHM,0.014904,149043.691290,200917266.263733,0.000742
2023-07-03,PNR,0.006491,64907.780958,65007551.439648,0.000998
2023-07-03,PNW,0.003592,35915.504374,66200372.887192,0.000543
2023-07-03,PSX,0.011075,110752.982611,290364511.777153,0.000381
2023-07-03,REG,0.003496,34959.824840,55169385.800571,0.000634
2023-07-03,REGN,0.012541,125409.547351,520255108.448792,0.000241
2023-07-03,RF,0.009888,98881.467493,156379502.033405,0.000632
2023-07-03,ROST,0.014904,149043.691290,271280100.196457,0.000549
2023-07-03,SNA,0.006491,64907.780958,72371794.343109,0.000897
2023-07-03,SO,0.003592,35915.504374,298864249.503059,0.000120
2023-07-03,SPG,0.003496,34959.824840,185204126.589279,0.000189
2023-07-03,STLD,0.005378,53776.675100,175278459.173431,0.000307
2023-07-03,STT,0.009888,98881.467493,177653965.665054,0.000557
2023-07-03,SWKS,0.018492,184921.306845,165255320.359344,0.001119
2023-07-03,SYF,0.009888,98881.467493,170417033.860703,0.000580
2023-07-03,TJX,0.014904,149043.691290,388183332.169914,0.000384
2023-07-03,TKO,0.031408,314079.784040,59423425.599136,0.005285
2023-07-03,UAL,0.006491,64907.780958,326280346.207542,0.000199
2023-07-03,UHS,0.012541,125409.547351,101316218.444595,0.001238
2023-07-03,UNH,0.012541,125409.547351,2087442754.912415,0.000060
2023-07-03,URI,0.006491,64907.780958,373130779.474640,0.000174
2023-07-03,VICI,0.003496,34959.824840,162927487.865276,0.000215
2023-07-03,VLO,0.011075,110752.982611,446403028.673058,0.000248
2023-07-03,VRTX,0.012541,125409.547351,429742778.843079,0.000292
2023-07-03,WMT,0.012220,122197.782927,925223106.683121,0.000132
2023-08-01,ACGL,0.009831,98306.860547,198957840.269775,0.000494
2023-08-01,AFL,0.009831,98306.860547,147399738.404617,0.000667
2023-08-01,AMAT,0.018861,188613.086651,904043159.030228,0.000209
2023-08-01,AMP,0.009831,98306.860547,161461454.188538,0.000609
2023-08-01,ANET,0.018861,188613.086651,586266331.211319,0.000322
2023-08-01,ATO,0.003472,34723.224331,83925277.661209,0.000414
2023-08-01,AVGO,0.018861,188613.086651,2227024783.804703,0.000085
2023-08-01,AXP,0.009831,98306.860547,529922175.407944,0.000186
2023-08-01,BEN,0.009831,98306.860547,116958803.955278,0.000841
2023-08-01,BG,0.010055,100548.534223,119904080.569458,0.000839
2023-08-01,BIIB,0.011935,119347.985924,402910143.955841,0.000296
2023-08-01,BRK-B,0.009831,98306.860547,966690762.152710,0.000102
2023-08-01,CARR,0.006200,61999.621574,310014601.124763,0.000200
2023-08-01,CASY,0.010055,100548.534223,58578710.913086,0.001716
2023-08-01,CI,0.011935,119347.985924,425302800.370331,0.000281
2023-08-01,CNP,0.003472,34723.224331,121604422.951984,0.000286
2023-08-01,COF,0.009831,98306.860547,319386264.434433,0.000308
2023-08-01,CRH,0.005229,52289.625431,82521735.645447,0.000634
2023-08-01,DAL,0.006200,61999.621574,571172667.836514,0.000109
2023-08-01,DECK,0.013284,132836.296936,210956084.985123,0.000630
2023-08-01,DHI,0.013284,132836.296936,404328546.398392,0.000329
2023-08-01,DRI,0.013284,132836.296936,187704149.287109,0.000708
2023-08-01,DVA,0.011935,119347.985924,58314258.922424,0.002047
2023-08-01,ECHO,0.032019,320185.141175,5723247.027931,0.055945
2023-08-01,EME,0.006200,61999.621574,73874299.346085,0.000839
2023-08-01,ETN,0.006200,61999.621574,443464877.980576,0.000140
2023-08-01,EXE,0.011099,110992.361752,104418425.618896,0.001063
2023-08-01,EXPD,0.006200,61999.621574,105855808.524170,0.000586
2023-08-01,FANG,0.011099,110992.361752,298858515.060883,0.000371
2023-08-01,FCX,0.005229,52289.625431,529321645.122471,0.000099
2023-08-01,FERG,0.006200,61999.621574,169385005.164566,0.000366
2023-08-01,FIX,0.006200,61999.621574,29420882.542572,0.002107
2023-08-01,FLEX,0.018861,188613.086651,112028576.143506,0.001684
2023-08-01,FSLR,0.018861,188613.086651,447506469.017792,0.000421
2023-08-01,GE,0.006200,61999.621574,581384258.273159,0.000107
2023-08-01,GILD,0.011935,119347.985924,461600103.180885,0.000259
2023-08-01,GIS,0.010055,100548.534223,256813533.160706,0.000392
2023-08-01,GL,0.009831,98306.860547,51560244.021721,0.001907
2023-08-01,GWW,0.006200,61999.621574,256011986.119690,0.000242
2023-08-01,HIG,0.009831,98306.860547,112676228.171310,0.000872
2023-08-01,HPE,0.018861,188613.086651,175160972.029085,0.001077
2023-08-01,HST,0.003361,33606.053019,93989682.256584,0.000358
2023-08-01,HSY,0.010055,100548.534223,333462441.330643,0.000302
2023-08-01,HUBB,0.006200,61999.621574,151819619.009740,0.000408
2023-08-01,IBKR,0.009831,98306.860547,106092233.283539,0.000927
2023-08-01,IRM,0.003361,33606.053019,92149136.196041,0.000365
2023-08-01,JBL,0.018861,188613.086651,117514456.107101,0.001605
2023-08-01,JPM,0.009831,98306.860547,1750467042.528381,0.000056
2023-08-01,LEN,0.013284,132836.296936,252798737.300414,0.000525
2023-08-01,LLY,0.011935,119347.985924,1050513190.152130,0.000114
2023-08-01,LYB,0.005229,52289.625431,199791877.025108,0.000262
2023-08-01,MCHP,0.018861,188613.086651,453934061.902885,0.000416
2023-08-01,META,0.032019,320185.141175,9736079319.425964,0.000033
2023-08-01,MGM,0.013284,132836.296936,207272928.376904,0.000641
2023-08-01,MPC,0.011099,110992.361752,354180817.033501,0.000313
2023-08-01,MRK,0.011935,119347.985924,825666893.369560,0.000145
2023-08-01,MRNA,0.011935,119347.985924,416655183.001251,0.000286
2023-08-01,MRSH,0.009831,98306.860547,315131012.123260,0.000312
2023-08-01,NI,0.003472,34723.224331,121004002.577658,0.000287
2023-08-01,NRG,0.003472,34723.224331,161699386.674500,0.000215
2023-08-01,NUE,0.005229,52289.625431,223055233.470306,0.000234
2023-08-01,NXPI,0.018861,188613.086651,568961782.514267,0.000332
2023-08-01,OMC,0.032019,320185.141175,221852597.143173,0.001443
2023-08-01,ON,0.018861,188613.086651,646085848.345222,0.000292
2023-08-01,ORCL,0.018861,188613.086651,919256105.142784,0.000205
2023-08-01,PCAR,0.006200,61999.621574,276957384.308701,0.000224
2023-08-01,PCG,0.003472,34723.224331,308499330.077295,0.000113
2023-08-01,PEP,0.010055,100548.534223,1038471656.035080,0.000097
2023-08-01,PFG,0.009831,98306.860547,97283864.192696,0.001011
2023-08-01,PHM,0.013284,132836.296936,222518542.540131,0.000597
2023-08-01,PNR,0.006200,61999.621574,106527638.883553,0.000582
2023-08-01,PNW,0.003472,34723.224331,68274173.017426,0.000509
2023-08-01,PSX,0.011099,110992.361752,326864888.122330,0.000340
2023-08-01,REG,0.003361,33606.053019,56156137.273445,0.000598
2023-08-01,REGN,0.011935,119347.985924,473128815.393372,0.000252
2023-08-01,RJF,0.009831,98306.860547,95523778.590279,0.001029
2023-08-01,ROST,0.013284,132836.296936,226603570.485001,0.000586
2023-08-01,SNA,0.006200,61999.621574,81088593.950806,0.000765
2023-08-01,SO,0.003472,34723.224331,293026016.221809,0.000118
2023-08-01,SPG,0.003361,33606.053019,166477578.145561,0.000202
2023-08-01,STLD,0.005229,52289.625431,130938326.726837,0.000399
2023-08-01,SYF,0.009831,98306.860547,155087938.476276,0.000634
2023-08-01,TJX,0.013284,132836.296936,341780410.445633,0.000389
2023-08-01,TKO,0.032019,320185.141175,61892333.322830,0.005173
2023-08-01,UAL,0.006200,61999.621574,411498043.705616,0.000151
2023-08-01,UHS,0.011935,119347.985924,108998827.515335,0.001095
2023-08-01,URI,0.006200,61999.621574,346145318.020782,0.000179
2023-08-01,VICI,0.003361,33606.053019,177454453.354921,0.000189
2023-08-01,VLO,0.011099,110992.361752,424080770.987015,0.000262
2023-08-01,VRTX,0.011935,119347.985924,421882386.511688,0.000283
2023-08-01,VTRS,0.011935,119347.985924,86994335.433078,0.001372
2023-08-01,WMT,0.010055,100548.534223,720090194.613533,0.000140
2023-08-01,WY,0.003361,33606.053019,115318965.529099,0.000291
2023-09-01,ACGL,0.008809,88092.149712,115141542.855682,0.000765
2023-09-01,AFL,0.008809,88092.149712,154337035.986710,0.000571
2023-09-01,AMP,0.008809,88092.149712,111433696.654510,0.000791
2023-09-01,ATO,0.003014,30135.078050,73368492.239838,0.000411
2023-09-01,AVGO,0.019210,192104.653085,2092483042.424011,0.000092
2023-09-01,BEN,0.008809,88092.149712,58128268.745050,0.001515
2023-09-01,BG,0.011874,118735.322211,115952490.637741,0.001024
2023-09-01,BIIB,0.011113,111131.189369,195645144.228210,0.000568
2023-09-01,BRK-B,0.008809,88092.149712,999340571.059723,0.000088
2023-09-01,CARR,0.006026,60257.179233,222915666.780834,0.000270
2023-09-01,CASY,0.011874,118735.322211,44337851.259308,0.002678
2023-09-01,CAT,0.006026,60257.179233,606384612.627716,0.000099
2023-09-01,CBRE,0.003023,30226.374231,96701702.596817,0.000313
2023-09-01,CCL,0.012221,122207.428789,361254221.005983,0.000338
2023-09-01,CNP,0.003014,30135.078050,93619674.657726,0.000322
2023-09-01,COF,0.008809,88092.149712,199389527.879868,0.000442
2023-09-01,COO,0.011113,111131.189369,97345169.887238,0.001142
2023-09-01,CRH,0.004756,47561.156490,113607645.914898,0.000419
2023-09-01,DAL,0.006026,60257.179233,258120546.588306,0.000233
2023-09-01,DECK,0.012221,122207.428789,181073866.525497,0.000675
2023-09-01,DHI,0.012221,122207.428789,324964355.077744,0.000376
2023-09-01,DLTR,0.011874,118735.322211,349661507.320786,0.000340
2023-09-01,DRI,0.012221,122207.428789,159005635.883636,0.000769
2023-09-01,ECHO,0.024218,242177.383697,21135036.063452,0.011459
2023-09-01,ED,0.003014,30135.078050,147727117.570648,0.000204
2023-09-01,EME,0.006026,60257.179233,63175592.805786,0.000954
2023-09-01,ETN,0.006026,60257.179233,343304939.251480,0.000176
2023-09-01,EXC,0.003014,30135.078050,177322634.521904,0.000170
2023-09-01,EXE,0.010478,104777.727283,243263113.485794,0.000431
2023-09-01,EXPD,0.006026,60257.179233,109326028.515282,0.000551
2023-09-01,FANG,0.010478,104777.727283,256623932.747574,0.000408
2023-09-01,FCX,0.004756,47561.156490,378025712.863846,0.000126
2023-09-01,FERG,0.006026,60257.179233,117004057.581787,0.000515
2023-09-01,FIX,0.006026,60257.179233,41219926.895218,0.001462
2023-09-01,FLEX,0.019210,192104.653085,72974342.700152,0.002632
2023-09-01,GE,0.006026,60257.179233,416593518.021275,0.000145
2023-09-01,GILD,0.011113,111131.189369,386846777.744026,0.000287
2023-09-01,GL,0.008809,88092.149712,47284057.702293,0.001863
2023-09-01,GOOGL,0.024218,242177.383697,3407084701.689758,0.000071
2023-09-01,HIG,0.008809,88092.149712,77790548.133354,0.001132
2023-09-01,HPE,0.019210,192104.653085,216020196.462498,0.000889
2023-09-01,HST,0.003023,30226.374231,135841635.863304,0.000223
2023-09-01,HUBB,0.006026,60257.179233,122336765.775121,0.000493
2023-09-01,IBKR,0.008809,88092.149712,67354257.654228,0.001308
2023-09-01,IDXX,0.011113,111131.189369,190177431.043701,0.000584
2023-09-01,IRM,0.003023,30226.374231,67792622.263527,0.000446
2023-09-01,JBL,0.019210,192104.653085,164378889.358864,0.001169
2023-09-01,JPM,0.008809,88092.149712,1122398540.928879,0.000078
2023-09-01,KLAC,0.019210,192104.653085,417196725.544357,0.000460
2023-09-01,LEN,0.012221,122207.428789,250617009.898851,0.000488
2023-09-01,LLY,0.011113,111131.189369,1730744741.877136,0.000064
2023-09-01,LRCX,0.019210,192104.653085,627394126.243210,0.000306
2023-09-01,LYB,0.004756,47561.156490,186541059.614296,0.000255
2023-09-01,MA,0.008809,88092.149712,793023930.952606,0.000111
2023-09-01,MCHP,0.019210,192104.653085,361033349.287376,0.000532
2023-09-01,MCO,0.008809,88092.149712,165112689.877930,0.000534
2023-09-01,META,0.024218,242177.383697,5333785613.091888,0.000045
2023-09-01,MGM,0.012221,122207.428789,201480321.393185,0.000607
2023-09-01,MNST,0.011874,118735.322211,216456411.964245,0.000549
2023-09-01,MPC,0.010478,104777.727283,528388990.932388,0.000198
2023-09-01,MRK,0.011113,111131.189369,717745347.048302,0.000155
2023-09-01,MRNA,0.011113,111131.189369,461072096.564865,0.000241
2023-09-01,MRSH,0.008809,88092.149712,226457151.996765,0.000389
2023-09-01,MU,0.019210,192104.653085,808720993.414536,0.000238
2023-09-01,NI,0.003014,30135.078050,75239009.808922,0.000401
2023-09-01,NUE,0.004756,47561.156490,187188047.550049,0.000254
2023-09-01,NXPI,0.019210,192104.653085,417255752.319031,0.000460
2023-09-01,OMC,0.024218,242177.383697,103547717.804146,0.002339
2023-09-01,ON,0.019210,192104.653085,466656034.107857,0.000412
2023-09-01,ORCL,0.019210,192104.653085,895553065.825615,0.000215
2023-09-01,PCAR,0.006026,60257.179233,159006250.730362,0.000379
2023-09-01,PCG,0.003014,30135.078050,238186310.422354,0.000127
2023-09-01,PEP,0.011874,118735.322211,743440363.535767,0.000160
2023-09-01,PG,0.011874,118735.322211,712732079.639053,0.000167
2023-09-01,PH,0.006026,60257.179233,233713932.101746,0.000258
2023-09-01,PHM,0.012221,122207.428789,182161156.517029,0.000671
2023-09-01,PNR,0.006026,60257.179233,61097107.405128,0.000986
2023-09-01,PNW,0.003014,30135.078050,64514121.042099,0.000467
2023-09-01,PSX,0.010478,104777.727283,335713308.581123,0.000312
2023-09-01,REG,0.003023,30226.374231,76451882.523518,0.000395
2023-09-01,REGN,0.011113,111131.189369,389867813.273315,0.000285
2023-09-01,RF,0.008809,88092.149712,125635409.373474,0.000701
2023-09-01,SMCI,0.019210,192104.653085,1159196342.338657,0.000166
2023-09-01,SPG,0.003023,30226.374231,136394563.956146,0.000222
2023-09-01,STLD,0.004756,47561.156490,122033611.674576,0.000390
2023-09-01,SYF,0.008809,88092.149712,97475865.217562,0.000904
2023-09-01,TER,0.019210,192104.653085,136662893.746796,0.001406
2023-09-01,TKO,0.024218,242177.383697,85379695.090103,0.002836
2023-09-01,TPR,0.012221,122207.428789,201858518.181648,0.000605
2023-09-01,UAL,0.006026,60257.179233,224779187.124996,0.000268
2023-09-01,UHS,0.011113,111131.189369,72008677.222214,0.001543
2023-09-01,URI,0.006026,60257.179233,323978774.626312,0.000186
2023-09-01,VLO,0.010478,104777.727283,467648834.071884,0.000224
2023-09-01,VRTX,0.011113,111131.189369,256355798.458099,0.000434
2023-09-01,VTRS,0.011113,111131.189369,81446631.052232,0.001364
2023-09-01,WY,0.003023,30226.374231,91809158.026791,0.000329
2023-10-02,ACGL,0.008871,88709.581106,124842587.709618,0.000711
2023-10-02,ADBE,0.019293,192925.053113,1682142423.513031,0.000115
2023-10-02,ADM,0.011733,117333.955056,241135583.052330,0.000487
2023-10-02,AFL,0.008871,88709.581106,178816139.651222,0.000496
2023-10-02,AMAT,0.019293,192925.053113,780396679.353714,0.000247
2023-10-02,AMP,0.008871,88709.581106,146265135.750275,0.000606
2023-10-02,ATO,0.002954,29543.357849,102175693.900414,0.000289
2023-10-02,AVGO,0.019293,192925.053113,1810479475.248337,0.000107
2023-10-02,BEN,0.008871,88709.581106,64289821.251135,0.001380
2023-10-02,BG,0.011733,117333.955056,122221746.692543,0.000960
2023-10-02,BKNG,0.011944,119440.705764,797985024.915695,0.000150
2023-10-02,BKR,0.011253,112531.353150,268559412.181435,0.000419
2023-10-02,BRK-B,0.008871,88709.581106,1301427209.855194,0.000068
2023-10-02,CARR,0.005906,59057.059752,266926777.603855,0.000221
2023-10-02,CASY,0.011733,117333.955056,89990082.111206,0.001304
2023-10-02,CAT,0.005906,59057.059752,568309070.018158,0.000104
2023-10-02,CBRE,0.002891,28911.787543,160263648.990440,0.000180
2023-10-02,CHTR,0.024261,242605.655995,498277778.292542,0.000487
2023-10-02,CLX,0.011733,117333.955056,211013973.383179,0.000556
2023-10-02,CMCSA,0.024261,242605.655995,852864722.166258,0.000284
2023-10-02,COF,0.008871,88709.581106,209026701.099854,0.000424
2023-10-02,COO,0.011148,111481.490136,107173220.965118,0.001040
2023-10-02,CPAY,0.008871,88709.581106,109508256.506805,0.000810
2023-10-02,CRH,0.004674,46737.930557,480637229.870434,0.000097
2023-10-02,CSCO,0.019293,192925.053113,930623869.506054,0.000207
2023-10-02,DAL,0.005906,59057.059752,320843107.282028,0.000184
2023-10-02,DECK,0.011944,119440.705764,177665960.109329,0.000672
2023-10-02,DHI,0.011944,119440.705764,293989312.126389,0.000406
2023-10-02,DOW,0.004674,46737.930557,216492095.183735,0.000216
2023-10-02,DRI,0.011944,119440.705764,191954933.638382,0.000622
2023-10-02,DVA,0.011148,111481.490136,83676916.821556,0.001332
2023-10-02,ECHO,0.024261,242605.655995,4649839.815006,0.052175
2023-10-02,ED,0.002954,29543.357849,160624699.296341,0.000184
2023-10-02,EIX,0.002954,29543.357849,140377184.374256,0.000210
2023-10-02,EME,0.005906,59057.059752,58386204.416504,0.001011
2023-10-02,ETN,0.005906,59057.059752,523281146.846313,0.000113
2023-10-02,EXC,0.002954,29543.357849,210744864.691067,0.000140
2023-10-02,EXE,0.011253,112531.353150,114753132.152863,0.000981
2023-10-02,EXPD,0.005906,59057.059752,127258190.220871,0.000464
2023-10-02,FANG,0.011253,112531.353150,292815476.524200,0.000384
2023-10-02,FDX,0.005906,59057.059752,557252271.739258,0.000106
2023-10-02,FERG,0.005906,59057.059752,180869145.238876,0.000327
2023-10-02,FIX,0.005906,59057.059752,55898347.113571,0.001057
2023-10-02,FLEX,0.019293,192925.053113,79718510.389891,0.002420
2023-10-02,GILD,0.011148,111481.490136,397904694.203835,0.000280
2023-10-02,HIG,0.008871,88709.581106,91152043.357391,0.000973
2023-10-02,HPE,0.019293,192925.053113,173215492.109385,0.001114
2023-10-02,HSIC,0.011148,111481.490136,54986981.136818,0.002027
2023-10-02,IBKR,0.008871,88709.581106,83176647.805901,0.001067
2023-10-02,IDXX,0.011148,111481.490136,198383766.835480,0.000562
2023-10-02,IRM,0.002891,28911.787543,105466434.598408,0.000274
2023-10-02,JBL,0.019293,192925.053113,182895728.198166,0.001055
2023-10-02,JPM,0.008871,88709.581106,1270484473.554077,0.000070
2023-10-02,KLAC,0.019293,192925.053113,454408637.814903,0.000425
2023-10-02,KMB,0.011733,117333.955056,189584284.467278,0.000619
2023-10-02,LEN,0.011944,119440.705764,286281330.737122,0.000417
2023-10-02,LLY,0.011148,111481.490136,1673394880.559387,0.000067
2023-10-02,LRCX,0.019293,192925.053113,702838548.260307,0.000274
2023-10-02,LYB,0.004674,46737.930557,212463413.993034,0.000220
2023-10-02,MA,0.008871,88709.581106,959162520.802765,0.000092
2023-10-02,MCO,0.008871,88709.581106,193817178.741760,0.000458
2023-10-02,META,0.024261,242605.655995,6177552456.318359,0.000039
2023-10-02,MGM,0.011944,119440.705764,205858981.818390,0.000580
2023-10-02,MPC,0.011253,112531.353150,565664191.653366,0.000199
2023-10-02,MRK,0.011148,111481.490136,660828177.565460,0.000169
2023-10-02,MRNA,0.011148,111481.490136,396905928.378677,0.000281
2023-10-02,MRSH,0.008871,88709.581106,265704373.383255,0.000334
2023-10-02,MU,0.019293,192925.053113,1059542795.871315,0.000182
2023-10-02,NI,0.002954,29543.357849,150684980.820513,0.000196
2023-10-02,NUE,0.004674,46737.930557,244302944.865112,0.000191
2023-10-02,ODFL,0.005906,59057.059752,266768006.844635,0.000221
2023-10-02,ON,0.019293,192925.053113,416364505.061798,0.000463
2023-10-02,ORCL,0.019293,192925.053113,1747688034.610710,0.000110
2023-10-02,PCAR,0.005906,59057.059752,177843448.930740,0.000332
2023-10-02,PCG,0.002954,29543.357849,377729435.087433,0.000078
2023-10-02,PG,0.011733,117333.955056,796931418.101044,0.000147
2023-10-02,PH,0.005906,59057.059752,249847748.054962,0.000236
2023-10-02,PHM,0.011944,119440.705764,183189613.132401,0.000652
2023-10-02,PLD,0.002891,28911.787543,331864032.783775,0.000087
2023-10-02,PNR,0.005906,59057.059752,59273629.390717,0.000996
2023-10-02,PNW,0.002954,29543.357849,53253041.979256,0.000555
2023-10-02,PSX,0.011253,112531.353150,381992981.282158,0.000295
2023-10-02,REG,0.002891,28911.787543,56771572.970390,0.000509
2023-10-02,SMCI,0.019293,192925.053113,706595749.313831,0.000273
2023-10-02,SPG,0.002891,28911.787543,201270215.295410,0.000144
2023-10-02,STLD,0.004674,46737.930557,151543610.014687,0.000308
2023-10-02,SYF,0.008871,88709.581106,119950879.592113,0.000740
2023-10-02,TJX,0.011944,119440.705764,458800980.055923,0.000260
2023-10-02,TKO,0.024261,242605.655995,144580799.153595,0.001678
2023-10-02,UAL,0.005906,59057.059752,268382883.366222,0.000220
2023-10-02,UHS,0.011148,111481.490136,67500667.301788,0.001652
2023-10-02,URI,0.005906,59057.059752,261037058.597870,0.000226
2023-10-02,V,0.008871,88709.581106,1377422331.485596,0.000064
2023-10-02,VTRS,0.011148,111481.490136,102241049.706616,0.001090
2023-10-02,WST,0.011148,111481.490136,113258400.140381,0.000984
2023-10-02,WY,0.002891,28911.787543,114787486.318636,0.000252
2023-11-01,ACGL,0.008860,88604.079767,168921041.762657,0.000525
2023-11-01,AFL,0.008860,88604.079767,207453318.647156,0.000427
2023-11-01,ALGN,0.011043,110432.528456,290729011.745911,0.000380
2023-11-01,AMAT,0.019626,196258.460637,746633074.402695,0.000263
2023-11-01,AMD,0.019626,196258.460637,5962809009.995995,0.000033
2023-11-01,AVGO,0.019626,196258.460637,1865245034.416962,0.000105
2023-11-01,BBY,0.011685,116849.137168,138868636.561127,0.000841
2023-11-01,BEN,0.008860,88604.079767,87225670.812302,0.001016
2023-11-01,BG,0.011984,119842.134106,128721791.256599,0.000931
2023-11-01,BKNG,0.011685,116849.137168,722278126.651764,0.000162
2023-11-01,BRK-B,0.008860,88604.079767,987052483.742523,0.000090
2023-11-01,BRO,0.008860,88604.079767,123167143.179817,0.000719
2023-11-01,BX,0.008860,88604.079767,378986210.821915,0.000234
2023-11-01,BXP,0.002875,28747.930056,80085456.739750,0.000359
2023-11-01,CARR,0.005885,58845.093852,276866400.051899,0.000213
2023-11-01,CASY,0.011984,119842.134106,66423749.014435,0.001804
2023-11-01,CBRE,0.002875,28747.930056,116767259.013557,0.000246
2023-11-01,CMCSA,0.024200,242003.929757,866407786.181454,0.000279
2023-11-01,CNP,0.003078,30776.942891,136376790.149908,0.000226
2023-11-01,COF,0.008860,88604.079767,246143037.987022,0.000360
2023-11-01,COST,0.011984,119842.134106,1002280678.271484,0.000120
2023-11-01,CPAY,0.008860,88604.079767,112793925.872879,0.000786
2023-11-01,CPRT,0.005885,58845.093852,160630977.844028,0.000366
2023-11-01,CRH,0.004656,46564.251910,207417580.883045,0.000224
2023-11-01,CSX,0.005885,58845.093852,408836219.237452,0.000144
2023-11-01,DASH,0.011685,116849.137168,262110500.372581,0.000446
2023-11-01,DD,0.005885,58845.093852,200180961.740911,0.000294
2023-11-01,DECK,0.011685,116849.137168,254034212.535553,0.000460
2023-11-01,DHI,0.011685,116849.137168,238222466.380310,0.000491
2023-11-01,DVA,0.011043,110432.528456,139513908.719673,0.000792
2023-11-01,ED,0.003078,30776.942891,219308142.647438,0.000140
2023-11-01,EIX,0.003078,30776.942891,132867435.122719,0.000232
2023-11-01,EME,0.005885,58845.093852,61396182.935715,0.000958
2023-11-01,ETN,0.005885,58845.093852,499381155.206070,0.000118
2023-11-01,EXC,0.003078,30776.942891,225247554.668331,0.000137
2023-11-01,EXE,0.010751,107506.320701,148027225.793648,0.000726
2023-11-01,EXPD,0.005885,58845.093852,145360935.594368,0.000405
2023-11-01,FANG,0.010751,107506.320701,349172805.143890,0.000308
2023-11-01,FDX,0.005885,58845.093852,456220897.129826,0.000129
2023-11-01,FERG,0.005885,58845.093852,217704021.508636,0.000270
2023-11-01,FIX,0.005885,58845.093852,54121540.073700,0.001087
2023-11-01,FLEX,0.019626,196258.460637,134657660.377295,0.001457
2023-11-01,FOXA,0.024200,242003.929757,81614811.395922,0.002965
2023-11-01,GOOG,0.024200,242003.929757,3199044240.777855,0.000076
2023-11-01,GOOGL,0.024200,242003.929757,4220722372.459221,0.000057
2023-11-01,HIG,0.008860,88604.079767,143013626.825523,0.000620
2023-11-01,HSIC,0.011043,110432.528456,69540103.798981,0.001588
2023-11-01,IDXX,0.011043,110432.528456,246565049.065399,0.000448
2023-11-01,INTC,0.019626,196258.460637,1281901999.132919,0.000153
2023-11-01,IRM,0.002875,28747.930056,94778083.739223,0.000303
2023-11-01,JBL,0.019626,196258.460637,229208160.861511,0.000856
2023-11-01,JPM,0.008860,88604.079767,1625810914.641647,0.000054
2023-11-01,KLAC,0.019626,196258.460637,470958265.639114,0.000417
2023-11-01,KMB,0.011984,119842.134106,249252347.955475,0.000481
2023-11-01,LEN,0.011685,116849.137168,206449337.547495,0.000566
2023-11-01,LLY,0.011043,110432.528456,1939874226.746216,0.000057
2023-11-01,LRCX,0.019626,196258.460637,658283578.519058,0.000298
2023-11-01,LYB,0.004656,46564.251910,151077814.127731,0.000308
2023-11-01,MA,0.008860,88604.079767,1056225941.726837,0.000084
2023-11-01,MCHP,0.019626,196258.460637,362622889.945030,0.000541
2023-11-01,MCO,0.008860,88604.079767,238279052.052307,0.000372
2023-11-01,META,0.024200,242003.929757,7423415066.066132,0.000033
2023-11-01,MPC,0.010751,107506.320701,424200116.462097,0.000253
2023-11-01,MRNA,0.011043,110432.528456,367056298.601685,0.000301
2023-11-01,MRSH,0.008860,88604.079767,323818432.027054,0.000274
2023-11-01,MSFT,0.019626,196258.460637,8415446202.374268,0.000023
2023-11-01,NI,0.003078,30776.942891,149314085.465279,0.000206
2023-11-01,NUE,0.004656,46564.251910,223116215.654831,0.000209
2023-11-01,NXPI,0.019626,196258.460637,402304472.708664,0.000488
2023-11-01,ODFL,0.005885,58845.093852,275916380.585022,0.000213
2023-11-01,ON,0.019626,196258.460637,667114747.498932,0.000294
2023-11-01,PCAR,0.005885,58845.093852,221569440.183144,0.000266
2023-11-01,PG,0.011984,119842.134106,979254676.743469,0.000122
2023-11-01,PHM,0.011685,116849.137168,174322556.528091,0.000670
2023-11-01,PKG,0.004656,46564.251910,92909679.131088,0.000501
2023-11-01,PNR,0.005885,58845.093852,95367222.062855,0.000617
2023-11-01,PNW,0.003078,30776.942891,59442514.180222,0.000518
2023-11-01,PSX,0.010751,107506.320701,326456113.443832,0.000329
2023-11-01,REG,0.002875,28747.930056,67241107.786350,0.000428
2023-11-01,REGN,0.011043,110432.528456,320379484.143066,0.000345
2023-11-01,SMCI,0.019626,196258.460637,871407498.327446,0.000225
2023-11-01,SNA,0.005885,58845.093852,67541250.533218,0.000871
2023-11-01,SO,0.003078,30776.942891,280644888.855934,0.000110
2023-11-01,SPG,0.002875,28747.930056,157369826.314659,0.000183
2023-11-01,STLD,0.004656,46564.251910,148444283.263588,0.000314
2023-11-01,SYF,0.008860,88604.079767,130163572.429838,0.000681
2023-11-01,TROW,0.008860,88604.079767,167454679.091225,0.000529
2023-11-01,UHS,0.011043,110432.528456,82607913.289413,0.001337
2023-11-01,URI,0.005885,58845.093852,358772897.809448,0.000164
2023-11-01,VLO,0.010751,107506.320701,427794413.590126,0.000251
2023-11-01,VRTX,0.011043,110432.528456,441047800.531464,0.000250
2023-11-01,VTRS,0.011043,110432.528456,69396788.538508,0.001591
2023-11-01,WMT,0.011984,119842.134106,850961615.856113,0.000141
2023-11-01,WSM,0.011685,116849.137168,139506310.640488,0.000838
2023-11-01,WST,0.011043,110432.528456,149025901.356354,0.000741
2023-11-01,WY,0.002875,28747.930056,104222241.791229,0.000276
2023-12-01,ACGL,0.009108,91080.317843,170249434.718513,0.000535
2023-12-01,ADBE,0.020349,203485.950143,1502580043.654175,0.000135
2023-12-01,AFL,0.009108,91080.317843,187192025.711670,0.000487
2023-12-01,AMAT,0.020349,203485.950143,916936949.431076,0.000222
2023-12-01,ANET,0.020349,203485.950143,385020466.990509,0.000529
2023-12-01,ATO,0.002958,29579.786726,176715264.012871,0.000167
2023-12-01,AVGO,0.020349,203485.950143,2834553379.471588,0.000072
2023-12-01,BG,0.011310,113103.300714,97504552.076340,0.001160
2023-12-01,BKNG,0.011989,119892.029676,782909386.311531,0.000153
2023-12-01,BRK-B,0.009108,91080.317843,1155442468.252869,0.000079
2023-12-01,BRO,0.009108,91080.317843,76424687.053757,0.001192
2023-12-01,BXP,0.002940,29402.455353,100922736.233425,0.000291
2023-12-01,CARR,0.005841,58413.741728,197450101.917591,0.000296
2023-12-01,CASY,0.011310,113103.300714,61845509.689941,0.001829
2023-12-01,CHTR,0.023844,238442.110363,343987152.556915,0.000693
2023-12-01,CI,0.010733,107326.843336,641398189.886475,0.000167
2023-12-01,CL,0.011310,113103.300714,277366990.726509,0.000408
2023-12-01,CME,0.009108,91080.317843,327943165.883789,0.000278
2023-12-01,COF,0.009108,91080.317843,245091181.026382,0.000372
2023-12-01,COR,0.010733,107326.843336,347804068.808517,0.000309
2023-12-01,COST,0.011310,113103.300714,941158750.295410,0.000120
2023-12-01,CPAY,0.009108,91080.317843,115334084.242096,0.000790
2023-12-01,CPRT,0.005841,58413.741728,218137724.700794,0.000268
2023-12-01,CRH,0.004671,46705.929862,224793914.801426,0.000208
2023-12-01,CSCO,0.020349,203485.950143,1141793797.871418,0.000178
2023-12-01,DECK,0.011989,119892.029676,217582722.468567,0.000551
2023-12-01,DHI,0.011989,119892.029676,310560593.130608,0.000386
2023-12-01,DRI,0.011989,119892.029676,122614142.756958,0.000978
2023-12-01,DVA,0.010733,107326.843336,136792130.557518,0.000785
2023-12-01,EME,0.005841,58413.741728,53951500.655975,0.001083
2023-12-01,ETN,0.005841,58413.741728,379727811.533585,0.000154
2023-12-01,EXC,0.002958,29579.786726,255656307.177505,0.000116
2023-12-01,EXE,0.009694,96941.399169,125787097.947884,0.000771
2023-12-01,EXPD,0.005841,58413.741728,179792242.595558,0.000325
2023-12-01,FANG,0.009694,96941.399169,269831756.473694,0.000359
2023-12-01,FDX,0.005841,58413.741728,323612710.534999,0.000181
2023-12-01,FERG,0.005841,58413.741728,170387518.830261,0.000343
2023-12-01,FIX,0.005841,58413.741728,64482886.329651,0.000906
2023-12-01,FLEX,0.020349,203485.950143,88166926.941008,0.002308
2023-12-01,GL,0.009108,91080.317843,63448861.868896,0.001435
2023-12-01,GOOG,0.023844,238442.110363,2566814699.087601,0.000093
2023-12-01,GOOGL,0.023844,238442.110363,3407544387.579956,0.000070
2023-12-01,GWW,0.005841,58413.741728,213112232.967834,0.000274
2023-12-01,HIG,0.009108,91080.317843,106450195.380363,0.000856
2023-12-01,INTC,0.020349,203485.950143,1619308102.216167,0.000126
2023-12-01,IRM,0.002940,29402.455353,90212588.271389,0.000326
2023-12-01,JBL,0.020349,203485.950143,217303430.634537,0.000936
2023-12-01,JPM,0.009108,91080.317843,1136254431.893082,0.000080
2023-12-01,KLAC,0.020349,203485.950143,513322306.229401,0.000396
2023-12-01,L,0.009108,91080.317843,72110652.003479,0.001263
2023-12-01,LEN,0.011989,119892.029676,204017162.097546,0.000588
2023-12-01,LLY,0.010733,107326.843336,2123130654.255066,0.000051
2023-12-01,LRCX,0.020349,203485.950143,607287054.107285,0.000335
2023-12-01,LYB,0.004671,46705.929862,173960795.625343,0.000268
2023-12-01,MA,0.009108,91080.317843,967352722.616119,0.000094
2023-12-01,META,0.023844,238442.110363,4984691388.894196,0.000048
2023-12-01,MPC,0.009694,96941.399169,417888260.527954,0.000232
2023-12-01,MRSH,0.009108,91080.317843,293064571.895676,0.000311
2023-12-01,MSFT,0.020349,203485.950143,10100107126.067963,0.000020
2023-12-01,NI,0.002958,29579.786726,174203000.610170,0.000170
2023-12-01,NRG,0.002958,29579.786726,209379374.134388,0.000141
2023-12-01,NUE,0.004671,46705.929862,209240516.736908,0.000223
2023-12-01,ODFL,0.005841,58413.741728,236489707.750702,0.000247
2023-12-01,ORCL,0.020349,203485.950143,725293115.386467,0.000281
2023-12-01,PCAR,0.005841,58413.741728,166019067.285500,0.000352
2023-12-01,PCG,0.002958,29579.786726,328177070.465908,0.000090
2023-12-01,PG,0.011310,113103.300714,965234135.168610,0.000117
2023-12-01,PHM,0.011989,119892.029676,166129996.505508,0.000722
2023-12-01,PKG,0.004671,46705.929862,112099162.173843,0.000417
2023-12-01,PNR,0.005841,58413.741728,80108925.133877,0.000729
2023-12-01,PNW,0.002958,29579.786726,74406207.224274,0.000398
2023-12-01,PSX,0.009694,96941.399169,374492694.962196,0.000259
2023-12-01,REG,0.002940,29402.455353,54047359.458656,0.000544
2023-12-01,REGN,0.010733,107326.843336,424919193.662109,0.000253
2023-12-01,SMCI,0.020349,203485.950143,867132282.109356,0.000235
2023-12-01,SNA,0.005841,58413.741728,54833470.946350,0.001065
2023-12-01,SO,0.002958,29579.786726,317666647.094917,0.000093
2023-12-01,SPG,0.002940,29402.455353,163864049.964561,0.000179
2023-12-01,STE,0.010733,107326.843336,107042603.743668,0.001003
2023-12-01,STLD,0.004671,46705.929862,127441033.038101,0.000366
2023-12-01,SYF,0.009108,91080.317843,124417985.972862,0.000732
2023-12-01,TJX,0.011989,119892.029676,585536407.720985,0.000205
2023-12-01,TRGP,0.009694,96941.399169,162378961.447639,0.000597
2023-12-01,UHS,0.010733,107326.843336,61110667.291107,0.001756
2023-12-01,UNH,0.010733,107326.843336,1466912648.547363,0.000073
2023-12-01,URI,0.005841,58413.741728,319905360.485687,0.000183
2023-12-01,V,0.009108,91080.317843,1544004012.949982,0.000059
2023-12-01,VMRK,0.002940,29402.455353,127520567.157421,0.000231
2023-12-01,VRSK,0.005841,58413.741728,190109443.117523,0.000307
2023-12-01,VRTX,0.010733,107326.843336,560764165.014801,0.000191
2023-12-01,VZ,0.023844,238442.110363,669700861.349773,0.000356
2023-12-01,WMT,0.011310,113103.300714,1445426561.637897,0.000078
2023-12-01,WSM,0.011989,119892.029676,166418847.095413,0.000720
2023-12-01,WST,0.010733,107326.843336,142566474.682922,0.000753
2023-12-01,WY,0.002940,29402.455353,116330386.171284,0.000253
2023-12-01,ZTS,0.010733,107326.843336,323565219.887466,0.000332
2024-01-02,ACGL,0.009283,92832.682516,139779967.238770,0.000664
2024-01-02,ADBE,0.020143,201432.022041,2135829561.871033,0.000094
2024-01-02,AIZ,0.009283,92832.682516,67246274.044495,0.001380
2024-01-02,AMAT,0.020143,201432.022041,805870801.474686,0.000250
2024-01-02,AMD,0.020143,201432.022041,8878628369.887238,0.000023
2024-01-02,ANET,0.020143,201432.022041,372094599.610825,0.000541
2024-01-02,ATO,0.002879,28788.924743,106025128.724861,0.000272
2024-01-02,AVGO,0.020143,201432.022041,4913731361.106110,0.000041
2024-01-02,AXP,0.009283,92832.682516,585811392.253494,0.000158
2024-01-02,BG,0.010982,109816.870774,123750277.994614,0.000887
2024-01-02,BKNG,0.012223,122232.178173,908434486.275673,0.000135
2024-01-02,BRO,0.009283,92832.682516,91492697.274628,0.001015
2024-01-02,BX,0.009283,92832.682516,515871590.146179,0.000180
2024-01-02,C,0.009283,92832.682516,988549572.355938,0.000094
2024-01-02,CARR,0.005972,59717.799184,214964589.738770,0.000278
2024-01-02,CASY,0.010982,109816.870774,78358188.412170,0.001401
2024-01-02,CHTR,0.023927,239274.081280,404881437.509613,0.000591
2024-01-02,CLX,0.010982,109816.870774,143895425.519867,0.000763
2024-01-02,CME,0.009283,92832.682516,410668258.125153,0.000226
2024-01-02,CNP,0.002879,28788.924743,121530699.216833,0.000237
2024-01-02,COF,0.009283,92832.682516,358688535.170135,0.000259
2024-01-02,COR,0.010742,107419.526105,257025634.137192,0.000418
2024-01-02,COST,0.010982,109816.870774,1810156453.579712,0.000061
2024-01-02,CPAY,0.009283,92832.682516,144060895.164719,0.000644
2024-01-02,CPRT,0.005972,59717.799184,227431297.733135,0.000263
2024-01-02,CRH,0.004647,46470.261929,219155311.180096,0.000212
2024-01-02,CTSH,0.020143,201432.022041,261227243.944359,0.000771
2024-01-02,DASH,0.012223,122232.178173,539754201.209145,0.000226
2024-01-02,DECK,0.012223,122232.178173,244746736.174622,0.000499
2024-01-02,DHI,0.012223,122232.178173,413589835.575104,0.000296
2024-01-02,DVA,0.010742,107419.526105,93703784.942894,0.001146
2024-01-02,EME,0.005972,59717.799184,64646805.989227,0.000924
2024-01-02,EQT,0.009228,92279.212547,229978691.654243,0.000401
2024-01-02,ETN,0.005972,59717.799184,336839399.228058,0.000177
2024-01-02,EXE,0.009228,92279.212547,124549758.865204,0.000741
2024-01-02,EXPD,0.005972,59717.799184,158157295.904846,0.000378
2024-01-02,FANG,0.009228,92279.212547,286595873.635406,0.000322
2024-01-02,FDX,0.005972,59717.799184,887421007.153973,0.000067
2024-01-02,FERG,0.005972,59717.799184,198465286.537247,0.000301
2024-01-02,FIX,0.005972,59717.799184,123664002.431335,0.000483
2024-01-02,GEHC,0.010742,107419.526105,173573766.840019,0.000619
2024-01-02,GOOG,0.023927,239274.081280,3264303334.574356,0.000073
2024-01-02,GOOGL,0.023927,239274.081280,4145173770.588150,0.000058
2024-01-02,GWW,0.005972,59717.799184,179973842.363281,0.000332
2024-01-02,HST,0.003052,30518.799800,144962598.170300,0.000211
2024-01-02,IDXX,0.010742,107419.526105,281748885.385132,0.000381
2024-01-02,INTC,0.020143,201432.022041,1912462674.750938,0.000105
2024-01-02,INVH,0.003052,30518.799800,103959394.874878,0.000294
2024-01-02,IRM,0.003052,30518.799800,91563844.936981,0.000333
2024-01-02,JBL,0.020143,201432.022041,405237523.316154,0.000497
2024-01-02,JPM,0.009283,92832.682516,1523089097.679291,0.000061
2024-01-02,L,0.009283,92832.682516,61540456.209908,0.001508
2024-01-02,LEN,0.012223,122232.178173,335063267.301882,0.000365
2024-01-02,LLY,0.010742,107419.526105,1642433998.439941,0.000065
2024-01-02,LNT,0.002879,28788.924743,91617120.994835,0.000314
2024-01-02,LRCX,0.020143,201432.022041,738748354.362106,0.000273
2024-01-02,LYB,0.004647,46470.261929,165705634.827461,0.000280
2024-01-02,MCO,0.009283,92832.682516,292108479.436493,0.000318
2024-01-02,META,0.023927,239274.081280,5729525458.624878,0.000042
2024-01-02,MGM,0.012223,122232.178173,197132387.308292,0.000620
2024-01-02,MPC,0.009228,92279.212547,492119114.931717,0.000188
2024-01-02,MRSH,0.009283,92832.682516,342291164.832458,0.000271
2024-01-02,MSFT,0.020143,201432.022041,9558865376.787720,0.000021
2024-01-02,NI,0.002879,28788.924743,111904825.158215,0.000257
2024-01-02,NRG,0.002879,28788.924743,154349934.714031,0.000187
2024-01-02,NTAP,0.020143,201432.022041,180984040.283890,0.001113
2024-01-02,NUE,0.004647,46470.261929,243622400.006332,0.000191
2024-01-02,NXPI,0.020143,201432.022041,465752719.227219,0.000432
2024-01-02,ODFL,0.005972,59717.799184,289479345.429535,0.000206
2024-01-02,PCAR,0.005972,59717.799184,219915442.804184,0.000272
2024-01-02,PG,0.010982,109816.870774,1058953044.328232,0.000104
2024-01-02,PH,0.005972,59717.799184,255617647.496338,0.000234
2024-01-02,PHM,0.012223,122232.178173,216260665.625648,0.000565
2024-01-02,PKG,0.004647,46470.261929,102231648.608170,0.000455
2024-01-02,PNR,0.005972,59717.799184,96088982.682228,0.000621
2024-01-02,PNW,0.002879,28788.924743,74487156.950531,0.000386
2024-01-02,PSX,0.009228,92279.212547,428497395.850410,0.000215
2024-01-02,REG,0.003052,30518.799800,68193529.001656,0.000448
2024-01-02,REGN,0.010742,107419.526105,566829635.982361,0.000190
2024-01-02,SMCI,0.020143,201432.022041,851221119.723320,0.000237
2024-01-02,SNA,0.005972,59717.799184,69925729.028778,0.000854
2024-01-02,SO,0.002879,28788.924743,307713084.418602,0.000094
2024-01-02,SPG,0.003052,30518.799800,229885173.833542,0.000133
2024-01-02,STLD,0.004647,46470.261929,167795916.812859,0.000277
2024-01-02,SYF,0.009283,92832.682516,158893868.976784,0.000584
2024-01-02,UHS,0.010742,107419.526105,70676865.667038,0.001520
2024-01-02,UNH,0.010742,107419.526105,1644498970.627441,0.000065
2024-01-02,URI,0.005972,59717.799184,377087804.920044,0.000158
2024-01-02,V,0.009283,92832.682516,1439541536.675873,0.000064
2024-01-02,VRTX,0.010742,107419.526105,618035833.841248,0.000174
2024-01-02,VZ,0.023927,239274.081280,797910520.278091,0.000300
2024-01-02,WMT,0.010982,109816.870774,1357466065.838814,0.000081
2024-01-02,WSM,0.012223,122232.178173,159932232.466583,0.000764
2024-01-02,WST,0.010742,107419.526105,151887873.540344,0.000707
2024-01-02,WY,0.003052,30518.799800,127477854.528656,0.000239
2024-01-02,ZTS,0.010742,107419.526105,339050656.667480,0.000317
2024-02-01,ADBE,0.020651,206507.506706,1559067418.992004,0.000132
2024-02-01,ADM,0.010992,109920.954508,502990653.126984,0.000219
2024-02-01,AFL,0.009355,93552.053139,174783690.849991,0.000535
2024-02-01,AIZ,0.009355,93552.053139,60395643.901367,0.001549
2024-02-01,AMD,0.020651,206507.506706,15819117690.362396,0.000013
2024-02-01,AMGN,0.010848,108480.861183,760267959.774170,0.000143
2024-02-01,ANET,0.020651,206507.506706,448683154.035568,0.000460
2024-02-01,ATO,0.002755,27554.789836,85285619.023056,0.000323
2024-02-01,AVGO,0.020651,206507.506706,3120526565.008926,0.000066
2024-02-01,BG,0.010992,109920.954508,158338437.466087,0.000694
2024-02-01,BKNG,0.011637,116372.415036,791623728.233337,0.000147
2024-02-01,BRK-B,0.009355,93552.053139,1251810636.203156,0.000075
2024-02-01,BRO,0.009355,93552.053139,129911935.598373,0.000720
2024-02-01,BX,0.009355,93552.053139,445457778.735390,0.000210
2024-02-01,BXP,0.002970,29703.417403,116655681.966133,0.000255
2024-02-01,CARR,0.005936,59360.071592,190261610.270233,0.000312
2024-02-01,CASY,0.010992,109920.954508,70893529.747925,0.001551
2024-02-01,CBRE,0.002970,29703.417403,123752024.429436,0.000240
2024-02-01,CCL,0.011637,116372.415036,546247732.640181,0.000213
2024-02-01,CF,0.004402,44023.285137,145645296.839371,0.000302
2024-02-01,CL,0.010992,109920.954508,447373292.793236,0.000246
2024-02-01,CME,0.009355,93552.053139,410299826.364365,0.000228
2024-02-01,CNP,0.002755,27554.789836,123284455.976706,0.000224
2024-02-01,COF,0.009355,93552.053139,375340288.712921,0.000249
2024-02-01,COR,0.010848,108480.861183,309303876.079712,0.000351
2024-02-01,COST,0.010992,109920.954508,1396058361.678162,0.000079
2024-02-01,CPAY,0.009355,93552.053139,94272433.267212,0.000992
2024-02-01,CPRT,0.005936,59360.071592,193509969.062977,0.000307
2024-02-01,CRH,0.004402,44023.285137,266986936.712914,0.000165
2024-02-01,CSX,0.005936,59360.071592,432790709.466648,0.000137
2024-02-01,DECK,0.011637,116372.415036,217935949.217606,0.000534
2024-02-01,DHI,0.011637,116372.415036,460531468.996277,0.000253
2024-02-01,DVA,0.010848,108480.861183,82290663.923988,0.001318
2024-02-01,ECHO,0.023761,237606.207611,61815305.231233,0.003844
2024-02-01,EME,0.005936,59360.071592,66293661.585007,0.000895
2024-02-01,EQT,0.009173,91734.904902,190505747.457962,0.000482
2024-02-01,ERIE,0.009355,93552.053139,49224283.396454,0.001901
2024-02-01,ETN,0.005936,59360.071592,390266361.141510,0.000152
2024-02-01,EXE,0.009173,91734.904902,203020746.798706,0.000452
2024-02-01,EXPD,0.005936,59360.071592,144098675.971832,0.000412
2024-02-01,FANG,0.009173,91734.904902,258749006.055908,0.000355
2024-02-01,FDX,0.005936,59360.071592,561803741.760577,0.000106
2024-02-01,FERG,0.005936,59360.071592,161327825.327759,0.000368
2024-02-01,FIX,0.005936,59360.071592,56372913.657608,0.001053
2024-02-01,FLEX,0.020651,206507.506706,138890614.303894,0.001487
2024-02-01,GEHC,0.010848,108480.861183,197434456.404495,0.000549
2024-02-01,GOOG,0.023761,237606.207611,3030319615.452957,0.000078
2024-02-01,GOOGL,0.023761,237606.207611,4142068672.474747,0.000057
2024-02-01,GRMN,0.011637,116372.415036,90592476.260109,0.001285
2024-02-01,GWW,0.005936,59360.071592,236787787.567444,0.000251
2024-02-01,HIG,0.009355,93552.053139,146990109.651718,0.000636
2024-02-01,HOOD,0.009355,93552.053139,101514065.532765,0.000922
2024-02-01,HST,0.002970,29703.417403,130945212.250261,0.000227
2024-02-01,HUBB,0.005936,59360.071592,137079624.380482,0.000433
2024-02-01,INTC,0.020651,206507.506706,2228797245.570488,0.000093
2024-02-01,IRM,0.002970,29703.417403,88911202.383270,0.000334
2024-02-01,JBL,0.020651,206507.506706,170488281.533890,0.001211
2024-02-01,JPM,0.009355,93552.053139,1889541939.833832,0.000050
2024-02-01,KLAC,0.020651,206507.506706,626685261.011505,0.000330
2024-02-01,L,0.009355,93552.053139,48956984.022141,0.001911
2024-02-01,LEN,0.011637,116372.415036,336705760.401909,0.000346
2024-02-01,LLY,0.010848,108480.861183,1774008448.959961,0.000061
2024-02-01,LNT,0.002755,27554.789836,115391166.635323,0.000239
2024-02-01,LRCX,0.020651,206507.506706,945753102.098846,0.000218
2024-02-01,LYB,0.004402,44023.285137,147095581.278839,0.000299
2024-02-01,MCO,0.009355,93552.053139,240568703.801727,0.000389
2024-02-01,META,0.023761,237606.207611,6500136001.131134,0.000037
2024-02-01,MPC,0.009173,91734.904902,488956641.543503,0.000188
2024-02-01,MSFT,0.020651,206507.506706,10036587375.772400,0.000021
2024-02-01,NI,0.002755,27554.789836,105696366.606245,0.000261
2024-02-01,NRG,0.002755,27554.789836,165142521.264954,0.000167
2024-02-01,NTAP,0.020651,206507.506706,148591238.307304,0.001390
2024-02-01,NUE,0.004402,44023.285137,306897161.231079,0.000143
2024-02-01,NXPI,0.020651,206507.506706,495249181.688919,0.000417
2024-02-01,PCAR,0.005936,59360.071592,242858421.723289,0.000244
2024-02-01,PH,0.005936,59360.071592,301179914.280396,0.000197
2024-02-01,PHM,0.011637,116372.415036,202315850.342560,0.000575
2024-02-01,PNR,0.005936,59360.071592,128401305.237656,0.000462
2024-02-01,PNW,0.002755,27554.789836,92825951.445656,0.000297
2024-02-01,PSX,0.009173,91734.904902,454572339.522781,0.000202
2024-02-01,REGN,0.010848,108480.861183,495188482.918396,0.000219
2024-02-01,SHW,0.004402,44023.285137,495208000.348969,0.000089
2024-02-01,SMCI,0.020651,206507.506706,3809303806.134129,0.000054
2024-02-01,SO,0.002755,27554.789836,308805170.512466,0.000089
2024-02-01,SPG,0.002970,29703.417403,212149121.835556,0.000140
2024-02-01,SYF,0.009355,93552.053139,184503580.538826,0.000507
2024-02-01,TT,0.005936,59360.071592,278829527.117233,0.000213
2024-02-01,UHS,0.010848,108480.861183,76774630.629654,0.001413
2024-02-01,UNH,0.010848,108480.861183,2439014522.241364,0.000044
2024-02-01,VRTX,0.010848,108480.861183,659032737.658997,0.000165
2024-02-01,VZ,0.023761,237606.207611,997561905.561275,0.000238
2024-02-01,WMT,0.010992,109920.954508,982253470.226097,0.000112
2024-02-01,WSM,0.011637,116372.415036,149237439.985733,0.000780
2024-02-01,WST,0.010848,108480.861183,152174554.036255,0.000713
2024-02-01,WY,0.002970,29703.417403,121640467.052116,0.000244
2024-02-01,ZTS,0.010848,108480.861183,363311441.520691,0.000299
2024-03-01,ABNB,0.011485,114846.705203,957293578.918381,0.000120
2024-03-01,ACGL,0.009322,93220.315032,151383492.361908,0.000616
2024-03-01,ADBE,0.021038,210378.198877,2070062774.172668,0.000102
2024-03-01,AFL,0.009322,93220.315032,192779899.501038,0.000484
2024-03-01,AIZ,0.009322,93220.315032,70750815.933685,0.001318
2024-03-01,AKAM,0.021038,210378.198877,271531016.332397,0.000775
2024-03-01,AMD,0.021038,210378.198877,11407954820.096436,0.000018
2024-03-01,AMGN,0.010630,106301.006556,1093770538.271027,0.000097
2024-03-01,ANET,0.021038,210378.198877,829438498.557510,0.000254
2024-03-01,APO,0.009322,93220.315032,305596324.686203,0.000305
2024-03-01,APP,0.023532,235324.652652,299747426.836720,0.000785
2024-03-01,ARES,0.009322,93220.315032,155934274.391174,0.000598
2024-03-01,AVGO,0.021038,210378.198877,3222609703.492355,0.000065
2024-03-01,BG,0.010795,107953.838614,181734884.662132,0.000594
2024-03-01,BRK-B,0.009322,93220.315032,1476399653.513641,0.000063
2024-03-01,CASY,0.010795,107953.838614,62321871.917572,0.001732
2024-03-01,CAT,0.006128,61279.834269,827072265.942383,0.000074
2024-03-01,CB,0.009322,93220.315032,382546356.840744,0.000244
2024-03-01,CBOE,0.009322,93220.315032,154295356.812668,0.000604
2024-03-01,CEG,0.002668,26682.270655,367158672.293472,0.000073
2024-03-01,CF,0.004486,44863.265125,177295054.617767,0.000253
2024-03-01,CHD,0.010795,107953.838614,134262232.198181,0.000804
2024-03-01,CL,0.010795,107953.838614,402713878.624649,0.000268
2024-03-01,CNC,0.010630,106301.006556,222756604.904213,0.000477
2024-03-01,COF,0.009322,93220.315032,425933624.659042,0.000219
2024-03-01,COR,0.010630,106301.006556,332679111.221161,0.000320
2024-03-01,COST,0.010795,107953.838614,1335237554.029541,0.000081
2024-03-01,CPAY,0.009322,93220.315032,147456789.084473,0.000632
2024-03-01,CRH,0.004486,44863.265125,311040728.971710,0.000144
2024-03-01,CVNA,0.011485,114846.705203,621722281.618857,0.000185
2024-03-01,DAL,0.006128,61279.834269,323400192.046623,0.000189
2024-03-01,DHI,0.011485,114846.705203,284303749.276276,0.000404
2024-03-01,DRI,0.011485,114846.705203,168310607.314377,0.000682
2024-03-01,DUK,0.002668,26682.270655,317046378.068314,0.000084
2024-03-01,DVA,0.010630,106301.006556,120775810.061188,0.000880
2024-03-01,ED,0.002668,26682.270655,164792454.842110,0.000162
2024-03-01,ELV,0.010630,106301.006556,442937169.144592,0.000240
2024-03-01,EME,0.006128,61279.834269,136584646.269760,0.000449
2024-03-01,ERIE,0.009322,93220.315032,40236553.687439,0.002317
2024-03-01,ETN,0.006128,61279.834269,501415863.323975,0.000122
2024-03-01,ETR,0.002668,26682.270655,146992632.515221,0.000182
2024-03-01,EXE,0.008974,89744.281135,163581717.632751,0.000549
2024-03-01,EXPD,0.006128,61279.834269,150337961.069107,0.000408
2024-03-01,FANG,0.008974,89744.281135,414599906.169586,0.000216
2024-03-01,FERG,0.006128,61279.834269,239200910.449448,0.000256
2024-03-01,FIX,0.006128,61279.834269,102414242.270813,0.000598
2024-03-01,GE,0.006128,61279.834269,839550858.087276,0.000073
2024-03-01,GEN,0.021038,210378.198877,138849421.825333,0.001515
2024-03-01,GOOG,0.023532,235324.652652,3425591434.680634,0.000069
2024-03-01,GOOGL,0.023532,235324.652652,4533380394.675751,0.000052
2024-03-01,HST,0.002922,29222.756753,133214174.241266,0.000219
2024-03-01,HUBB,0.006128,61279.834269,151843781.756789,0.000404
2024-03-01,INTC,0.021038,210378.198877,1771155163.793335,0.000119
2024-03-01,IRM,0.002922,29222.756753,121312681.559906,0.000241
2024-03-01,JBL,0.021038,210378.198877,138287633.898544,0.001521
2024-03-01,JPM,0.009322,93220.315032,1359407759.537811,0.000069
2024-03-01,KIM,0.002922,29222.756753,114549304.200306,0.000255
2024-03-01,KKR,0.009322,93220.315032,434971381.367188,0.000214
2024-03-01,KLAC,0.021038,210378.198877,632919204.349327,0.000332
2024-03-01,L,0.009322,93220.315032,69066542.161140,0.001350
2024-03-01,LEN,0.011485,114846.705203,272622111.200301,0.000421
2024-03-01,LII,0.006128,61279.834269,120422606.964569,0.000509
2024-03-01,LLY,0.010630,106301.006556,2907754200.994873,0.000037
2024-03-01,LRCX,0.021038,210378.198877,912943031.915283,0.000230
2024-03-01,MCO,0.009322,93220.315032,342598152.279510,0.000272
2024-03-01,MDLZ,0.010795,107953.838614,523451906.517982,0.000206
2024-03-01,META,0.023532,235324.652652,10732665560.315704,0.000022
2024-03-01,MPC,0.008974,89744.281135,429494650.904465,0.000209
2024-03-01,MSFT,0.021038,210378.198877,8834752360.876617,0.000024
2024-03-01,NFLX,0.023532,235324.652652,2105076734.967232,0.000112
2024-03-01,NTAP,0.021038,210378.198877,199444119.140778,0.001055
2024-03-01,NUE,0.004486,44863.265125,255999890.583878,0.000175
2024-03-01,PCAR,0.006128,61279.834269,220676626.867790,0.000278
2024-03-01,PHM,0.011485,114846.705203,171851394.790916,0.000668
2024-03-01,PKG,0.004486,44863.265125,107856364.254837,0.000416
2024-03-01,PNR,0.006128,61279.834269,113282683.573341,0.000541
2024-03-01,PSX,0.008974,89744.281135,423956553.517151,0.000212
2024-03-01,RCL,0.011485,114846.705203,364226608.454208,0.000315
2024-03-01,REGN,0.010630,106301.006556,483756284.884338,0.000220
2024-03-01,SHW,0.004486,44863.265125,429652148.757324,0.000104
2024-03-01,SMCI,0.021038,210378.198877,12906867953.147507,0.000016
2024-03-01,SO,0.002668,26682.270655,347390085.669899,0.000077
2024-03-01,SPG,0.002922,29222.756753,248188557.499847,0.000118
2024-03-01,SRE,0.002668,26682.270655,189858955.252151,0.000141
2024-03-01,SYK,0.010630,106301.006556,456190060.932159,0.000233
2024-03-01,TT,0.006128,61279.834269,313240815.171204,0.000196
2024-03-01,UHS,0.010630,106301.006556,87200915.018005,0.001219
2024-03-01,UNH,0.010630,106301.006556,1875114103.792725,0.000057
2024-03-01,URI,0.006128,61279.834269,317044785.995483,0.000193
2024-03-01,VICI,0.002922,29222.756753,189817643.610382,0.000154
2024-03-01,VRSK,0.006128,61279.834269,205609144.278870,0.000298
2024-03-01,VRTX,0.010630,106301.006556,607727110.024109,0.000175
2024-03-01,VST,0.002668,26682.270655,250542510.145969,0.000106
2024-03-01,WMB,0.008974,89744.281135,275361015.827332,0.000326
2024-03-01,WSM,0.011485,114846.705203,223633404.050903,0.000514
2024-03-01,WY,0.002922,29222.756753,123080072.718105,0.000237
2024-04-01,ACGL,0.009476,94759.816301,167161193.090286,0.000567
2024-04-01,AIZ,0.009476,94759.816301,62039064.330139,0.001527
2024-04-01,AMAT,0.020694,206939.165509,1116531505.241013,0.000185
2024-04-01,ANET,0.020694,206939.165509,794178898.330231,0.000261
2024-04-01,APO,0.009476,94759.816301,243153029.925079,0.000390
2024-04-01,APP,0.023990,239895.236948,280875645.592346,0.000854
2024-04-01,ARES,0.009476,94759.816301,137441737.421646,0.000689
2024-04-01,AVGO,0.020694,206939.165509,5247249466.716766,0.000039
2024-04-01,BG,0.010731,107308.959137,173033723.298149,0.000620
2024-04-01,BRK-B,0.009476,94759.816301,1470230189.241638,0.000064
2024-04-01,CASY,0.010731,107308.959137,110600279.279633,0.000970
2024-04-01,CAT,0.006191,61913.336893,745604894.955902,0.000083
2024-04-01,CB,0.009476,94759.816301,451345107.033768,0.000210
2024-04-01,CBOE,0.009476,94759.816301,165540797.002640,0.000572
2024-04-01,CBRE,0.002855,28547.499688,143858631.175232,0.000198
2024-04-01,CCL,0.011120,111203.308531,590063445.464234,0.000188
2024-04-01,CEG,0.002754,27543.705379,472393393.943558,0.000058
2024-04-01,CF,0.004565,45653.965953,277874860.664597,0.000164
2024-04-01,CI,0.010486,104860.056107,529365904.033813,0.000198
2024-04-01,CL,0.010731,107308.959137,326784214.796829,0.000328
2024-04-01,CNC,0.010486,104860.056107,238944105.683365,0.000439
2024-04-01,COF,0.009476,94759.816301,338909656.232300,0.000280
2024-04-01,COHR,0.020694,206939.165509,131204732.678528,0.001577
2024-04-01,COR,0.010486,104860.056107,260106222.526932,0.000403
2024-04-01,COST,0.010731,107308.959137,1861161869.720154,0.000058
2024-04-01,CRH,0.004565,45653.965953,292427841.241341,0.000156
2024-04-01,CRL,0.010486,104860.056107,120195575.989532,0.000872
2024-04-01,CSX,0.006191,61913.336893,405359266.201458,0.000153
2024-04-01,CVNA,0.011120,111203.308531,406096123.265505,0.000274
2024-04-01,DAL,0.006191,61913.336893,414611068.516006,0.000149
2024-04-01,DHI,0.011120,111203.308531,397613151.857834,0.000280
2024-04-01,DTE,0.002754,27543.705379,134554176.024513,0.000205
2024-04-01,DUK,0.002754,27543.705379,284605444.499817,0.000097
2024-04-01,DVA,0.010486,104860.056107,122727351.807137,0.000854
2024-04-01,ELV,0.010486,104860.056107,438179768.544617,0.000239
2024-04-01,EME,0.006191,61913.336893,155060623.467865,0.000399
2024-04-01,ERIE,0.009476,94759.816301,45839442.739716,0.002067
2024-04-01,ETN,0.006191,61913.336893,588908576.126709,0.000105
2024-04-01,ETR,0.002754,27543.705379,132224602.532120,0.000208
2024-04-01,EXE,0.009618,96183.151989,177799143.972054,0.000541
2024-04-01,FANG,0.009618,96183.151989,264725056.522980,0.000363
2024-04-01,FERG,0.006191,61913.336893,274152501.053543,0.000226
2024-04-01,FITB,0.009476,94759.816301,216147068.224545,0.000438
2024-04-01,FIX,0.006191,61913.336893,134918013.005371,0.000459
2024-04-01,FLEX,0.020694,206939.165509,122488599.219437,0.001689
2024-04-01,GE,0.006191,61913.336893,1279259768.553837,0.000048
2024-04-01,GEHC,0.010486,104860.056107,335529740.371017,0.000313
2024-04-01,GEN,0.020694,206939.165509,76881966.312599,0.002692
2024-04-01,GOOG,0.023990,239895.236948,3610501789.128189,0.000066
2024-04-01,HIG,0.009476,94759.816301,192315543.095169,0.000493
2024-04-01,HII,0.006191,61913.336893,90732651.557007,0.000682
2024-04-01,HST,0.002855,28547.499688,117270834.277639,0.000243
2024-04-01,HUBB,0.006191,61913.336893,169013828.238249,0.000366
2024-04-01,HWM,0.006191,61913.336893,249771432.733002,0.000248
2024-04-01,IRM,0.002855,28547.499688,117316341.334076,0.000243
2024-04-01,JBL,0.020694,206939.165509,234523674.611664,0.000882
2024-04-01,JPM,0.009476,94759.816301,1614103748.377609,0.000059
2024-04-01,KIM,0.002855,28547.499688,95874698.494492,0.000298
2024-04-01,KKR,0.009476,94759.816301,311843484.597588,0.000304
2024-04-01,KLAC,0.020694,206939.165509,654191515.418625,0.000316
2024-04-01,LEN,0.011120,111203.308531,367574306.069881,0.000303
2024-04-01,LII,0.006191,61913.336893,100093228.911896,0.000619
2024-04-01,LLY,0.010486,104860.056107,2204779863.038940,0.000048
2024-04-01,LRCX,0.020694,206939.165509,985222396.313477,0.000210
2024-04-01,META,0.023990,239895.236948,6760224293.653717,0.000035
2024-04-01,MPC,0.009618,96183.151989,557566355.254059,0.000173
2024-04-01,MSFT,0.020694,206939.165509,8862909283.663940,0.000023
2024-04-01,NFLX,0.023990,239895.236948,1776277695.478058,0.000135
2024-04-01,NTAP,0.020694,206939.165509,218918271.263924,0.000945
2024-04-01,NUE,0.004565,45653.965953,239610930.295410,0.000191
2024-04-01,PCAR,0.006191,61913.336893,280338407.020569,0.000221
2024-04-01,PEG,0.002754,27543.705379,208221017.755890,0.000132
2024-04-01,PHM,0.011120,111203.308531,208407589.685822,0.000534
2024-04-01,PKG,0.004565,45653.965953,125348056.625443,0.000364
2024-04-01,PNR,0.006191,61913.336893,139460925.437546,0.000444
2024-04-01,PSX,0.009618,96183.151989,507189098.377228,0.000190
2024-04-01,RCL,0.011120,111203.308531,316687852.808189,0.000351
2024-04-01,SMCI,0.020694,206939.165509,9508330859.832382,0.000022
2024-04-01,SPG,0.002855,28547.499688,236712507.254410,0.000121
2024-04-01,SRE,0.002754,27543.705379,219761038.804054,0.000125
2024-04-01,STLD,0.004565,45653.965953,157080854.533539,0.000291
2024-04-01,SYF,0.009476,94759.816301,195697095.464325,0.000484
2024-04-01,SYY,0.010731,107308.959137,206021525.787315,0.000521
2024-04-01,T,0.023990,239895.236948,617319945.723715,0.000389
2024-04-01,TPR,0.011120,111203.308531,163487286.127663,0.000680
2024-04-01,TRGP,0.009618,96183.151989,167768067.597809,0.000573
2024-04-01,UHS,0.010486,104860.056107,110447865.354156,0.000949
2024-04-01,URI,0.006191,61913.336893,371459724.929504,0.000167
2024-04-01,VICI,0.002855,28547.499688,184374546.246490,0.000155
2024-04-01,VRTX,0.010486,104860.056107,410351830.960083,0.000256
2024-04-01,VST,0.002754,27543.705379,429568615.764751,0.000064
2024-04-01,VTRS,0.010486,104860.056107,103345878.084717,0.001015
2024-04-01,WDC,0.020694,206939.165509,437819550.201720,0.000473
2024-04-01,WFC,0.009476,94759.816301,1080397470.264492,0.000088
2024-04-01,WMT,0.010731,107308.959137,1012817189.790478,0.000106
2024-04-01,WSM,0.011120,111203.308531,415513473.547134,0.000268
2024-05-01,AIZ,0.009438,94377.941581,53522878.690109,0.001763
2024-05-01,AMAT,0.020269,202687.956321,970387910.449066,0.000209
2024-05-01,AMGN,0.010301,103009.440865,605442557.633209,0.000170
2024-05-01,ANET,0.020269,202687.956321,651095582.740250,0.000311
2024-05-01,APO,0.009438,94377.941581,217214568.960190,0.000434
2024-05-01,APP,0.025124,251236.202986,253067300.170364,0.000993
2024-05-01,ARES,0.009438,94377.941581,145303474.390564,0.000650
2024-05-01,AVGO,0.020269,202687.956321,3137167423.863983,0.000065
2024-05-01,BG,0.011045,110446.554301,170824254.194374,0.000647
2024-05-01,BRK-B,0.009438,94377.941581,1172111265.399323,0.000081
2024-05-01,CASY,0.011045,110446.554301,93650784.151764,0.001179
2024-05-01,CAT,0.006208,62080.403026,977384435.823212,0.000064
2024-05-01,CBRE,0.002705,27054.637202,133709751.906586,0.000202
2024-05-01,CEG,0.002911,29106.855776,490140807.073746,0.000059
2024-05-01,CF,0.004492,44924.901381,188208320.703430,0.000239
2024-05-01,CI,0.010301,103009.440865,452274166.000977,0.000228
2024-05-01,CL,0.011045,110446.554301,402193602.009735,0.000275
2024-05-01,COF,0.009438,94377.941581,363367612.590485,0.000260
2024-05-01,COHR,0.020269,202687.956321,90275781.657276,0.002245
2024-05-01,COR,0.010301,103009.440865,294408507.602310,0.000350
2024-05-01,COST,0.011045,110446.554301,1169844457.194519,0.000094
2024-05-01,CRH,0.004492,44924.901381,242828911.562576,0.000185
2024-05-01,CRL,0.010301,103009.440865,118022499.166565,0.000873
2024-05-01,CVNA,0.011026,110256.985356,342570744.917107,0.000322
2024-05-01,DAL,0.006208,62080.403026,601871385.982151,0.000103
2024-05-01,DHI,0.011026,110256.985356,384783571.322937,0.000287
2024-05-01,DTE,0.002911,29106.855776,131868624.295883,0.000221
2024-05-01,DUK,0.002911,29106.855776,254768334.004517,0.000114
2024-05-01,DVA,0.010301,103009.440865,74895063.284874,0.001375
2024-05-01,ED,0.002911,29106.855776,207506321.651230,0.000140
2024-05-01,ELV,0.010301,103009.440865,581961506.931000,0.000177
2024-05-01,EME,0.006208,62080.403026,167125821.053925,0.000371
2024-05-01,ERIE,0.009438,94377.941581,22975322.613220,0.004108
2024-05-01,ETN,0.006208,62080.403026,868234691.763000,0.000072
2024-05-01,ETR,0.002911,29106.855776,179122897.133827,0.000162
2024-05-01,FANG,0.009869,98692.201016,306502303.989334,0.000322
2024-05-01,FERG,0.006208,62080.403026,259485564.536667,0.000239
2024-05-01,FITB,0.009438,94377.941581,167785264.784737,0.000562
2024-05-01,FIX,0.006208,62080.403026,105556492.575531,0.000588
2024-05-01,FLEX,0.020269,202687.956321,104030450.343542,0.001948
2024-05-01,GE,0.006208,62080.403026,1303513271.321030,0.000048
2024-05-01,GEN,0.020269,202687.956321,68168823.017921,0.002973
2024-05-01,GM,0.011026,110256.985356,632307129.805965,0.000174
2024-05-01,GOOGL,0.025124,251236.202986,4867911599.501266,0.000052
2024-05-01,HIG,0.009438,94377.941581,176739925.568390,0.000534
2024-05-01,HII,0.006208,62080.403026,96327945.558167,0.000644
2024-05-01,HST,0.002705,27054.637202,99606730.820923,0.000272
2024-05-01,HUBB,0.006208,62080.403026,186787354.123691,0.000332
2024-05-01,IQV,0.010301,103009.440865,186457736.053085,0.000552
2024-05-01,IR,0.006208,62080.403026,207397428.136940,0.000299
2024-05-01,IRM,0.002705,27054.637202,87348460.230560,0.000310
2024-05-01,JPM,0.009438,94377.941581,1967946800.906982,0.000048
2024-05-01,KEY,0.009438,94377.941581,222241328.159833,0.000425
2024-05-01,KKR,0.009438,94377.941581,337605399.692345,0.000280
2024-05-01,KLAC,0.020269,202687.956321,614241153.079987,0.000330
2024-05-01,LEN,0.011026,110256.985356,323092348.441789,0.000341
2024-05-01,LII,0.006208,62080.403026,148589684.794922,0.000418
2024-05-01,LLY,0.010301,103009.440865,1947520548.731995,0.000053
2024-05-01,LRCX,0.020269,202687.956321,1020693409.758759,0.000199
2024-05-01,META,0.025124,251236.202986,10131781270.293579,0.000025
2024-05-01,MPC,0.009869,98692.201016,487143494.535370,0.000203
2024-05-01,NFLX,0.025124,251236.202986,2635782436.989784,0.000095
2024-05-01,NTAP,0.020269,202687.956321,150560865.866776,0.001346
2024-05-01,NUE,0.004492,44924.901381,260147978.069534,0.000173
2024-05-01,NVDA,0.020269,202687.956321,39546385646.762848,0.000005
2024-05-01,NXPI,0.020269,202687.956321,592491464.037247,0.000342
2024-05-01,PCAR,0.006208,62080.403026,312866590.398827,0.000198
2024-05-01,PEG,0.002911,29106.855776,180818686.473885,0.000161
2024-05-01,PGR,0.009438,94377.941581,630437840.089722,0.000150
2024-05-01,PHM,0.011026,110256.985356,199663979.002380,0.000552
2024-05-01,PKG,0.004492,44924.901381,127858845.479050,0.000351
2024-05-01,PNR,0.006208,62080.403026,125181099.012527,0.000496
2024-05-01,PSX,0.009869,98692.201016,374415876.967621,0.000264
2024-05-01,RCL,0.011026,110256.985356,416452879.182358,0.000265
2024-05-01,RJF,0.009438,94377.941581,155412815.311623,0.000607
2024-05-01,SMCI,0.020269,202687.956321,5602063204.043961,0.000036
2024-05-01,SPG,0.002705,27054.637202,171074864.330978,0.000158
2024-05-01,STLD,0.004492,44924.901381,157115151.626587,0.000286
2024-05-01,SYF,0.009438,94377.941581,183443220.881958,0.000514
2024-05-01,T,0.025124,251236.202986,686970034.543409,0.000366
2024-05-01,TGT,0.011045,110446.554301,490814714.147491,0.000225
2024-05-01,TPR,0.011026,110256.985356,175079703.645077,0.000630
2024-05-01,TRGP,0.009869,98692.201016,207073110.965118,0.000477
2024-05-01,TXT,0.006208,62080.403026,128629341.786728,0.000483
2024-05-01,UHS,0.010301,103009.440865,122234062.628937,0.000843
2024-05-01,URI,0.006208,62080.403026,408414528.439636,0.000152
2024-05-01,VICI,0.002705,27054.637202,175055864.790821,0.000155
2024-05-01,VLO,0.009869,98692.201016,462699097.119446,0.000213
2024-05-01,VRTX,0.010301,103009.440865,398346789.818573,0.000259
2024-05-01,VST,0.002911,29106.855776,396128911.042252,0.000073
2024-05-01,VTRS,0.010301,103009.440865,77681339.304857,0.001326
2024-05-01,WDC,0.020269,202687.956321,532149346.192554,0.000381
2024-05-01,WFC,0.009438,94377.941581,1146757208.716507,0.000082
2024-05-01,WMT,0.011045,110446.554301,813654612.446766,0.000136
2024-05-01,WSM,0.011026,110256.985356,233966962.051544,0.000471
2024-05-01,WY,0.002705,27054.637202,100381744.452133,0.000270
2024-06-03,ABNB,0.010601,106014.978704,714668924.309235,0.000148
2024-06-03,AIZ,0.009299,92992.211792,69080106.308823,0.001346
2024-06-03,AMGN,0.010044,100444.213069,796749711.179199,0.000126
2024-06-03,ANET,0.021219,212193.631250,878250914.006958,0.000242
2024-06-03,APH,0.021219,212193.631250,488040055.646362,0.000435
2024-06-03,APO,0.009299,92992.211792,238340736.929550,0.000390
2024-06-03,APP,0.025577,255769.478058,436780274.921722,0.000586
2024-06-03,AVGO,0.021219,212193.631250,3223680178.617859,0.000066
2024-06-03,AXP,0.009299,92992.211792,602123037.991791,0.000154
2024-06-03,BG,0.009297,92966.711026,132491824.770241,0.000702
2024-06-03,BRK-B,0.009299,92992.211792,1302884134.270172,0.000071
2024-06-03,BXP,0.002712,27119.437666,64882032.392330,0.000418
2024-06-03,CASY,0.009297,92966.711026,82911387.630463,0.001121
2024-06-03,CAT,0.006021,60205.122966,930518203.669434,0.000065
2024-06-03,CEG,0.003029,30294.554514,645774313.710938,0.000047
2024-06-03,CF,0.004414,44144.684583,169417994.836197,0.000261
2024-06-03,CI,0.010044,100444.213069,626376490.046997,0.000160
2024-06-03,CL,0.009297,92966.711026,369228183.615379,0.000252
2024-06-03,CNC,0.010044,100444.213069,272176708.559341,0.000369
2024-06-03,COHR,0.021219,212193.631250,153035363.378811,0.001387
2024-06-03,COR,0.010044,100444.213069,339819473.274765,0.000296
2024-06-03,COST,0.009297,92966.711026,1446866224.487000,0.000064
2024-06-03,CRH,0.004414,44144.684583,593550367.544250,0.000074
2024-06-03,CRL,0.010044,100444.213069,131612644.493103,0.000763
2024-06-03,CVNA,0.010601,106014.978704,395126890.056658,0.000268
2024-06-03,DAL,0.006021,60205.122966,315864481.242542,0.000191
2024-06-03,DUK,0.003029,30294.554514,305953293.458900,0.000099
2024-06-03,DVA,0.010044,100444.213069,123921611.181717,0.000811
2024-06-03,ED,0.003029,30294.554514,214461809.857445,0.000141
2024-06-03,ELV,0.010044,100444.213069,563797146.262665,0.000178
2024-06-03,EME,0.006021,60205.122966,237000107.759552,0.000254
2024-06-03,ERIE,0.009299,92992.211792,28256512.915344,0.003291
2024-06-03,ETN,0.006021,60205.122966,581714975.764923,0.000103
2024-06-03,ETR,0.003029,30294.554514,199708265.212898,0.000152
2024-06-03,FANG,0.009308,93080.060200,283618609.358673,0.000328
2024-06-03,FERG,0.006021,60205.122966,212070821.827011,0.000284
2024-06-03,FITB,0.009299,92992.211792,121721435.284863,0.000764
2024-06-03,FIX,0.006021,60205.122966,128967201.929474,0.000467
2024-06-03,FLEX,0.021219,212193.631250,134242162.787399,0.001581
2024-06-03,GDDY,0.021219,212193.631250,165562167.588730,0.001282
2024-06-03,GE,0.006021,60205.122966,952411520.485992,0.000063
2024-06-03,GM,0.010601,106014.978704,528831868.732357,0.000200
2024-06-03,GOOG,0.025577,255769.478058,3031472943.387680,0.000084
2024-06-03,GOOGL,0.025577,255769.478058,4123594863.024445,0.000062
2024-06-03,GRMN,0.010601,106014.978704,115094402.097473,0.000921
2024-06-03,HBAN,0.009299,92992.211792,156910660.642829,0.000593
2024-06-03,HIG,0.009299,92992.211792,154323121.425247,0.000603
2024-06-03,HII,0.006021,60205.122966,66362194.787598,0.000907
2024-06-03,HST,0.002712,27119.437666,112050643.751574,0.000242
2024-06-03,IRM,0.002712,27119.437666,95377442.341995,0.000284
2024-06-03,JPM,0.009299,92992.211792,1784836427.084274,0.000052
2024-06-03,KEY,0.009299,92992.211792,152233635.763893,0.000611
2024-06-03,KIM,0.002712,27119.437666,66927379.374313,0.000405
2024-06-03,KKR,0.009299,92992.211792,375426021.372757,0.000248
2024-06-03,KLAC,0.021219,212193.631250,575322838.523483,0.000369
2024-06-03,LEN,0.010601,106014.978704,273400496.355192,0.000388
2024-06-03,LII,0.006021,60205.122966,134221596.208649,0.000449
2024-06-03,LLY,0.010044,100444.213069,2008436465.237732,0.000050
2024-06-03,MPC,0.009308,93080.060200,430970724.378128,0.000216
2024-06-03,NFLX,0.025577,255769.478058,1926451953.201866,0.000133
2024-06-03,NTAP,0.021219,212193.631250,279493105.023193,0.000759
2024-06-03,NUE,0.004414,44144.684583,221021991.989594,0.000200
2024-06-03,NVDA,0.021219,212193.631250,43983729099.607849,0.000005
2024-06-03,NXPI,0.021219,212193.631250,458426107.555389,0.000463
2024-06-03,PCAR,0.006021,60205.122966,258037337.013817,0.000233
2024-06-03,PEG,0.003029,30294.554514,199695246.090393,0.000152
2024-06-03,PG,0.009297,92966.711026,895360699.015579,0.000104
2024-06-03,PGR,0.009299,92992.211792,515765564.798279,0.000180
2024-06-03,PHM,0.010601,106014.978704,189125501.006622,0.000561
2024-06-03,PKG,0.004414,44144.684583,89545232.971802,0.000493
2024-06-03,PNR,0.006021,60205.122966,92622142.500877,0.000650
2024-06-03,PSX,0.009308,93080.060200,296706017.702789,0.000314
2024-06-03,QCOM,0.021219,212193.631250,1940462400.863190,0.000109
2024-06-03,RCL,0.010601,106014.978704,308695926.970673,0.000343
2024-06-03,REGN,0.010044,100444.213069,379765143.173218,0.000264
2024-06-03,SMCI,0.021219,212193.631250,4921381579.310608,0.000043
2024-06-03,SO,0.003029,30294.554514,384109358.056450,0.000079
2024-06-03,SPG,0.002712,27119.437666,205437852.326202,0.000132
2024-06-03,STLD,0.004414,44144.684583,142567210.035400,0.000310
2024-06-03,SYF,0.009299,92992.211792,176600842.648144,0.000527
2024-06-03,T,0.025577,255769.478058,513485358.651762,0.000498
2024-06-03,TGT,0.009297,92966.711026,721419188.672028,0.000129
2024-06-03,TRGP,0.009308,93080.060200,145649223.650398,0.000639
2024-06-03,TSN,0.009297,92966.711026,200075855.381050,0.000465
2024-06-03,TT,0.006021,60205.122966,303802510.069733,0.000198
2024-06-03,TXT,0.006021,60205.122966,83023011.793785,0.000725
2024-06-03,UHS,0.010044,100444.213069,117740025.461502,0.000853
2024-06-03,URI,0.006021,60205.122966,288980470.966492,0.000208
2024-06-03,USB,0.009299,92992.211792,298568671.423054,0.000311
2024-06-03,VICI,0.002712,27119.437666,188995670.292120,0.000143
2024-06-03,VLO,0.009308,93080.060200,425217397.173615,0.000219
2024-06-03,VST,0.003029,30294.554514,1090673515.666466,0.000028
2024-06-03,VTRS,0.010044,100444.213069,94020126.260781,0.001068
2024-06-03,WAB,0.006021,60205.122966,194055984.652557,0.000310
2024-06-03,WDC,0.021219,212193.631250,390088071.800939,0.000544
2024-06-03,WFC,0.009299,92992.211792,931267345.922947,0.000100
2024-06-03,WSM,0.010601,106014.978704,371605888.916321,0.000285
2024-07-01,A,0.009883,98830.575962,387190130.763931,0.000255
2024-07-01,ABNB,0.010798,107979.712436,563730845.749588,0.000192
2024-07-01,ACGL,0.008910,89103.727148,158206568.456192,0.000563
2024-07-01,AIZ,0.008910,89103.727148,54501005.923309,0.001635
2024-07-01,AMGN,0.009883,98830.575962,755270980.739899,0.000131
2024-07-01,ANET,0.022451,224505.196245,778830040.931549,0.000288
2024-07-01,APO,0.008910,89103.727148,367052586.264458,0.000243
2024-07-01,APP,0.025967,259668.264533,361315941.302910,0.000719
2024-07-01,ARE,0.002665,26647.334543,98906302.355232,0.000269
2024-07-01,AVGO,0.022451,224505.196245,8534908925.579071,0.000026
2024-07-01,BAC,0.008910,89103.727148,1431204931.722527,0.000062
2024-07-01,BG,0.008963,89626.263678,142355855.098457,0.000630
2024-07-01,BRK-B,0.008910,89103.727148,1671641444.189758,0.000053
2024-07-01,CASY,0.008963,89626.263678,156265354.915161,0.000574
2024-07-01,CAT,0.005767,57672.309365,1212933671.880646,0.000048
2024-07-01,CB,0.008910,89103.727148,372297163.706284,0.000239
2024-07-01,CBRE,0.002665,26647.334543,159833717.437859,0.000167
2024-07-01,CEG,0.002759,27586.857573,878634115.091019,0.000031
2024-07-01,CF,0.004117,41172.881625,173125601.911507,0.000238
2024-07-01,CI,0.009883,98830.575962,504557873.036804,0.000196
2024-07-01,CL,0.008963,89626.263678,403117027.124939,0.000222
2024-07-01,CNC,0.009883,98830.575962,262404681.097260,0.000377
2024-07-01,COST,0.008963,89626.263678,1544951702.967224,0.000058
2024-07-01,CRH,0.004117,41172.881625,946594629.968605,0.000043
2024-07-01,CVNA,0.010798,107979.712436,590184707.225943,0.000183
2024-07-01,DAL,0.005767,57672.309365,359303866.546173,0.000161
2024-07-01,DECK,0.010798,107979.712436,329652153.422699,0.000328
2024-07-01,DUK,0.002759,27586.857573,271442448.288498,0.000102
2024-07-01,DVA,0.009883,98830.575962,144927808.390121,0.000682
2024-07-01,ED,0.002759,27586.857573,159530863.708229,0.000173
2024-07-01,ELV,0.009883,98830.575962,475948331.901245,0.000208
2024-07-01,EME,0.005767,57672.309365,198031425.433044,0.000291
2024-07-01,ERIE,0.008910,89103.727148,26909932.103271,0.003311
2024-07-01,ETN,0.005767,57672.309365,732818019.400330,0.000079
2024-07-01,ETR,0.002759,27586.857573,187087550.366440,0.000147
2024-07-01,EXE,0.008885,88847.255848,139623588.036270,0.000636
2024-07-01,FANG,0.008885,88847.255848,281009991.799240,0.000316
2024-07-01,FERG,0.005767,57672.309365,272627142.639847,0.000212
2024-07-01,FITB,0.008910,89103.727148,160912098.144703,0.000554
2024-07-01,FIX,0.005767,57672.309365,201324476.064301,0.000286
2024-07-01,FLEX,0.022451,224505.196245,124506547.577143,0.001803
2024-07-01,FSLR,0.022451,224505.196245,836602798.692780,0.000268
2024-07-01,GDDY,0.022451,224505.196245,433975248.300552,0.000517
2024-07-01,GE,0.005767,57672.309365,979034551.326904,0.000059
2024-07-01,GEN,0.022451,224505.196245,147376712.327871,0.001523
2024-07-01,GOOG,0.025967,259668.264533,3252210424.353485,0.000080
2024-07-01,GOOGL,0.025967,259668.264533,4237945058.282318,0.000061
2024-07-01,GRMN,0.010798,107979.712436,101255630.670624,0.001066
2024-07-01,HBAN,0.008910,89103.727148,272255332.469840,0.000327
2024-07-01,HIG,0.008910,89103.727148,143942157.150536,0.000619
2024-07-01,HST,0.002665,26647.334543,110161501.122551,0.000242
2024-07-01,HWM,0.005767,57672.309365,240975951.369133,0.000239
2024-07-01,IBKR,0.008910,89103.727148,94386448.474312,0.000944
2024-07-01,IP,0.004117,41172.881625,302425139.605274,0.000136
2024-07-01,IRM,0.002665,26647.334543,231236647.434845,0.000115
2024-07-01,JPM,0.008910,89103.727148,1829481962.409744,0.000049
2024-07-01,KEY,0.008910,89103.727148,182047134.006233,0.000489
2024-07-01,KKR,0.008910,89103.727148,1474979790.923080,0.000060
2024-07-01,KLAC,0.022451,224505.196245,634869422.642136,0.000354
2024-07-01,LII,0.005767,57672.309365,181844512.831726,0.000317
2024-07-01,LLY,0.009883,98830.575962,2324061670.081787,0.000043
2024-07-01,MPC,0.008885,88847.255848,469847363.030624,0.000189
2024-07-01,NFLX,0.025967,259668.264533,1876065101.446724,0.000138
2024-07-01,NTAP,0.022451,224505.196245,294382099.769249,0.000763
2024-07-01,NVDA,0.022451,224505.196245,47858811500.871353,0.000005
2024-07-01,NXPI,0.022451,224505.196245,474650333.725739,0.000473
2024-07-01,PCAR,0.005767,57672.309365,319672851.271286,0.000180
2024-07-01,PEG,0.002759,27586.857573,216257733.828201,0.000128
2024-07-01,PHM,0.010798,107979.712436,199056341.749420,0.000542
2024-07-01,PKG,0.004117,41172.881625,94564141.717987,0.000435
2024-07-01,PNR,0.005767,57672.309365,134168759.934883,0.000430
2024-07-01,PSX,0.008885,88847.255848,379296351.530914,0.000234
2024-07-01,QCOM,0.022451,224505.196245,2436100579.439392,0.000092
2024-07-01,REGN,0.009883,98830.575962,501248053.306274,0.000197
2024-07-01,SMCI,0.022451,224505.196245,5966582044.583511,0.000038
2024-07-01,SO,0.002759,27586.857573,312323460.843430,0.000088
2024-07-01,SPG,0.002665,26647.334543,265902959.223480,0.000100
2024-07-01,STLD,0.004117,41172.881625,192666927.724609,0.000214
2024-07-01,T,0.025967,259668.264533,637502365.749378,0.000407
2024-07-01,TGT,0.008963,89626.263678,618042118.484116,0.000145
2024-07-01,TJX,0.010798,107979.712436,650109672.271805,0.000166
2024-07-01,TPR,0.010798,107979.712436,103323942.810879,0.001045
2024-07-01,TRGP,0.008885,88847.255848,209792601.261902,0.000424
2024-07-01,TSN,0.008963,89626.263678,112792377.364616,0.000795
2024-07-01,TT,0.005767,57672.309365,495644604.503479,0.000116
2024-07-01,TXT,0.005767,57672.309365,88332381.771507,0.000653
2024-07-01,UHS,0.009883,98830.575962,114567317.315140,0.000863
2024-07-01,URI,0.005767,57672.309365,418589888.895874,0.000138
2024-07-01,VICI,0.002665,26647.334543,172360887.700195,0.000155
2024-07-01,VRTX,0.009883,98830.575962,634437725.495453,0.000156
2024-07-01,VST,0.002759,27586.857573,790021943.565216,0.000035
2024-07-01,WAB,0.005767,57672.309365,160177469.146347,0.000360
2024-07-01,WAT,0.009883,98830.575962,161203958.823395,0.000613
2024-07-01,WDC,0.022451,224505.196245,382424791.053628,0.000587
2024-07-01,WFC,0.008910,89103.727148,1138605892.543812,0.000078
2024-07-01,WMT,0.008963,89626.263678,999265216.740074,0.000090
2024-07-01,WSM,0.010798,107979.712436,328795417.715607,0.000328
2024-08-01,ACGL,0.009325,93251.461746,126383794.520226,0.000738
2024-08-01,AIZ,0.009325,93251.461746,54987707.012634,0.001696
2024-08-01,AMAT,0.021916,219164.132627,1430721165.082626,0.000153
2024-08-01,AMGN,0.009979,99789.268629,623781796.016541,0.000160
2024-08-01,ANET,0.021916,219164.132627,844070893.875732,0.000260
2024-08-01,APH,0.021916,219164.132627,526344614.310570,0.000416
2024-08-01,APO,0.009325,93251.461746,276504363.691101,0.000337
2024-08-01,APP,0.024480,244803.311342,220844044.888649,0.001108
2024-08-01,AVGO,0.021916,219164.132627,5409351487.244949,0.000041
2024-08-01,AXP,0.009325,93251.461746,693656070.040359,0.000134
2024-08-01,BAC,0.009325,93251.461746,1780209717.191219,0.000052
2024-08-01,BBY,0.010877,108766.024596,271024486.190758,0.000401
2024-08-01,BG,0.008967,89669.227627,134962056.576004,0.000664
2024-08-01,BRK-B,0.009325,93251.461746,1623616070.062561,0.000057
2024-08-01,CASY,0.008967,89669.227627,85693460.081940,0.001046
2024-08-01,CAT,0.005985,59845.909410,961500944.927826,0.000062
2024-08-01,CB,0.009325,93251.461746,385774107.790527,0.000242
2024-08-01,CEG,0.002901,29009.233594,647847511.372986,0.000045
2024-08-01,CI,0.009979,99789.268629,419065492.929230,0.000238
2024-08-01,CL,0.008967,89669.227627,402498860.121078,0.000223
2024-08-01,COR,0.009979,99789.268629,277428329.879608,0.000360
2024-08-01,COST,0.008967,89669.227627,1841733834.392395,0.000049
2024-08-01,CRH,0.004297,42970.221650,362596447.764473,0.000119
2024-08-01,CVNA,0.010877,108766.024596,653930504.132938,0.000166
2024-08-01,DAL,0.005985,59845.909410,500028433.667526,0.000120
2024-08-01,DUK,0.002901,29009.233594,306091816.949692,0.000095
2024-08-01,DVA,0.009979,99789.268629,82291063.947830,0.001213
2024-08-01,ECL,0.004297,42970.221650,269657618.758850,0.000159
2024-08-01,ELV,0.009979,99789.268629,696210001.543884,0.000143
2024-08-01,EME,0.005985,59845.909410,177067504.389038,0.000338
2024-08-01,ETN,0.005985,59845.909410,870453587.414703,0.000069
2024-08-01,ETR,0.002901,29009.233594,153407630.617828,0.000189
2024-08-01,EXE,0.008962,89619.862048,161644909.523773,0.000554
2024-08-01,EXR,0.002815,28146.558847,142515511.360779,0.000197
2024-08-01,FANG,0.008962,89619.862048,229774368.979034,0.000390
2024-08-01,FERG,0.005985,59845.909410,233676079.450531,0.000256
2024-08-01,FITB,0.009325,93251.461746,201106309.698486,0.000464
2024-08-01,FIX,0.005985,59845.909410,143685361.481323,0.000417
2024-08-01,FLEX,0.021916,219164.132627,104063530.288601,0.002106
2024-08-01,GDDY,0.021916,219164.132627,167280465.465317,0.001310
2024-08-01,GE,0.005985,59845.909410,1014486147.361374,0.000059
2024-08-01,GILD,0.009979,99789.268629,466070059.372864,0.000214
2024-08-01,GM,0.010877,108766.024596,724580595.491314,0.000150
2024-08-01,GOOG,0.024480,244803.311342,3052808294.668503,0.000080
2024-08-01,GRMN,0.010877,108766.024596,140636592.110748,0.000773
2024-08-01,HIG,0.009325,93251.461746,157358634.950981,0.000593
2024-08-01,HON,0.005985,59845.909410,610155451.034161,0.000098
2024-08-01,HST,0.002815,28146.558847,130980830.729361,0.000215
2024-08-01,IBKR,0.009325,93251.461746,134155151.202507,0.000695
2024-08-01,IRM,0.002815,28146.558847,199123373.628769,0.000141
2024-08-01,JPM,0.009325,93251.461746,1937772118.999939,0.000048
2024-08-01,KKR,0.009325,93251.461746,429840138.350487,0.000217
2024-08-01,KLAC,0.021916,219164.132627,848911952.908707,0.000258
2024-08-01,KMB,0.008967,89669.227627,347697105.685120,0.000258
2024-08-01,LDOS,0.005985,59845.909410,142962526.323318,0.000419
2024-08-01,LII,0.005985,59845.909410,181217187.062073,0.000330
2024-08-01,LLY,0.009979,99789.268629,2877868360.568542,0.000035
2024-08-01,META,0.024480,244803.311342,8387756950.620575,0.000029
2024-08-01,MPC,0.008962,89619.862048,389807472.219086,0.000230
2024-08-01,MSFT,0.021916,219164.132627,9390839686.995544,0.000023
2024-08-01,NFLX,0.024480,244803.311342,2535442704.050636,0.000097
2024-08-01,NTAP,0.021916,219164.132627,206523562.220497,0.001061
2024-08-01,NVDA,0.021916,219164.132627,36975917874.021843,0.000006
2024-08-01,PCAR,0.005985,59845.909410,342337597.221489,0.000175
2024-08-01,PEG,0.002901,29009.233594,212651235.987892,0.000136
2024-08-01,PGR,0.009325,93251.461746,553419826.829376,0.000169
2024-08-01,PHM,0.010877,108766.024596,290694393.555107,0.000374
2024-08-01,PKG,0.004297,42970.221650,113571515.865707,0.000378
2024-08-01,PSX,0.008962,89619.862048,292716820.859299,0.000306
2024-08-01,QCOM,0.021916,219164.132627,1861522653.086166,0.000118
2024-08-01,REGN,0.009979,99789.268629,446408746.124878,0.000224
2024-08-01,RSG,0.005985,59845.909410,261039068.171692,0.000229
2024-08-01,SMCI,0.021916,219164.132627,4696141686.674881,0.000047
2024-08-01,SO,0.002901,29009.233594,311111868.236656,0.000093
2024-08-01,SPG,0.002815,28146.558847,193201016.822662,0.000146
2024-08-01,SRE,0.002901,29009.233594,213014114.438629,0.000136
2024-08-01,STLD,0.004297,42970.221650,171230024.527893,0.000251
2024-08-01,SW,0.004297,42970.221650,566880226.337528,0.000076
2024-08-01,SYF,0.009325,93251.461746,168521993.544941,0.000553
2024-08-01,T,0.024480,244803.311342,705453738.268299,0.000347
2024-08-01,TGT,0.008967,89669.227627,507163325.844269,0.000177
2024-08-01,TJX,0.010877,108766.024596,491543598.448982,0.000221
2024-08-01,TPR,0.010877,108766.024596,98828844.194641,0.001101
2024-08-01,TRGP,0.008962,89619.862048,165977261.988831,0.000540
2024-08-01,TT,0.005985,59845.909410,446895287.133484,0.000134
2024-08-01,UHS,0.009979,99789.268629,183717078.409958,0.000543
2024-08-01,UNH,0.009979,99789.268629,2433792608.410034,0.000041
2024-08-01,URI,0.005985,59845.909410,489540990.863953,0.000122
2024-08-01,VICI,0.002815,28146.558847,183291040.225010,0.000154
2024-08-01,VMRK,0.002815,28146.558847,131203085.398102,0.000215
2024-08-01,VRTX,0.009979,99789.268629,515778067.973022,0.000193
2024-08-01,VST,0.002901,29009.233594,544978620.536613,0.000053
2024-08-01,WAB,0.005985,59845.909410,188605419.816132,0.000317
2024-08-01,WDC,0.021916,219164.132627,499861891.195462,0.000438
2024-08-01,WFC,0.009325,93251.461746,973120516.267033,0.000096
2024-08-01,WMT,0.008967,89669.227627,982667712.157173,0.000091
2024-08-01,WSM,0.010877,108766.024596,207404076.656189,0.000524
2024-09-03,AMGN,0.010292,102916.593580,616188134.568176,0.000167
2024-09-03,ANET,0.021746,217458.470343,487267296.259918,0.000446
2024-09-03,APO,0.009470,94699.017632,284799215.519600,0.000333
2024-09-03,APP,0.023926,239259.608680,328124674.394875,0.000729
2024-09-03,AVGO,0.021746,217458.470343,3539273135.776825,0.000061
2024-09-03,AXP,0.009470,94699.017632,582460446.133728,0.000163
2024-09-03,BAC,0.009470,94699.017632,1428175631.341267,0.000066
2024-09-03,BBY,0.010477,104766.648192,268512172.953262,0.000390
2024-09-03,BG,0.009293,92928.048979,104186539.258575,0.000892
2024-09-03,BRK-B,0.009470,94699.017632,1760808826.517639,0.000054
2024-09-03,C,0.009470,94699.017632,693324916.831417,0.000137
2024-09-03,CASY,0.009293,92928.048979,74182820.923920,0.001253
2024-09-03,CB,0.009470,94699.017632,337517016.643677,0.000281
2024-09-03,CBRE,0.002923,29226.658450,145674296.037331,0.000201
2024-09-03,CEG,0.002972,29716.357077,555520671.229095,0.000053
2024-09-03,CL,0.009293,92928.048979,359686157.856369,0.000258
2024-09-03,CNC,0.010292,102916.593580,212279113.849602,0.000485
2024-09-03,COHR,0.021746,217458.470343,204944585.136528,0.001061
2024-09-03,COR,0.010292,102916.593580,259109196.719513,0.000397
2024-09-03,COST,0.009293,92928.048979,1468106786.081848,0.000063
2024-09-03,CRH,0.004314,43139.709766,348597720.636063,0.000124
2024-09-03,CRL,0.010292,102916.593580,184932200.732956,0.000557
2024-09-03,CVNA,0.010477,104766.648192,417724505.499649,0.000251
2024-09-03,DAL,0.006037,60373.762573,289823454.713020,0.000208
2024-09-03,DHI,0.010477,104766.648192,373965691.536331,0.000280
2024-09-03,DTE,0.002972,29716.357077,99721841.388588,0.000298
2024-09-03,DUK,0.002972,29716.357077,345822794.115677,0.000086
2024-09-03,DVA,0.010292,102916.593580,113018104.713821,0.000911
2024-09-03,ELV,0.010292,102916.593580,359375758.313904,0.000286
2024-09-03,EME,0.006037,60373.762573,111486564.009247,0.000542
2024-09-03,ETR,0.002972,29716.357077,184049059.508629,0.000161
2024-09-03,FANG,0.008617,86173.016446,237349202.289505,0.000363
2024-09-03,FERG,0.006037,60373.762573,189904435.195618,0.000318
2024-09-03,FITB,0.009470,94699.017632,133449452.082977,0.000710
2024-09-03,FIX,0.006037,60373.762573,100643509.843445,0.000600
2024-09-03,FLEX,0.021746,217458.470343,62178475.093584,0.003497
2024-09-03,FOX,0.023926,239259.608680,36031934.642658,0.006640
2024-09-03,GDDY,0.021746,217458.470343,177977555.049744,0.001222
2024-09-03,GE,0.006037,60373.762573,670371650.928879,0.000090
2024-09-03,GEHC,0.010292,102916.593580,135587198.780518,0.000759
2024-09-03,GEN,0.021746,217458.470343,71396518.391991,0.003046
2024-09-03,GM,0.010477,104766.648192,518752450.274849,0.000202
2024-09-03,GRMN,0.010477,104766.648192,120858100.622330,0.000867
2024-09-03,HBAN,0.009470,94699.017632,154597725.991464,0.000613
2024-09-03,HIG,0.009470,94699.017632,146053925.203552,0.000648
2024-09-03,HII,0.006037,60373.762573,63397717.024231,0.000952
2024-09-03,HST,0.002923,29226.658450,140758864.920340,0.000208
2024-09-03,HWM,0.006037,60373.762573,201941773.274422,0.000299
2024-09-03,IFF,0.004314,43139.709766,133284011.235466,0.000324
2024-09-03,IP,0.004314,43139.709766,174771773.524780,0.000247
2024-09-03,IRM,0.002923,29226.658450,160901054.554291,0.000182
2024-09-03,JPM,0.009470,94699.017632,1473906648.890152,0.000064
2024-09-03,KIM,0.002923,29226.658450,78999245.744953,0.000370
2024-09-03,KKR,0.009470,94699.017632,317298357.926636,0.000298
2024-09-03,KLAC,0.021746,217458.470343,705680617.130661,0.000308
2024-09-03,LEN,0.010477,104766.648192,258329348.683961,0.000406
2024-09-03,LHX,0.006037,60373.762573,144962674.466248,0.000416
2024-09-03,LII,0.006037,60373.762573,110521233.497620,0.000546
2024-09-03,LLY,0.010292,102916.593580,3131699155.784607,0.000033
2024-09-03,META,0.023926,239259.608680,6411645942.624359,0.000037
2024-09-03,MSI,0.021746,217458.470343,281891321.899414,0.000771
2024-09-03,MTB,0.009470,94699.017632,126910224.476242,0.000746
2024-09-03,NFLX,0.023926,239259.608680,1973865641.807175,0.000121
2024-09-03,NTAP,0.021746,217458.470343,211676131.937561,0.001027
2024-09-03,NVDA,0.021746,217458.470343,41322684868.962296,0.000005
2024-09-03,NXPI,0.021746,217458.470343,529434187.256699,0.000411
2024-09-03,PCAR,0.006037,60373.762573,227634641.233101,0.000265
2024-09-03,PEG,0.002972,29716.357077,197557408.937149,0.000150
2024-09-03,PHM,0.010477,104766.648192,210698155.431442,0.000497
2024-09-03,PKG,0.004314,43139.709766,106439745.454941,0.000405
2024-09-03,PNC,0.009470,94699.017632,257445740.108871,0.000368
2024-09-03,PNR,0.006037,60373.762573,94075443.434372,0.000642
2024-09-03,PSX,0.008617,86173.016446,301374380.227737,0.000286
2024-09-03,QCOM,0.021746,217458.470343,1385960210.582504,0.000157
2024-09-03,RSG,0.006037,60373.762573,174732542.908173,0.000346
2024-09-03,SMCI,0.021746,217458.470343,5543183436.791039,0.000039
2024-09-03,SO,0.002972,29716.357077,352293478.943024,0.000084
2024-09-03,SPG,0.002923,29226.658450,212840012.593384,0.000137
2024-09-03,STLD,0.004314,43139.709766,127630743.071899,0.000338
2024-09-03,SYF,0.009470,94699.017632,144802304.499817,0.000654
2024-09-03,SYY,0.009293,92928.048979,179118475.663948,0.000519
2024-09-03,T,0.023926,239259.608680,496515757.871008,0.000482
2024-09-03,TGT,0.009293,92928.048979,780103289.227753,0.000119
2024-09-03,TPL,0.008617,86173.016446,77599405.918121,0.001110
2024-09-03,TRGP,0.008617,86173.016446,255211967.928848,0.000338
2024-09-03,TT,0.006037,60373.762573,337636189.842529,0.000179
2024-09-03,UHS,0.010292,102916.593580,137286485.286484,0.000750
2024-09-03,UNH,0.010292,102916.593580,1451639205.316467,0.000071
2024-09-03,URI,0.006037,60373.762573,241146055.328979,0.000250
2024-09-03,VICI,0.002923,29226.658450,133055130.423975,0.000220
2024-09-03,VLO,0.008617,86173.016446,341590820.284729,0.000252
2024-09-03,VRTX,0.010292,102916.593580,550928496.266632,0.000187
2024-09-03,VST,0.002972,29716.357077,442456737.120171,0.000067
2024-09-03,WAB,0.006037,60373.762573,197793589.656601,0.000305
2024-09-03,WFC,0.009470,94699.017632,800366977.257442,0.000118
2024-09-03,WMT,0.009293,92928.048979,1293486910.775337,0.000072
2024-09-03,WSM,0.010477,104766.648192,275235655.223923,0.000381
2024-10-01,ABBV,0.009912,99122.869558,917758652.514343,0.000108
2024-10-01,ALLE,0.006110,61103.077349,96166299.879913,0.000635
2024-10-01,ANET,0.021760,217603.406583,544839599.676819,0.000399
2024-10-01,APP,0.024369,243691.052294,624923962.915535,0.000390
2024-10-01,AVGO,0.021760,217603.406583,5476308185.605545,0.000040
2024-10-01,AXP,0.009267,92672.872614,719386433.040695,0.000129
2024-10-01,BAC,0.009267,92672.872614,1529442967.709179,0.000061
2024-10-01,BBY,0.011092,110919.888569,263286134.327888,0.000421
2024-10-01,BRK-B,0.009267,92672.872614,1878294794.236145,0.000049
2024-10-01,C,0.009267,92672.872614,826935188.549366,0.000112
2024-10-01,CBRE,0.002943,29432.737266,196503726.620293,0.000150
2024-10-01,CEG,0.003120,31196.720261,927330832.958908,0.000034
2024-10-01,CI,0.009912,99122.869558,437727279.338226,0.000226
2024-10-01,CL,0.009235,92349.593021,462970031.806755,0.000199
2024-10-01,COHR,0.021760,217603.406583,217389918.040771,0.001001
2024-10-01,COR,0.009912,99122.869558,425378349.747009,0.000233
2024-10-01,COST,0.009235,92349.593021,1823876657.894592,0.000051
2024-10-01,CRH,0.004328,43278.701203,357017428.549576,0.000121
2024-10-01,CVNA,0.011092,110919.888569,539735973.656607,0.000206
2024-10-01,DAL,0.006110,61103.077349,447199236.970196,0.000137
2024-10-01,DECK,0.011092,110919.888569,271940024.587021,0.000408
2024-10-01,DGX,0.009912,99122.869558,111899515.999832,0.000886
2024-10-01,DHI,0.011092,110919.888569,398311859.486847,0.000278
2024-10-01,DUK,0.003120,31196.720261,375521308.498955,0.000083
2024-10-01,DVA,0.009912,99122.869558,124543222.199631,0.000796
2024-10-01,DVN,0.008211,82107.281443,344954895.105247,0.000238
2024-10-01,ED,0.003120,31196.720261,166188225.993919,0.000188
2024-10-01,ELV,0.009912,99122.869558,508890231.396179,0.000195
2024-10-01,EME,0.006110,61103.077349,155886173.164978,0.000392
2024-10-01,EOG,0.008211,82107.281443,492384861.051598,0.000167
2024-10-01,ETR,0.003120,31196.720261,265305997.416649,0.000118
2024-10-01,FANG,0.008211,82107.281443,467946649.363708,0.000175
2024-10-01,FITB,0.009267,92672.872614,171404942.056618,0.000541
2024-10-01,FIX,0.006110,61103.077349,100124446.155853,0.000610
2024-10-01,FLEX,0.021760,217603.406583,173134999.943094,0.001257
2024-10-01,FOX,0.024369,243691.052294,39634857.305298,0.006148
2024-10-01,FOXA,0.024369,243691.052294,152079487.310848,0.001602
2024-10-01,GDDY,0.021760,217603.406583,193430374.493866,0.001125
2024-10-01,GE,0.006110,61103.077349,879898066.743698,0.000069
2024-10-01,GEN,0.021760,217603.406583,89275686.729441,0.002437
2024-10-01,GM,0.011092,110919.888569,656774614.832706,0.000169
2024-10-01,HBAN,0.009267,92672.872614,191942736.414537,0.000483
2024-10-01,HIG,0.009267,92672.872614,165453393.798103,0.000560
2024-10-01,HII,0.006110,61103.077349,115676602.141113,0.000528
2024-10-01,HST,0.002943,29432.737266,150650251.154919,0.000195
2024-10-01,HWM,0.006110,61103.077349,231757537.803459,0.000264
2024-10-01,IFF,0.004328,43278.701203,130796979.939804,0.000331
2024-10-01,IRM,0.002943,29432.737266,184290370.122185,0.000160
2024-10-01,JPM,0.009267,92672.872614,2161209729.246368,0.000043
2024-10-01,KEY,0.009267,92672.872614,194298166.812749,0.000477
2024-10-01,KIM,0.002943,29432.737266,101292931.461773,0.000291
2024-10-01,KKR,0.009267,92672.872614,365239607.943535,0.000254
2024-10-01,KLAC,0.021760,217603.406583,693124801.368332,0.000314
2024-10-01,KMB,0.009235,92349.593021,286777157.796707,0.000322
2024-10-01,KO,0.009235,92349.593021,1090688892.505035,0.000085
2024-10-01,LEN,0.011092,110919.888569,379489240.162920,0.000292
2024-10-01,LII,0.006110,61103.077349,136164150.270386,0.000449
2024-10-01,LLY,0.009912,99122.869558,2640358981.527405,0.000038
2024-10-01,LMT,0.006110,61103.077349,595161954.902954,0.000103
2024-10-01,MSI,0.021760,217603.406583,323759914.080658,0.000672
2024-10-01,NEE,0.003120,31196.720261,812796367.007332,0.000038
2024-10-01,NFLX,0.024369,243691.052294,1839293573.189926,0.000132
2024-10-01,NTAP,0.021760,217603.406583,196515832.108459,0.001107
2024-10-01,NVDA,0.021760,217603.406583,35104978203.131561,0.000006
2024-10-01,PANW,0.021760,217603.406583,813027284.926453,0.000268
2024-10-01,PCAR,0.006110,61103.077349,239171428.708916,0.000255
2024-10-01,PEG,0.003120,31196.720261,250569890.052185,0.000125
2024-10-01,PGR,0.009267,92672.872614,593003913.469696,0.000156
2024-10-01,PH,0.006110,61103.077349,352423945.468445,0.000173
2024-10-01,PHM,0.011092,110919.888569,282406886.434326,0.000393
2024-10-01,PKG,0.004328,43278.701203,110463645.278702,0.000392
2024-10-01,PNC,0.009267,92672.872614,316057283.235550,0.000293
2024-10-01,PNR,0.006110,61103.077349,131252449.714012,0.000466
2024-10-01,PSX,0.008211,82107.281443,473742661.710014,0.000173
2024-10-01,QCOM,0.021760,217603.406583,1409071432.165985,0.000154
2024-10-01,REGN,0.009912,99122.869558,698644987.946167,0.000142
2024-10-01,RF,0.009267,92672.872614,169300927.387686,0.000547
2024-10-01,RMD,0.009912,99122.869558,268778297.108383,0.000369
2024-10-01,RTX,0.006110,61103.077349,714963935.311775,0.000085
2024-10-01,SMCI,0.021760,217603.406583,3055395876.184845,0.000071
2024-10-01,SPG,0.002943,29432.737266,294655946.558685,0.000100
2024-10-01,STLD,0.004328,43278.701203,196849340.248070,0.000220
2024-10-01,SW,0.004328,43278.701203,233547245.852337,0.000185
2024-10-01,SYF,0.009267,92672.872614,173287493.446064,0.000535
2024-10-01,T,0.024369,243691.052294,872942004.493675,0.000279
2024-10-01,TGT,0.009235,92349.593021,562843333.930893,0.000164
2024-10-01,TRGP,0.008211,82107.281443,280994906.942291,0.000292
2024-10-01,TSN,0.009235,92349.593021,139488076.689739,0.000662
2024-10-01,TT,0.006110,61103.077349,389318003.196869,0.000157
2024-10-01,UHS,0.009912,99122.869558,162983909.985886,0.000608
2024-10-01,URI,0.006110,61103.077349,335845400.984192,0.000182
2024-10-01,VICI,0.002943,29432.737266,183093468.925552,0.000161
2024-10-01,VRTX,0.009912,99122.869558,457748424.173279,0.000217
2024-10-01,VST,0.003120,31196.720261,835211758.568497,0.000037
2024-10-01,WFC,0.009267,92672.872614,1136426851.104660,0.000082
2024-10-01,WMT,0.009235,92349.593021,1391624915.601120,0.000066
2024-10-01,WSM,0.011092,110919.888569,233686547.856522,0.000475
2024-11-01,A,0.009492,94923.635976,191859753.862228,0.000495
2024-11-01,ALLE,0.005713,57134.193769,141287026.941757,0.000404
2024-11-01,AMCR,0.004209,42091.355298,72392621.719337,0.000581
2024-11-01,ANET,0.021738,217379.727971,638279566.428833,0.000341
2024-11-01,APO,0.009638,96377.514661,357806512.794266,0.000269
2024-11-01,APP,0.025143,251426.886429,541585528.276520,0.000464
2024-11-01,AVGO,0.021738,217379.727971,3452161869.436722,0.000063
2024-11-01,AXP,0.009638,96377.514661,768262368.615112,0.000125
2024-11-01,BBY,0.010955,109553.933574,207680581.133919,0.000528
2024-11-01,BRK-B,0.009638,96377.514661,1505523627.445374,0.000064
2024-11-01,C,0.009638,96377.514661,837712002.701950,0.000115
2024-11-01,CASY,0.008880,88803.772087,78129604.378052,0.001137
2024-11-01,CAT,0.005713,57134.193769,857396781.795502,0.000067
2024-11-01,CBRE,0.002868,28681.907809,230341981.822739,0.000125
2024-11-01,CEG,0.003114,31141.349536,688558683.634949,0.000045
2024-11-01,CL,0.008880,88803.772087,441095834.564743,0.000201
2024-11-01,CLX,0.008880,88803.772087,187773428.283005,0.000473
2024-11-01,COHR,0.021738,217379.727971,217523641.057701,0.000999
2024-11-01,COST,0.008880,88803.772087,1383847870.129089,0.000064
2024-11-01,CRH,0.004209,42091.355298,307165296.548347,0.000137
2024-11-01,CVNA,0.010955,109553.933574,703713005.479813,0.000156
2024-11-01,D,0.003114,31141.349536,246772642.741756,0.000126
2024-11-01,DAL,0.005713,57134.193769,500282576.497688,0.000114
2024-11-01,DHI,0.010955,109553.933574,473846098.341675,0.000231
2024-11-01,DVA,0.009492,94923.635976,131607898.903656,0.000721
2024-11-01,ECHO,0.025143,251426.886429,33556686.706972,0.007493
2024-11-01,EIX,0.003114,31141.349536,162489002.336082,0.000192
2024-11-01,ELV,0.009492,94923.635976,940414973.546143,0.000101
2024-11-01,EME,0.005713,57134.193769,133073407.958221,0.000429
2024-11-01,ERIE,0.009638,96377.514661,72653204.904327,0.001327
2024-11-01,ETR,0.003114,31141.349536,252819072.051392,0.000123
2024-11-01,EXE,0.008287,82872.748993,206704034.579506,0.000401
2024-11-01,EXR,0.002868,28681.907809,153273314.346542,0.000187
2024-11-01,FANG,0.008287,82872.748993,421918086.237640,0.000196
2024-11-01,FITB,0.009638,96377.514661,201671880.145741,0.000478
2024-11-01,FIX,0.005713,57134.193769,138425683.228760,0.000413
2024-11-01,FLEX,0.021738,217379.727971,90914953.861408,0.002391
2024-11-01,FOX,0.025143,251426.886429,26713899.155960,0.009412
2024-11-01,FOXA,0.025143,251426.886429,83390635.211544,0.003015
2024-11-01,FSLR,0.021738,217379.727971,605107538.869019,0.000359
2024-11-01,GDDY,0.021738,217379.727971,161287853.125763,0.001348
2024-11-01,GE,0.005713,57134.193769,833035718.451920,0.000069
2024-11-01,GEHC,0.009492,94923.635976,213270936.900368,0.000445
2024-11-01,GEN,0.021738,217379.727971,86438498.825598,0.002515
2024-11-01,GM,0.010955,109553.933574,641377774.821339,0.000171
2024-11-01,GNRC,0.005713,57134.193769,156775827.517700,0.000364
2024-11-01,HBAN,0.009638,96377.514661,203425844.326363,0.000474
2024-11-01,HIG,0.009638,96377.514661,191387786.990700,0.000504
2024-11-01,HUBB,0.005713,57134.193769,172365586.865495,0.000331
2024-11-01,HWM,0.005713,57134.193769,210686535.295448,0.000271
2024-11-01,IBKR,0.009638,96377.514661,142592345.858688,0.000676
2024-11-01,IRM,0.002868,28681.907809,156134093.435898,0.000184
2024-11-01,KEY,0.009638,96377.514661,160923370.732527,0.000599
2024-11-01,KKR,0.009638,96377.514661,376644812.168884,0.000256
2024-11-01,KLAC,0.021738,217379.727971,807077431.876373,0.000269
2024-11-01,LEN,0.010955,109553.933574,327942914.271370,0.000334
2024-11-01,LLY,0.009492,94923.635976,2889473303.461609,0.000033
2024-11-01,MTB,0.009638,96377.514661,228248334.670105,0.000422
2024-11-01,NEE,0.003114,31141.349536,820344603.803520,0.000038
2024-11-01,NTAP,0.021738,217379.727971,151257659.258804,0.001437
2024-11-01,NVDA,0.021738,217379.727971,32683719320.433430,0.000007
2024-11-01,PEG,0.003114,31141.349536,217553577.759438,0.000143
2024-11-01,PH,0.005713,57134.193769,355704384.976196,0.000161
2024-11-01,PHM,0.010955,109553.933574,239139184.479904,0.000458
2024-11-01,PNC,0.009638,96377.514661,331392531.597977,0.000291
2024-11-01,PNR,0.005713,57134.193769,155397606.960373,0.000368
2024-11-01,PODD,0.009492,94923.635976,99502549.807205,0.000954
2024-11-01,PSA,0.002868,28681.907809,216471660.757599,0.000132
2024-11-01,PSX,0.008287,82872.748993,273438493.478966,0.000303
2024-11-01,QCOM,0.021738,217379.727971,1192507447.099457,0.000182
2024-11-01,REGN,0.009492,94923.635976,726426430.946045,0.000131
2024-11-01,RF,0.009638,96377.514661,179056669.192772,0.000538
2024-11-01,RMD,0.009492,94923.635976,268517012.664337,0.000354
2024-11-01,RVTY,0.009492,94923.635976,88454083.950653,0.001073
2024-11-01,SHW,0.004209,42091.355298,470922457.104797,0.000089
2024-11-01,SMCI,0.021738,217379.727971,2579946301.895618,0.000084
2024-11-01,SPG,0.002868,28681.907809,184480967.533951,0.000155
2024-11-01,STLD,0.004209,42091.355298,152635486.838531,0.000276
2024-11-01,SW,0.004209,42091.355298,177547168.310795,0.000237
2024-11-01,SYF,0.009638,96377.514661,179961242.208385,0.000536
2024-11-01,T,0.025143,251426.886429,743870523.334274,0.000338
2024-11-01,TGT,0.008880,88803.772087,483162078.647766,0.000184
2024-11-01,TPL,0.008287,82872.748993,87804594.059601,0.000944
2024-11-01,TPR,0.010955,109553.933574,165597629.028587,0.000662
2024-11-01,TRGP,0.008287,82872.748993,267159846.249008,0.000310
2024-11-01,TSN,0.008880,88803.772087,103599247.743568,0.000857
2024-11-01,TT,0.005713,57134.193769,432117810.309906,0.000132
2024-11-01,UAL,0.005713,57134.193769,651878964.811382,0.000088
2024-11-01,UHS,0.009492,94923.635976,181650282.229156,0.000523
2024-11-01,URI,0.005713,57134.193769,403106809.219360,0.000142
2024-11-01,VICI,0.002868,28681.907809,124840457.859583,0.000230
2024-11-01,VLTO,0.005713,57134.193769,153072832.550735,0.000373
2024-11-01,VST,0.003114,31141.349536,904159014.946365,0.000034
2024-11-01,WAB,0.005713,57134.193769,177439951.692200,0.000322
2024-11-01,WAT,0.009492,94923.635976,155807447.155609,0.000609
2024-11-01,WDC,0.021738,217379.727971,373548909.850566,0.000582
2024-11-01,WMT,0.008880,88803.772087,939275953.129654,0.000095
2024-11-01,WSM,0.010955,109553.933574,202281081.020355,0.000542
2024-12-02,ABBV,0.008956,89561.885629,1372630148.521957,0.000065
2024-12-02,ALLE,0.005817,58169.189798,113363250.628738,0.000513
2024-12-02,ANET,0.021440,214402.727797,1006324753.095398,0.000213
2024-12-02,APH,0.021440,214402.727797,454892762.111473,0.000471
2024-12-02,APO,0.010128,101282.243063,642578948.766403,0.000158
2024-12-02,APP,0.024348,243477.886756,2251400367.561035,0.000108
2024-12-02,AVGO,0.021440,214402.727797,3103730646.074142,0.000069
2024-12-02,AXP,0.010128,101282.243063,746721609.593506,0.000136
2024-12-02,BBY,0.011796,117961.576150,347959597.544670,0.000339
2024-12-02,BRK-B,0.010128,101282.243063,1981153817.755127,0.000051
2024-12-02,CASY,0.008814,88135.075897,87471751.988373,0.001008
2024-12-02,CAT,0.005817,58169.189798,873335689.919891,0.000067
2024-12-02,CBRE,0.002826,28259.685316,267015689.903717,0.000106
2024-12-02,CEG,0.003046,30458.038797,880046809.906921,0.000035
2024-12-02,CF,0.004076,40762.059974,165186530.516548,0.000247
2024-12-02,CIEN,0.021440,214402.727797,99283326.185856,0.002160
2024-12-02,CINF,0.010128,101282.243063,76571911.325760,0.001323
2024-12-02,CL,0.008814,88135.075897,424822348.821449,0.000207
2024-12-02,COHR,0.021440,214402.727797,286709685.006065,0.000748
2024-12-02,COST,0.008814,88135.075897,1841839281.033630,0.000048
2024-12-02,CRH,0.004076,40762.059974,425473651.232681,0.000096
2024-12-02,CTVA,0.004076,40762.059974,239172395.786610,0.000170
2024-12-02,CVNA,0.011796,117961.576150,634799554.741573,0.000186
2024-12-02,DAL,0.005817,58169.189798,487049875.293732,0.000119
2024-12-02,DVA,0.008956,89561.885629,130397914.536591,0.000687
2024-12-02,ECHO,0.024348,243477.886756,51481803.342123,0.004729
2024-12-02,ED,0.003046,30458.038797,216502473.602638,0.000141
2024-12-02,EME,0.005817,58169.189798,244030366.616516,0.000238
2024-12-02,ETR,0.003046,30458.038797,274232392.099915,0.000111
2024-12-02,EXE,0.008261,82608.171282,272071424.428482,0.000304
2024-12-02,FANG,0.008261,82608.171282,373458405.023041,0.000221
2024-12-02,FFIV,0.021440,214402.727797,121376553.929596,0.001766
2024-12-02,FITB,0.010128,101282.243063,186587966.925564,0.000543
2024-12-02,FIX,0.005817,58169.189798,159010033.547974,0.000366
2024-12-02,FLEX,0.021440,214402.727797,276948698.739414,0.000774
2024-12-02,FOX,0.024348,243477.886756,58183640.345402,0.004185
2024-12-02,FOXA,0.024348,243477.886756,197513892.286739,0.001233
2024-12-02,GDDY,0.021440,214402.727797,261524838.414841,0.000820
2024-12-02,GE,0.005817,58169.189798,744791236.384811,0.000078
2024-12-02,GEHC,0.008956,89561.885629,307874912.353668,0.000291
2024-12-02,GILD,0.008956,89561.885629,682075733.943748,0.000131
2024-12-02,GM,0.011796,117961.576150,758270424.216595,0.000156
2024-12-02,GRMN,0.011796,117961.576150,193627824.277725,0.000609
2024-12-02,HBAN,0.010128,101282.243063,265504661.033115,0.000381
2024-12-02,HIG,0.010128,101282.243063,165438799.484558,0.000612
2024-12-02,HST,0.002826,28259.685316,152266624.510136,0.000186
2024-12-02,HUBB,0.005817,58169.189798,198189785.177298,0.000294
2024-12-02,HWM,0.005817,58169.189798,298617075.835457,0.000195
2024-12-02,IBKR,0.010128,101282.243063,210461524.280548,0.000481
2024-12-02,INCY,0.008956,89561.885629,197650543.768997,0.000453
2024-12-02,IRM,0.002826,28259.685316,180491868.129578,0.000157
2024-12-02,JPM,0.010128,101282.243063,2310396193.673706,0.000044
2024-12-02,KIM,0.002826,28259.685316,103115348.705597,0.000274
2024-12-02,KKR,0.010128,101282.243063,519007406.083603,0.000195
2024-12-02,KVUE,0.008814,88135.075897,339625538.748951,0.000260
2024-12-02,LII,0.005817,58169.189798,163900552.214355,0.000355
2024-12-02,LLY,0.008956,89561.885629,3775095133.995361,0.000024
2024-12-02,MSI,0.021440,214402.727797,376659699.533234,0.000569
2024-12-02,MTB,0.010128,101282.243063,215282648.098831,0.000470
2024-12-02,NCLH,0.011796,117961.576150,282693807.764721,0.000417
2024-12-02,NEE,0.003046,30458.038797,919443957.391167,0.000033
2024-12-02,NI,0.003046,30458.038797,142520115.037193,0.000214
2024-12-02,NTAP,0.021440,214402.727797,272584030.147629,0.000787
2024-12-02,NVDA,0.021440,214402.727797,31858600515.802837,0.000007
2024-12-02,ORCL,0.021440,214402.727797,1430124338.336182,0.000150
2024-12-02,PCAR,0.005817,58169.189798,261991968.426170,0.000222
2024-12-02,PEG,0.003046,30458.038797,229194617.509346,0.000133
2024-12-02,PHM,0.011796,117961.576150,216843651.838684,0.000544
2024-12-02,PKG,0.004076,40762.059974,146770247.406921,0.000278
2024-12-02,PNC,0.010128,101282.243063,428504061.145096,0.000236
2024-12-02,PNR,0.005817,58169.189798,131089514.609795,0.000444
2024-12-02,QCOM,0.021440,214402.727797,1548361984.606628,0.000138
2024-12-02,RF,0.010128,101282.243063,202591217.073326,0.000500
2024-12-02,RMD,0.008956,89561.885629,203016676.611557,0.000441
2024-12-02,RTX,0.005817,58169.189798,619418767.080498,0.000094
2024-12-02,RVTY,0.008956,89561.885629,126980196.455917,0.000705
2024-12-02,SPG,0.002826,28259.685316,258476568.016663,0.000109
2024-12-02,SW,0.004076,40762.059974,205084501.393356,0.000199
2024-12-02,SYF,0.010128,101282.243063,272266411.745033,0.000372
2024-12-02,T,0.024348,243477.886756,712771568.596125,0.000342
2024-12-02,TGT,0.008814,88135.075897,1371234169.141579,0.000064
2024-12-02,TPL,0.008261,82608.171282,636806324.330292,0.000130
2024-12-02,TPR,0.011796,117961.576150,292595958.202286,0.000403
2024-12-02,TRGP,0.008261,82608.171282,344434721.010895,0.000240
2024-12-02,TSN,0.008814,88135.075897,170279742.025108,0.000518
2024-12-02,TT,0.005817,58169.189798,492412726.748810,0.000118
2024-12-02,UAL,0.005817,58169.189798,513046659.732285,0.000113
2024-12-02,UHS,0.008956,89561.885629,160417619.096527,0.000558
2024-12-02,URI,0.005817,58169.189798,481178059.081726,0.000121
2024-12-02,VICI,0.002826,28259.685316,160884277.628336,0.000176
2024-12-02,VLO,0.008261,82608.171282,322658753.840103,0.000256
2024-12-02,VRTX,0.008956,89561.885629,674413255.988007,0.000133
2024-12-02,VST,0.003046,30458.038797,933804948.733482,0.000033
2024-12-02,VTRS,0.008956,89561.885629,109131405.249829,0.000821
2024-12-02,WAB,0.005817,58169.189798,158034009.646759,0.000368
2024-12-02,WFC,0.010128,101282.243063,1420874763.991585,0.000071
2024-12-02,WMT,0.008814,88135.075897,1501443551.801338,0.000059
2024-12-02,WSM,0.011796,117961.576150,397682548.936157,0.000297
2025-01-02,ACGL,0.009777,97773.590503,162386702.448730,0.000602
2025-01-02,AEE,0.002878,28783.496135,121264250.904617,0.000237
2025-01-02,ANET,0.022169,221693.515736,651675561.364632,0.000340
2025-01-02,APD,0.003749,37492.713976,288837060.126190,0.000130
2025-01-02,APO,0.009777,97773.590503,1639571205.033417,0.000060
2025-01-02,APP,0.025946,259456.666424,2022461659.521942,0.000128
2025-01-02,AXP,0.009777,97773.590503,700402073.087463,0.000140
2025-01-02,BBY,0.012443,124430.763126,257609177.593155,0.000483
2025-01-02,BMY,0.008606,86062.664956,644378532.746868,0.000134
2025-01-02,BRK-B,0.009777,97773.590503,1835776913.431396,0.000053
2025-01-02,CASY,0.008609,86094.708860,107654223.558807,0.000800
2025-01-02,CAT,0.005409,54094.495808,688438793.478851,0.000079
2025-01-02,CBRE,0.002720,27198.110362,256917821.188393,0.000106
2025-01-02,CEG,0.002878,28783.496135,576521282.665863,0.000050
2025-01-02,CF,0.003749,37492.713976,139716147.552643,0.000268
2025-01-02,CINF,0.009777,97773.590503,95843172.412949,0.001020
2025-01-02,CL,0.008609,86094.708860,387696247.547722,0.000222
2025-01-02,COHR,0.022169,221693.515736,222475977.196121,0.000996
2025-01-02,COR,0.008606,86062.664956,262627628.863220,0.000328
2025-01-02,COST,0.008609,86094.708860,2061786647.875366,0.000042
2025-01-02,CPT,0.002720,27198.110362,75464573.455734,0.000360
2025-01-02,CRH,0.003749,37492.713976,306182416.176949,0.000122
2025-01-02,CVNA,0.012443,124430.763126,652891723.861790,0.000191
2025-01-02,DAL,0.005409,54094.495808,434393964.946766,0.000125
2025-01-02,DGX,0.008606,86062.664956,116866229.648972,0.000736
2025-01-02,DVA,0.008606,86062.664956,104539916.257935,0.000823
2025-01-02,DVN,0.007833,78330.017259,411304708.461657,0.000190
2025-01-02,EME,0.005409,54094.495808,163850596.481628,0.000330
2025-01-02,EOG,0.007833,78330.017259,415978095.603981,0.000188
2025-01-02,ETN,0.005409,54094.495808,641999865.147858,0.000084
2025-01-02,ETR,0.002878,28783.496135,224114482.709770,0.000128
2025-01-02,EXE,0.007833,78330.017259,227306843.310165,0.000345
2025-01-02,FFIV,0.022169,221693.515736,124080626.226044,0.001787
2025-01-02,FITB,0.009777,97773.590503,193509037.954884,0.000505
2025-01-02,FIX,0.005409,54094.495808,133821823.660889,0.000404
2025-01-02,FLEX,0.022169,221693.515736,115623211.459522,0.001917
2025-01-02,FOX,0.025946,259456.666424,49733553.906898,0.005217
2025-01-02,FOXA,0.025946,259456.666424,186399350.390205,0.001392
2025-01-02,FSLR,0.022169,221693.515736,350350346.336212,0.000633
2025-01-02,GDDY,0.022169,221693.515736,236114092.899857,0.000939
2025-01-02,GE,0.005409,54094.495808,927412797.408066,0.000058
2025-01-02,GEN,0.022169,221693.515736,104076113.541422,0.002130
2025-01-02,GILD,0.008606,86062.664956,627368545.765190,0.000137
2025-01-02,GM,0.012443,124430.763126,513031587.925072,0.000243
2025-01-02,GRMN,0.012443,124430.763126,172406548.074875,0.000722
2025-01-02,HBAN,0.009777,97773.590503,248328329.868984,0.000394
2025-01-02,HIG,0.009777,97773.590503,187679225.676804,0.000521
2025-01-02,HPE,0.022169,221693.515736,360384685.133848,0.000615
2025-01-02,HWM,0.005409,54094.495808,240277483.377953,0.000225
2025-01-02,IBKR,0.009777,97773.590503,186779433.104324,0.000523
2025-01-02,INCY,0.008606,86062.664956,128966680.798988,0.000667
2025-01-02,IRM,0.002720,27198.110362,202542985.302658,0.000134
2025-01-02,KIM,0.002720,27198.110362,88884021.246061,0.000306
2025-01-02,KKR,0.009777,97773.590503,505182735.996552,0.000194
2025-01-02,KMB,0.008609,86094.708860,296841905.323105,0.000290
2025-01-02,LII,0.005409,54094.495808,407250470.083313,0.000133
2025-01-02,LLY,0.008606,86062.664956,2496828362.841492,0.000034
2025-01-02,MSI,0.022169,221693.515736,468741433.099518,0.000473
2025-01-02,MTB,0.009777,97773.590503,243337565.578384,0.000402
2025-01-02,NFLX,0.025946,259456.666424,2500537073.093033,0.000104
2025-01-02,NTAP,0.022169,221693.515736,209058555.546761,0.001060
2025-01-02,NVDA,0.022169,221693.515736,26942456026.280975,0.000008
2025-01-02,ORCL,0.022169,221693.515736,1624122388.463364,0.000137
2025-01-02,PCAR,0.005409,54094.495808,234319179.450150,0.000231
2025-01-02,PEG,0.002878,28783.496135,190260477.716408,0.000151
2025-01-02,PG,0.008609,86094.708860,1066660184.244461,0.000081
2025-01-02,PH,0.005409,54094.495808,387166083.709412,0.000140
2025-01-02,PKG,0.003749,37492.713976,182408173.478699,0.000206
2025-01-02,PNR,0.005409,54094.495808,113529677.884979,0.000476
2025-01-02,PNW,0.002878,28783.496135,87923833.083191,0.000327
2025-01-02,RCL,0.012443,124430.763126,477043933.222809,0.000261
2025-01-02,RF,0.009777,97773.590503,200668451.967716,0.000487
2025-01-02,RJF,0.009777,97773.590503,173814226.368790,0.000563
2025-01-02,RMD,0.008606,86062.664956,177288840.559464,0.000485
2025-01-02,SMCI,0.022169,221693.515736,2140934982.168646,0.000104
2025-01-02,SNA,0.005409,54094.495808,138250505.684052,0.000391
2025-01-02,SPG,0.002720,27198.110362,267922707.631683,0.000102
2025-01-02,SRE,0.002878,28783.496135,294147475.675201,0.000098
2025-01-02,STLD,0.003749,37492.713976,184223685.295372,0.000204
2025-01-02,SYF,0.009777,97773.590503,222461804.686699,0.000440
2025-01-02,T,0.025946,259456.666424,795806991.667175,0.000326
2025-01-02,TJX,0.012443,124430.763126,645964160.967445,0.000193
2025-01-02,TPL,0.007833,78330.017259,233532070.873718,0.000335
2025-01-02,TPR,0.012443,124430.763126,291506763.639679,0.000427
2025-01-02,TRGP,0.007833,78330.017259,328801860.136948,0.000238
2025-01-02,TSN,0.008609,86094.708860,124772708.139019,0.000690
2025-01-02,TT,0.005409,54094.495808,443683309.129333,0.000122
2025-01-02,UAL,0.005409,54094.495808,452565004.483948,0.000120
2025-01-02,UHS,0.008606,86062.664956,104039288.643799,0.000827
2025-01-02,UNH,0.008606,86062.664956,3709332874.955902,0.000023
2025-01-02,URI,0.005409,54094.495808,407479175.498352,0.000133
2025-01-02,VICI,0.002720,27198.110362,159202855.548191,0.000171
2025-01-02,VST,0.002878,28783.496135,691646833.399658,0.000042
2025-01-02,VTRS,0.008606,86062.664956,118561061.879048,0.000726
2025-01-02,WAB,0.005409,54094.495808,256509544.019775,0.000211
2025-01-02,WFC,0.009777,97773.590503,1060253225.670319,0.000092
2025-01-02,WMT,0.008609,86094.708860,1689085660.759850,0.000051
2025-01-02,WSM,0.012443,124430.763126,393555143.561935,0.000316
2025-02-03,ANET,0.020986,209863.653730,1097912910.346336,0.000191
2025-02-03,APD,0.003816,38164.768988,576295492.455139,0.000066
2025-02-03,APO,0.010125,101251.445110,557378146.185760,0.000182
2025-02-03,APP,0.027281,272806.675891,1394284170.648346,0.000196
2025-02-03,AXP,0.010125,101251.445110,841899554.475708,0.000120
2025-02-03,BBY,0.012594,125944.610007,209406069.977722,0.000601
2025-02-03,BMY,0.008845,88451.571345,576313156.019230,0.000153
2025-02-03,BRK-B,0.010125,101251.445110,1910586261.160736,0.000053
2025-02-03,CASY,0.008453,84529.465888,103410867.165527,0.000817
2025-02-03,CBRE,0.002679,26787.633095,259344597.161560,0.000103
2025-02-03,CEG,0.002867,28670.093612,1795000450.439911,0.000016
2025-02-03,CF,0.003816,38164.768988,188815634.015961,0.000202
2025-02-03,CINF,0.010125,101251.445110,98617779.431915,0.001027
2025-02-03,CL,0.008453,84529.465888,489242522.419014,0.000173
2025-02-03,CLX,0.008453,84529.465888,185268811.842728,0.000456
2025-02-03,COHR,0.020986,209863.653730,345423461.505165,0.000608
2025-02-03,COST,0.008453,84529.465888,1865096565.251465,0.000045
2025-02-03,CPT,0.002679,26787.633095,95023572.103958,0.000282
2025-02-03,CRH,0.003816,38164.768988,322854345.630569,0.000118
2025-02-03,CSCO,0.020986,209863.653730,1151316531.133251,0.000182
2025-02-03,CVNA,0.012594,125944.610007,834667246.511078,0.000151
2025-02-03,DAL,0.005501,55006.084702,564937497.416077,0.000097
2025-02-03,DGX,0.008845,88451.571345,167406136.552353,0.000528
2025-02-03,DRI,0.012594,125944.610007,216905538.004684,0.000581
2025-02-03,DVA,0.008845,88451.571345,90719909.863586,0.000975
2025-02-03,ECHO,0.027281,272806.675891,48836089.081974,0.005586
2025-02-03,EIX,0.002867,28670.093612,459703032.695122,0.000062
2025-02-03,EME,0.005501,55006.084702,244816680.732269,0.000225
2025-02-03,EOG,0.007688,76879.873063,410316841.353149,0.000187
2025-02-03,ETN,0.005501,55006.084702,1246533950.279541,0.000044
2025-02-03,ETR,0.002867,28670.093612,325747635.951843,0.000088
2025-02-03,EVRG,0.002867,28670.093612,114898671.642189,0.000250
2025-02-03,EXE,0.007688,76879.873063,305025547.445946,0.000252
2025-02-03,FDX,0.005501,55006.084702,469819518.682410,0.000117
2025-02-03,FFIV,0.020986,209863.653730,187999209.081268,0.001116
2025-02-03,FLEX,0.020986,209863.653730,157496343.280087,0.001332
2025-02-03,FOX,0.027281,272806.675891,46714108.189182,0.005840
2025-02-03,FOXA,0.027281,272806.675891,168333650.079441,0.001621
2025-02-03,FSLR,0.020986,209863.653730,413587097.158508,0.000507
2025-02-03,GDDY,0.020986,209863.653730,229878978.801041,0.000913
2025-02-03,GE,0.005501,55006.084702,1205396873.516159,0.000046
2025-02-03,GEHC,0.008845,88451.571345,228966932.137032,0.000386
2025-02-03,GILD,0.008845,88451.571345,669124438.910637,0.000132
2025-02-03,GM,0.012594,125944.610007,618308487.967091,0.000204
2025-02-03,GRMN,0.012594,125944.610007,146773688.470383,0.000858
2025-02-03,HBAN,0.010125,101251.445110,326641723.195057,0.000310
2025-02-03,HIG,0.010125,101251.445110,192898935.783997,0.000525
2025-02-03,HON,0.005501,55006.084702,791560575.663423,0.000069
2025-02-03,HPE,0.020986,209863.653730,375703514.633961,0.000559
2025-02-03,IBKR,0.010125,101251.445110,354905236.071167,0.000285
2025-02-03,INCY,0.008845,88451.571345,101305036.999130,0.000873
2025-02-03,IP,0.003816,38164.768988,432149146.950016,0.000088
2025-02-03,IRM,0.002679,26787.633095,199931788.778610,0.000134
2025-02-03,JCI,0.005501,55006.084702,330746760.387001,0.000166
2025-02-03,JPM,0.010125,101251.445110,2671399367.210693,0.000038
2025-02-03,KIM,0.002679,26787.633095,103254628.103724,0.000259
2025-02-03,KKR,0.010125,101251.445110,574701663.429947,0.000176
2025-02-03,KMB,0.008453,84529.465888,291968898.819542,0.000290
2025-02-03,KMI,0.007688,76879.873063,487355351.414309,0.000158
2025-02-03,LII,0.005501,55006.084702,249692543.240662,0.000220
2025-02-03,LLY,0.008845,88451.571345,3008529550.229797,0.000029
2025-02-03,MKC,0.008453,84529.465888,163943790.404091,0.000516
2025-02-03,MSI,0.020986,209863.653730,355437470.473480,0.000590
2025-02-03,MTB,0.010125,101251.445110,271031218.061600,0.000374
2025-02-03,NTAP,0.020986,209863.653730,162818324.339027,0.001289
2025-02-03,NVDA,0.020986,209863.653730,40186634100.248642,0.000005
2025-02-03,ORCL,0.020986,209863.653730,2540531839.426193,0.000083
2025-02-03,PCAR,0.005501,55006.084702,270342554.600792,0.000203
2025-02-03,PEG,0.002867,28670.093612,202614297.761650,0.000142
2025-02-03,PH,0.005501,55006.084702,460444239.166870,0.000119
2025-02-03,PKG,0.003816,38164.768988,224026594.691086,0.000170
2025-02-03,PNR,0.005501,55006.084702,133508640.089035,0.000412
2025-02-03,PODD,0.008845,88451.571345,150059285.798950,0.000589
2025-02-03,PYPL,0.010125,101251.445110,749877447.705040,0.000135
2025-02-03,QCOM,0.020986,209863.653730,1264104378.645477,0.000166
2025-02-03,RF,0.010125,101251.445110,211971907.027121,0.000478
2025-02-03,RJF,0.010125,101251.445110,228140458.939285,0.000444
2025-02-03,RMD,0.008845,88451.571345,251602185.974808,0.000352
2025-02-03,SNA,0.005501,55006.084702,131070463.709259,0.000420
2025-02-03,SPG,0.002679,26787.633095,223837741.311951,0.000120
2025-02-03,SRE,0.002867,28670.093612,415394560.825462,0.000069
2025-02-03,SYF,0.010125,101251.445110,236703407.252789,0.000428
2025-02-03,T,0.027281,272806.675891,944441912.503710,0.000289
2025-02-03,TJX,0.012594,125944.610007,545763745.607834,0.000231
2025-02-03,TPL,0.007688,76879.873063,186484760.573273,0.000412
2025-02-03,TPR,0.012594,125944.610007,324892184.516182,0.000388
2025-02-03,TRGP,0.007688,76879.873063,308740885.607300,0.000249
2025-02-03,TT,0.005501,55006.084702,587950363.959961,0.000094
2025-02-03,UAL,0.005501,55006.084702,736028208.617210,0.000075
2025-02-03,UHS,0.008845,88451.571345,90679468.239136,0.000975
2025-02-03,UNH,0.008845,88451.571345,2404971454.992218,0.000037
2025-02-03,VICI,0.002679,26787.633095,208788341.945696,0.000128
2025-02-03,VLTO,0.005501,55006.084702,134073968.837128,0.000410
2025-02-03,VST,0.002867,28670.093612,1780757533.781738,0.000016
2025-02-03,WAB,0.005501,55006.084702,176650712.479019,0.000311
2025-02-03,WFC,0.010125,101251.445110,1147459835.342445,0.000088
2025-02-03,WMT,0.008453,84529.465888,1445230300.057526,0.000058
2025-02-03,WSM,0.012594,125944.610007,280292842.584305,0.000449
2025-03-03,A,0.009183,91829.359484,240761548.848343,0.000381
2025-03-03,AEE,0.002957,29568.936196,208681312.784233,0.000142
2025-03-03,ANET,0.021113,211130.983491,1255595139.581451,0.000168
2025-03-03,APD,0.003929,39287.731935,485232250.915833,0.000081
2025-03-03,APO,0.010346,103460.745115,538443874.716797,0.000192
2025-03-03,APP,0.025452,254519.474173,3594723811.614838,0.000071
2025-03-03,AXP,0.010346,103460.745115,690185628.012848,0.000150
2025-03-03,BBY,0.011456,114562.806927,240671878.969040,0.000476
2025-03-03,BMY,0.009183,91829.359484,723791643.012962,0.000127
2025-03-03,BRK-B,0.010346,103460.745115,2001556742.962036,0.000052
2025-03-03,CASY,0.009045,90454.676581,124512415.459747,0.000726
2025-03-03,CAT,0.005558,55581.469910,901272949.193268,0.000062
2025-03-03,CBRE,0.002856,28555.718626,257294022.833023,0.000111
2025-03-03,CCL,0.011456,114562.806927,471204374.448996,0.000243
2025-03-03,CEG,0.002957,29568.936196,1106845666.771698,0.000027
2025-03-03,CF,0.003929,39287.731935,261912080.824013,0.000150
2025-03-03,COHR,0.021113,211130.983491,354170933.006897,0.000596
2025-03-03,COST,0.009045,90454.676581,2045763132.264099,0.000044
2025-03-03,CPT,0.002856,28555.718626,121653263.477478,0.000235
2025-03-03,CRH,0.003929,39287.731935,585402864.174461,0.000067
2025-03-03,CSCO,0.021113,211130.983491,1325338024.856339,0.000159
2025-03-03,CVNA,0.011456,114562.806927,965047435.679722,0.000119
2025-03-03,DAL,0.005558,55581.469910,502354939.316196,0.000111
2025-03-03,DE,0.005558,55581.469910,744320916.449280,0.000075
2025-03-03,DECK,0.011456,114562.806927,585944734.043045,0.000196
2025-03-03,DGX,0.009183,91829.359484,182124346.418457,0.000504
2025-03-03,DRI,0.011456,114562.806927,227521311.441040,0.000504
2025-03-03,DVA,0.009183,91829.359484,191542434.907074,0.000479
2025-03-03,ECHO,0.025452,254519.474173,52908288.390865,0.004811
2025-03-03,EME,0.005558,55581.469910,224512811.396637,0.000248
2025-03-03,EOG,0.008138,81384.295570,381441806.050949,0.000213
2025-03-03,EQT,0.008138,81384.295570,449362189.614277,0.000181
2025-03-03,ETR,0.002957,29568.936196,309642216.524887,0.000095
2025-03-03,EXE,0.008138,81384.295570,313070446.820374,0.000260
2025-03-03,FDX,0.005558,55581.469910,434149088.324558,0.000128
2025-03-03,FFIV,0.021113,211130.983491,170840380.124817,0.001236
2025-03-03,FLEX,0.021113,211130.983491,137823675.063782,0.001532
2025-03-03,FOX,0.025452,254519.474173,71533473.444214,0.003558
2025-03-03,FOXA,0.025452,254519.474173,255304848.060436,0.000997
2025-03-03,FSLR,0.021113,211130.983491,459586288.460312,0.000459
2025-03-03,GDDY,0.021113,211130.983491,321114529.110107,0.000657
2025-03-03,GE,0.005558,55581.469910,849857181.616058,0.000065
2025-03-03,GEN,0.021113,211130.983491,96386451.464252,0.002190
2025-03-03,GILD,0.009183,91829.359484,897486575.605125,0.000102
2025-03-03,GNRC,0.005558,55581.469910,137421501.830139,0.000404
2025-03-03,GRMN,0.011456,114562.806927,231675440.268860,0.000494
2025-03-03,HBAN,0.010346,103460.745115,355788415.982347,0.000291
2025-03-03,HON,0.005558,55581.469910,1027814601.315577,0.000054
2025-03-03,HPE,0.021113,211130.983491,234970707.007055,0.000899
2025-03-03,IBKR,0.010346,103460.745115,479918481.388321,0.000216
2025-03-03,INCY,0.009183,91829.359484,133899221.401138,0.000686
2025-03-03,IP,0.003929,39287.731935,820499519.365330,0.000048
2025-03-03,IRM,0.002856,28555.718626,222191346.499672,0.000129
2025-03-03,JPM,0.010346,103460.745115,2224003191.967316,0.000047
2025-03-03,KDP,0.009045,90454.676581,532741737.801895,0.000170
2025-03-03,KIM,0.002856,28555.718626,92422188.803043,0.000309
2025-03-03,KKR,0.010346,103460.745115,774232104.833984,0.000134
2025-03-03,KMB,0.009045,90454.676581,288344415.857391,0.000314
2025-03-03,LII,0.005558,55581.469910,236019822.414551,0.000235
2025-03-03,MAA,0.002856,28555.718626,141052264.492950,0.000202
2025-03-03,MKC,0.009045,90454.676581,148451333.361588,0.000609
2025-03-03,MS,0.010346,103460.745115,762040037.453766,0.000136
2025-03-03,MTB,0.010346,103460.745115,216325173.056793,0.000478
2025-03-03,NEE,0.002957,29568.936196,742152552.889290,0.000040
2025-03-03,NEM,0.003929,39287.731935,530651700.650730,0.000074
2025-03-03,NTAP,0.021113,211130.983491,252171023.042679,0.000837
2025-03-03,NVDA,0.021113,211130.983491,32952281968.734169,0.000006
2025-03-03,ORCL,0.021113,211130.983491,1444568072.814713,0.000146
2025-03-03,PAYX,0.005558,55581.469910,240323875.632477,0.000231
2025-03-03,PCAR,0.005558,55581.469910,253052573.845253,0.000220
2025-03-03,PEG,0.002957,29568.936196,223376954.974861,0.000132
2025-03-03,PNC,0.010346,103460.745115,341941900.195007,0.000303
2025-03-03,PNR,0.005558,55581.469910,146881909.543190,0.000378
2025-03-03,PODD,0.009183,91829.359484,203654706.217499,0.000451
2025-03-03,PYPL,0.010346,103460.745115,1209316318.137054,0.000086
2025-03-03,QCOM,0.021113,211130.983491,1438866872.220764,0.000147
2025-03-03,RF,0.010346,103460.745115,169155952.154446,0.000612
2025-03-03,RJF,0.010346,103460.745115,214666561.345444,0.000482
2025-03-03,RMD,0.009183,91829.359484,225991297.767715,0.000406
2025-03-03,RTX,0.005558,55581.469910,654806511.679115,0.000085
2025-03-03,SNA,0.005558,55581.469910,136589176.283875,0.000407
2025-03-03,SRE,0.002957,29568.936196,456427247.296600,0.000065
2025-03-03,SYF,0.010346,103460.745115,262227204.763470,0.000395
2025-03-03,T,0.025452,254519.474173,1043434612.423449,0.000244
2025-03-03,TGT,0.009045,90454.676581,797554614.739952,0.000113
2025-03-03,TPL,0.008138,81384.295570,157266259.058075,0.000517
2025-03-03,TPR,0.011456,114562.806927,486924797.258530,0.000235
2025-03-03,TRGP,0.008138,81384.295570,336041789.671402,0.000242
2025-03-03,UAL,0.005558,55581.469910,654276873.389091,0.000085
2025-03-03,UHS,0.009183,91829.359484,149536568.234100,0.000614
2025-03-03,UNH,0.009183,91829.359484,2703993203.567810,0.000034
2025-03-03,VICI,0.002856,28555.718626,188606328.969297,0.000151
2025-03-03,VST,0.002957,29568.936196,1264741386.397171,0.000023
2025-03-03,WAB,0.005558,55581.469910,281210627.984619,0.000198
2025-03-03,WAT,0.009183,91829.359484,196184045.531616,0.000468
2025-03-03,WFC,0.010346,103460.745115,1248714330.234070,0.000083
2025-03-03,WMT,0.009045,90454.676581,2043800849.943619,0.000044
2025-03-03,WSM,0.011456,114562.806927,255833370.513229,0.000448
2025-04-01,AAPL,0.019012,190118.545421,11603772657.314911,0.000016
2025-04-01,ABBV,0.009539,95385.000193,1484893014.542770,0.000064
2025-04-01,ABT,0.009539,95385.000193,967294154.057503,0.000099
2025-04-01,ADP,0.005753,57530.191469,627527686.912384,0.000092
2025-04-01,AEE,0.003129,31292.249190,198962996.372566,0.000157
2025-04-01,AMGN,0.009539,95385.000193,953225985.815582,0.000100
2025-04-01,APD,0.004003,40034.644271,355589905.557098,0.000113
2025-04-01,APO,0.010422,104222.379603,545458001.830597,0.000191
2025-04-01,APP,0.024797,247972.877366,3106502800.202103,0.000080
2025-04-01,AXP,0.010422,104222.379603,916491695.938568,0.000114
2025-04-01,BBY,0.010992,109917.646384,261202362.302132,0.000421
2025-04-01,BKR,0.008957,89568.520249,340532293.109341,0.000263
2025-04-01,BNY,0.010422,104222.379603,368923841.097755,0.000283
2025-04-01,BRK-B,0.010422,104222.379603,2614994163.711395,0.000040
2025-04-01,C,0.010422,104222.379603,1099032536.492538,0.000095
2025-04-01,CASY,0.009257,92566.972122,167919621.755219,0.000551
2025-04-01,CBRE,0.002851,28508.445791,257101138.180580,0.000111
2025-04-01,CCL,0.010992,109917.646384,580623340.826530,0.000189
2025-04-01,CF,0.004003,40034.644271,207627984.484787,0.000193
2025-04-01,CHRW,0.005753,57530.191469,162573605.447121,0.000354
2025-04-01,CIEN,0.019012,190118.545421,184627982.804146,0.001030
2025-04-01,CMI,0.005753,57530.191469,334782054.210358,0.000172
2025-04-01,COST,0.009257,92566.972122,2459048670.494080,0.000038
2025-04-01,CRH,0.004003,40034.644271,1126439343.318710,0.000036
2025-04-01,CSCO,0.019012,190118.545421,1444509292.086582,0.000132
2025-04-01,CTSH,0.019012,190118.545421,360231784.716148,0.000528
2025-04-01,DAL,0.005753,57530.191469,665911139.535599,0.000086
2025-04-01,DGX,0.009539,95385.000193,202293276.204300,0.000472
2025-04-01,DRI,0.010992,109917.646384,276558092.512741,0.000397
2025-04-01,ECHO,0.024797,247972.877366,83739248.961744,0.002961
2025-04-01,EME,0.005753,57530.191469,205264723.634644,0.000280
2025-04-01,EOG,0.008957,89568.520249,468577988.102074,0.000191
2025-04-01,ESS,0.002851,28508.445791,134109083.769226,0.000213
2025-04-01,EVRG,0.003129,31292.249190,182265118.283920,0.000172
2025-04-01,EXPE,0.010992,109917.646384,405083211.268845,0.000271
2025-04-01,FFIV,0.019012,190118.545421,155350622.112427,0.001224
2025-04-01,FLEX,0.019012,190118.545421,125916119.031334,0.001510
2025-04-01,FOX,0.024797,247972.877366,69765256.941376,0.003554
2025-04-01,FOXA,0.024797,247972.877366,251119485.730076,0.000987
2025-04-01,FTNT,0.019012,190118.545421,443993383.771820,0.000428
2025-04-01,GDDY,0.019012,190118.545421,281269989.492264,0.000676
2025-04-01,GE,0.005753,57530.191469,987124600.981903,0.000058
2025-04-01,GEHC,0.009539,95385.000193,292035776.678696,0.000327
2025-04-01,GEN,0.019012,190118.545421,128965645.737896,0.001474
2025-04-01,HOOD,0.010422,104222.379603,2056938754.835033,0.000051
2025-04-01,HPE,0.019012,190118.545421,448657053.265586,0.000424
2025-04-01,HWM,0.005753,57530.191469,379134472.779884,0.000152
2025-04-01,IBKR,0.010422,104222.379603,439777027.520065,0.000237
2025-04-01,JCI,0.005753,57530.191469,378209904.554176,0.000152
2025-04-01,JPM,0.010422,104222.379603,2996316282.033463,0.000035
2025-04-01,KDP,0.009257,92566.972122,455839721.028175,0.000203
2025-04-01,KMB,0.009257,92566.972122,309303468.771362,0.000299
2025-04-01,KMI,0.008957,89568.520249,322769651.202364,0.000277
2025-04-01,KO,0.009257,92566.972122,1372120505.320549,0.000067
2025-04-01,LDOS,0.005753,57530.191469,222895737.111588,0.000258
2025-04-01,LLY,0.009539,95385.000193,2899289550.726013,0.000033
2025-04-01,MAA,0.002851,28508.445791,133907697.290192,0.000213
2025-04-01,MDT,0.009539,95385.000193,754586461.366196,0.000126
2025-04-01,MKC,0.009257,92566.972122,214970365.334358,0.000431
2025-04-01,MMM,0.005753,57530.191469,593021323.861389,0.000097
2025-04-01,MS,0.010422,104222.379603,964746796.219025,0.000108
2025-04-01,MTB,0.010422,104222.379603,294827369.526138,0.000354
2025-04-01,NCLH,0.010992,109917.646384,285031067.398195,0.000386
2025-04-01,NEM,0.004003,40034.644271,495520818.090343,0.000081
2025-04-01,NRG,0.003129,31292.249190,317542484.699898,0.000099
2025-04-01,NTRS,0.010422,104222.379603,136580844.435463,0.000763
2025-04-01,ORCL,0.019012,190118.545421,1841315409.788513,0.000103
2025-04-01,PANW,0.019012,190118.545421,859180884.268570,0.000221
2025-04-01,PAYX,0.005753,57530.191469,379457163.964691,0.000152
2025-04-01,PGR,0.010422,104222.379603,1021162302.294006,0.000102
2025-04-01,PNW,0.003129,31292.249190,107040404.615784,0.000292
2025-04-01,PODD,0.009539,95385.000193,226016382.113037,0.000422
2025-04-01,RCL,0.010992,109917.646384,660297316.105652,0.000166
2025-04-01,REG,0.002851,28508.445791,81642447.989159,0.000349
2025-04-01,RMD,0.009539,95385.000193,209390266.243896,0.000456
2025-04-01,RTX,0.005753,57530.191469,680613386.227722,0.000085
2025-04-01,SNA,0.005753,57530.191469,144453086.560822,0.000398
2025-04-01,SOLV,0.009539,95385.000193,96428740.606880,0.000989
2025-04-01,STT,0.010422,104222.379603,194375589.148407,0.000536
2025-04-01,SW,0.004003,40034.644271,194453564.200630,0.000206
2025-04-01,SYF,0.010422,104222.379603,272818145.900803,0.000382
2025-04-01,T,0.024797,247972.877366,1199532348.666296,0.000207
2025-04-01,TEL,0.019012,190118.545421,269361128.277130,0.000706
2025-04-01,TPL,0.008957,89568.520249,175399640.559998,0.000511
2025-04-01,TPR,0.010992,109917.646384,463345084.725037,0.000237
2025-04-01,TRGP,0.008957,89568.520249,321129122.134399,0.000279
2025-04-01,TRMB,0.019012,190118.545421,127138216.973419,0.001495
2025-04-01,TT,0.005753,57530.191469,578737075.440521,0.000099
2025-04-01,UAL,0.005753,57530.191469,744525506.868629,0.000077
2025-04-01,UHS,0.009539,95385.000193,186667089.828339,0.000511
2025-04-01,VICI,0.002851,28508.445791,273721084.849863,0.000104
2025-04-01,VMRK,0.002851,28508.445791,120531616.788101,0.000237
2025-04-01,VRSK,0.005753,57530.191469,263461588.589630,0.000218
2025-04-01,VST,0.003129,31292.249190,1001620981.098633,0.000031
2025-04-01,WEC,0.003129,31292.249190,273872590.669975,0.000114
2025-04-01,WFC,0.010422,104222.379603,1161902651.945305,0.000090
2025-04-01,WMT,0.009257,92566.972122,2219002099.826202,0.000042
2025-04-01,WSM,0.010992,109917.646384,636355287.354965,0.000173
2025-04-01,XEL,0.003129,31292.249190,267138713.592606,0.000117
2025-05-01,AAPL,0.019448,194483.816901,15611986854.966125,0.000012
2025-05-01,ABBV,0.009261,92605.894755,1755367509.316788,0.000053
2025-05-01,ABT,0.009261,92605.894755,1031318191.885262,0.000090
2025-05-01,ADP,0.005785,57847.680792,660361382.135773,0.000088
2025-05-01,AEE,0.003164,31636.353249,178848209.688187,0.000177
2025-05-01,AEP,0.003164,31636.353249,445888731.484985,0.000071
2025-05-01,AFL,0.010284,102843.917527,238631704.816628,0.000431
2025-05-01,ALLE,0.005785,57847.680792,157303603.625145,0.000368
2025-05-01,AMGN,0.009261,92605.894755,924225778.944855,0.000100
2025-05-01,AON,0.010284,102843.917527,695336903.086395,0.000148
2025-05-01,APD,0.003994,39943.962389,411879934.627914,0.000097
2025-05-01,APP,0.025256,252560.108728,2109383197.184448,0.000120
2025-05-01,BBY,0.011064,110636.401715,361180235.924797,0.000306
2025-05-01,BKR,0.007842,78419.104885,377130557.561855,0.000208
2025-05-01,BNY,0.010284,102843.917527,356548295.082970,0.000288
2025-05-01,BRK-B,0.010284,102843.917527,3178690115.558777,0.000032
2025-05-01,CASY,0.009426,94259.410828,191695605.513153,0.000492
2025-05-01,CB,0.010284,102843.917527,568705911.859283,0.000181
2025-05-01,CBRE,0.002823,28227.103872,281112406.413918,0.000100
2025-05-01,CCL,0.011064,110636.401715,516772541.109562,0.000214
2025-05-01,CF,0.003994,39943.962389,202707563.659477,0.000197
2025-05-01,CHRW,0.005785,57847.680792,138674252.439117,0.000417
2025-05-01,CINF,0.010284,102843.917527,110044950.783043,0.000935
2025-05-01,CMI,0.005785,57847.680792,280651614.466705,0.000206
2025-05-01,COST,0.009426,94259.410828,2702122720.037842,0.000035
2025-05-01,CSCO,0.019448,194483.816901,1471583105.750580,0.000132
2025-05-01,CTSH,0.019448,194483.816901,314205090.761032,0.000619
2025-05-01,DGX,0.009261,92605.894755,285278393.394470,0.000325
2025-05-01,DRI,0.011064,110636.401715,249751124.207535,0.000443
2025-05-01,ECHO,0.025256,252560.108728,46354866.340284,0.005448
2025-05-01,EOG,0.007842,78419.104885,530996193.298492,0.000148
2025-05-01,ESS,0.002823,28227.103872,146740741.005707,0.000192
2025-05-01,EVRG,0.003164,31636.353249,164035676.464195,0.000193
2025-05-01,EXPD,0.005785,57847.680792,175965977.275696,0.000329
2025-05-01,FFIV,0.019448,194483.816901,170451582.160416,0.001141
2025-05-01,FLEX,0.019448,194483.816901,147267910.925446,0.001321
2025-05-01,FOX,0.025256,252560.108728,57627157.699833,0.004383
2025-05-01,FOXA,0.025256,252560.108728,208724591.517525,0.001210
2025-05-01,FTNT,0.019448,194483.816901,539216414.758987,0.000361
2025-05-01,GDDY,0.019448,194483.816901,310699824.237823,0.000626
2025-05-01,GEHC,0.009261,92605.894755,472253413.914204,0.000196
2025-05-01,GEN,0.019448,194483.816901,101536303.140545,0.001915
2025-05-01,GL,0.010284,102843.917527,92393103.770714,0.001113
2025-05-01,GRMN,0.011064,110636.401715,235619228.088684,0.000470
2025-05-01,HIG,0.010284,102843.917527,202041692.681503,0.000509
2025-05-01,HON,0.005785,57847.680792,1084915533.859725,0.000053
2025-05-01,HOOD,0.010284,102843.917527,2170720349.199657,0.000047
2025-05-01,HWM,0.005785,57847.680792,406884453.609428,0.000142
2025-05-01,IBKR,0.010284,102843.917527,403472678.851166,0.000255
2025-05-01,IBM,0.019448,194483.816901,1366486345.652390,0.000142
2025-05-01,IP,0.003994,39943.962389,235919688.111668,0.000169
2025-05-01,JNJ,0.009261,92605.894755,1618228249.184341,0.000057
2025-05-01,JPM,0.010284,102843.917527,3228373159.784470,0.000032
2025-05-01,KIM,0.002823,28227.103872,147077677.160110,0.000192
2025-05-01,KMB,0.009426,94259.410828,336076126.715012,0.000280
2025-05-01,KMI,0.007842,78419.104885,439525826.472416,0.000178
2025-05-01,KO,0.009426,94259.410828,1415086993.443260,0.000067
2025-05-01,KVUE,0.009426,94259.410828,427465179.190092,0.000221
2025-05-01,LDOS,0.005785,57847.680792,208468880.505142,0.000277
2025-05-01,MAA,0.002823,28227.103872,186744344.371109,0.000151
2025-05-01,MDT,0.009261,92605.894755,613052387.014198,0.000151
2025-05-01,MKC,0.009426,94259.410828,187548950.775566,0.000503
2025-05-01,MMM,0.005785,57847.680792,625503765.341187,0.000092
2025-05-01,MSI,0.019448,194483.816901,391982250.569916,0.000496
2025-05-01,NCLH,0.011064,110636.401715,302765192.629948,0.000365
2025-05-01,NEM,0.003994,39943.962389,890684901.326046,0.000045
2025-05-01,NOC,0.005785,57847.680792,750783215.904388,0.000077
2025-05-01,NTRS,0.010284,102843.917527,147096563.234367,0.000699
2025-05-01,ORCL,0.019448,194483.816901,1422473369.047203,0.000137
2025-05-01,PAYX,0.005785,57847.680792,366040677.732544,0.000158
2025-05-01,PGR,0.010284,102843.917527,945170541.421585,0.000109
2025-05-01,PKG,0.003994,39943.962389,188553445.158691,0.000212
2025-05-01,PNW,0.003164,31636.353249,137915199.201202,0.000229
2025-05-01,PODD,0.009261,92605.894755,203054663.218460,0.000456
2025-05-01,RCL,0.011064,110636.401715,588197588.227081,0.000188
2025-05-01,REG,0.002823,28227.103872,91247676.728592,0.000309
2025-05-01,RTX,0.005785,57847.680792,818248567.214775,0.000071
2025-05-01,SNA,0.005785,57847.680792,171992539.567566,0.000336
2025-05-01,SOLV,0.009261,92605.894755,79964714.482822,0.001158
2025-05-01,SYF,0.010284,102843.917527,284091836.737499,0.000362
2025-05-01,T,0.025256,252560.108728,1153604515.171280,0.000219
2025-05-01,TDY,0.019448,194483.816901,154675977.628174,0.001257
2025-05-01,TEL,0.019448,194483.816901,324543228.321037,0.000599
2025-05-01,TPL,0.007842,78419.104885,163614434.651642,0.000479
2025-05-01,TPR,0.011064,110636.401715,416641191.740990,0.000266
2025-05-01,TRGP,0.007842,78419.104885,504155101.061172,0.000156
2025-05-01,TRMB,0.019448,194483.816901,92646548.134460,0.002099
2025-05-01,UAL,0.005785,57847.680792,757324487.774944,0.000076
2025-05-01,UBER,0.005785,57847.680792,1499032639.000244,0.000039
2025-05-01,UHS,0.009261,92605.894755,154780719.848785,0.000598
2025-05-01,VICI,0.002823,28227.103872,271980790.625057,0.000104
2025-05-01,VRSK,0.005785,57847.680792,308815784.890442,0.000187
2025-05-01,VST,0.003164,31636.353249,880821055.022125,0.000036
2025-05-01,WAT,0.009261,92605.894755,205458218.970795,0.000451
2025-05-01,WEC,0.003164,31636.353249,242080414.305000,0.000131
2025-05-01,WMT,0.009426,94259.410828,2182372953.277435,0.000043
2025-05-01,WRB,0.010284,102843.917527,149890198.404350,0.000686
2025-05-01,WSM,0.011064,110636.401715,372960530.176010,0.000297
2025-05-01,XEL,0.003164,31636.353249,305673703.121300,0.000103
2025-06-02,ABBV,0.008163,81626.011396,1331137050.138779,0.000061
2025-06-02,ABT,0.008163,81626.011396,838435827.126770,0.000097
2025-06-02,ADP,0.005906,59060.406615,450807248.931732,0.000131
2025-06-02,ADSK,0.020241,202413.989012,493074706.909637,0.000411
2025-06-02,AEE,0.003083,30827.184848,158975764.372940,0.000194
2025-06-02,AEP,0.003083,30827.184848,335210005.741882,0.000092
2025-06-02,AFL,0.010275,102745.835798,206229497.345619,0.000498
2025-06-02,ALLE,0.005906,59060.406615,126066693.199539,0.000468
2025-06-02,AMT,0.002682,26820.427954,577905881.000137,0.000046
2025-06-02,AON,0.010275,102745.835798,422876899.193420,0.000243
2025-06-02,APD,0.003835,38348.023034,308151986.634979,0.000124
2025-06-02,APP,0.025935,259347.820829,2515527215.780334,0.000103
2025-06-02,BBY,0.011496,114958.142166,267579609.397888,0.000430
2025-06-02,BKR,0.007407,74073.012636,275279898.788395,0.000269
2025-06-02,BNY,0.010275,102745.835798,352969423.455696,0.000291
2025-06-02,BRK-B,0.010275,102745.835798,2742221901.939697,0.000037
2025-06-02,CASY,0.008956,89563.100595,176264647.937012,0.000508
2025-06-02,CBRE,0.002682,26820.427954,235678300.422287,0.000114
2025-06-02,CF,0.003835,38348.023034,226919943.749733,0.000169
2025-06-02,CHTR,0.025935,259347.820829,574322574.102631,0.000452
2025-06-02,CIEN,0.020241,202413.989012,107776259.251938,0.001878
2025-06-02,CINF,0.010275,102745.835798,76860865.756989,0.001337
2025-06-02,CLX,0.008956,89563.100595,251199387.939987,0.000357
2025-06-02,CME,0.010275,102745.835798,608652347.221222,0.000169
2025-06-02,CMI,0.005906,59060.406615,266573195.196533,0.000222
2025-06-02,COR,0.008163,81626.011396,531966936.977386,0.000153
2025-06-02,COST,0.008956,89563.100595,2099834150.348206,0.000043
2025-06-02,CRH,0.003835,38348.023034,482623418.075294,0.000079
2025-06-02,CSCO,0.020241,202413.989012,1277742362.088737,0.000158
2025-06-02,CTSH,0.020241,202413.989012,270147761.668739,0.000749
2025-06-02,CVS,0.008163,81626.011396,647286399.291267,0.000126
2025-06-02,DE,0.005906,59060.406615,660254392.397766,0.000089
2025-06-02,DGX,0.008163,81626.011396,211604354.666367,0.000386
2025-06-02,DRI,0.011496,114958.142166,370863826.507721,0.000310
2025-06-02,DVN,0.007407,74073.012636,269880712.379808,0.000274
2025-06-02,EOG,0.007407,74073.012636,411794172.152252,0.000180
2025-06-02,EVRG,0.003083,30827.184848,169327330.152397,0.000182
2025-06-02,EXC,0.003083,30827.184848,340346147.339058,0.000091
2025-06-02,EXPE,0.011496,114958.142166,397601909.095154,0.000289
2025-06-02,FAST,0.005906,59060.406615,219026544.577560,0.000270
2025-06-02,FFIV,0.020241,202413.989012,120201334.120636,0.001684
2025-06-02,FOX,0.025935,259347.820829,75252496.772766,0.003446
2025-06-02,FTNT,0.020241,202413.989012,610081013.691521,0.000332
2025-06-02,GDDY,0.020241,202413.989012,225107814.388428,0.000899
2025-06-02,GEHC,0.008163,81626.011396,298802634.857750,0.000273
2025-06-02,GL,0.010275,102745.835798,74056177.980270,0.001387
2025-06-02,HIG,0.010275,102745.835798,214062621.285095,0.000480
2025-06-02,HOOD,0.010275,102745.835798,2093994511.703377,0.000049
2025-06-02,IBKR,0.010275,102745.835798,237454790.132751,0.000433
2025-06-02,JBL,0.020241,202413.989012,160907989.456406,0.001258
2025-06-02,JNJ,0.008163,81626.011396,1281648153.767548,0.000064
2025-06-02,JPM,0.010275,102745.835798,2028514980.716782,0.000051
2025-06-02,KO,0.008956,89563.100595,1015621430.911026,0.000088
2025-06-02,KR,0.008956,89563.100595,471721869.860649,0.000190
2025-06-02,LDOS,0.005906,59060.406615,231515495.537491,0.000255
2025-06-02,LLY,0.008163,81626.011396,3403179517.369690,0.000024
2025-06-02,MAA,0.002682,26820.427954,127553816.041412,0.000210
2025-06-02,MMM,0.005906,59060.406615,470937322.038040,0.000125
2025-06-02,MSI,0.020241,202413.989012,436915001.225433,0.000463
2025-06-02,NCLH,0.011496,114958.142166,239093584.634886,0.000481
2025-06-02,NEM,0.003835,38348.023034,647728928.498192,0.000059
2025-06-02,NFLX,0.025935,259347.820829,4097388797.006226,0.000063
2025-06-02,NOC,0.005906,59060.406615,448695858.713989,0.000132
2025-06-02,O,0.002682,26820.427954,298670996.780510,0.000090
2025-06-02,ORCL,0.020241,202413.989012,1257643811.844788,0.000161
2025-06-02,PANW,0.020241,202413.989012,1112798313.797379,0.000182
2025-06-02,PAYX,0.005906,59060.406615,230509104.076385,0.000256
2025-06-02,PGR,0.010275,102745.835798,757464947.329254,0.000136
2025-06-02,PNR,0.005906,59060.406615,114656815.656319,0.000515
2025-06-02,PNW,0.003083,30827.184848,101401206.272278,0.000304
2025-06-02,PODD,0.008163,81626.011396,303156973.842010,0.000269
2025-06-02,RCL,0.011496,114958.142166,449513593.908081,0.000256
2025-06-02,REG,0.002682,26820.427954,73512429.938698,0.000365
2025-06-02,RSG,0.005906,59060.406615,348500129.040298,0.000169
2025-06-02,SHW,0.003835,38348.023034,493633351.985779,0.000078
2025-06-02,SJM,0.008956,89563.100595,117371649.984627,0.000763
2025-06-02,SNA,0.005906,59060.406615,94528233.346405,0.000625
2025-06-02,SOLV,0.008163,81626.011396,96018863.146477,0.000850
2025-06-02,SYF,0.010275,102745.835798,210055905.464783,0.000489
2025-06-02,T,0.025935,259347.820829,914034191.908607,0.000284
2025-06-02,TDY,0.020241,202413.989012,161050842.174072,0.001257
2025-06-02,TEL,0.020241,202413.989012,260386976.661758,0.000777
2025-06-02,TPL,0.007407,74073.012636,166767165.975037,0.000444
2025-06-02,TPR,0.011496,114958.142166,336036898.227997,0.000342
2025-06-02,TRGP,0.007407,74073.012636,340211399.645767,0.000218
2025-06-02,TRMB,0.020241,202413.989012,101081507.469673,0.002002
2025-06-02,TT,0.005906,59060.406615,575370835.584564,0.000103
2025-06-02,UAL,0.005906,59060.406615,606387944.520454,0.000097
2025-06-02,UBER,0.005906,59060.406615,2235705783.654137,0.000026
2025-06-02,UHS,0.008163,81626.011396,138813157.696152,0.000588
2025-06-02,ULTA,0.011496,114958.142166,416192862.222137,0.000276
2025-06-02,V,0.010275,102745.835798,1879595410.701599,0.000055
2025-06-02,VICI,0.002682,26820.427954,173810361.643801,0.000154
2025-06-02,VRSK,0.005906,59060.406615,243022239.572449,0.000243
2025-06-02,WEC,0.003083,30827.184848,235306156.519432,0.000131
2025-06-02,WMT,0.008956,89563.100595,1855742925.409966,0.000048
2025-06-02,WRB,0.010275,102745.835798,104322927.481842,0.000985
2025-06-02,WSM,0.011496,114958.142166,336021622.194290,0.000342
2025-06-02,XEL,0.003083,30827.184848,285590858.144264,0.000108
2025-07-01,ABT,0.007955,79554.240849,803706166.410599,0.000099
2025-07-01,ADP,0.005609,56091.454703,575822510.448456,0.000097
2025-07-01,ADSK,0.021281,212807.225006,414760733.483429,0.000513
2025-07-01,AEE,0.002974,29744.276227,175327907.522545,0.000170
2025-07-01,ALLE,0.005609,56091.454703,123793966.404037,0.000453
2025-07-01,APH,0.021281,212807.225006,876712587.647667,0.000243
2025-07-01,APP,0.026012,260120.598537,2200062538.820801,0.000118
2025-07-01,AXP,0.010267,102672.515835,862036532.586365,0.000119
2025-07-01,BKR,0.007435,74350.167598,291887137.771015,0.000255
2025-07-01,BNY,0.010267,102672.515835,382258317.173615,0.000269
2025-07-01,BRK-B,0.010267,102672.515835,2341956196.618958,0.000044
2025-07-01,CBRE,0.002572,25720.705717,203854441.057358,0.000126
2025-07-01,CEG,0.002974,29744.276227,1003880954.255981,0.000030
2025-07-01,CF,0.003685,36848.406736,346778392.679291,0.000106
2025-07-01,CIEN,0.021281,212807.225006,231138390.459518,0.000921
2025-07-01,CINF,0.010267,102672.515835,81975869.605637,0.001252
2025-07-01,CME,0.010267,102672.515835,742307079.590454,0.000138
2025-07-01,CMI,0.005609,56091.454703,222329940.080109,0.000252
2025-07-01,CNC,0.007955,79554.240849,271425756.237011,0.000293
2025-07-01,COR,0.007955,79554.240849,412117611.650543,0.000193
2025-07-01,COST,0.008383,83825.944766,2099214396.884460,0.000040
2025-07-01,CRH,0.003685,36848.406736,371630631.531334,0.000099
2025-07-01,CSCO,0.021281,212807.225006,1460467131.887131,0.000146
2025-07-01,CTSH,0.021281,212807.225006,282947574.551201,0.000752
2025-07-01,CTVA,0.003685,36848.406736,346513369.890518,0.000106
2025-07-01,CVS,0.007955,79554.240849,445630252.222824,0.000179
2025-07-01,DE,0.005609,56091.454703,611088461.357727,0.000092
2025-07-01,DGX,0.007955,79554.240849,144667737.425690,0.000550
2025-07-01,DRI,0.011277,112767.442774,370459495.718460,0.000304
2025-07-01,DVN,0.007435,74350.167598,277922108.401108,0.000268
2025-07-01,EME,0.005609,56091.454703,234390965.925751,0.000239
2025-07-01,EQT,0.007435,74350.167598,438271149.496021,0.000170
2025-07-01,EXC,0.002974,29744.276227,270375406.788177,0.000110
2025-07-01,EXPE,0.011277,112767.442774,287660517.152023,0.000392
2025-07-01,FAST,0.005609,56091.454703,235768788.785591,0.000238
2025-07-01,FFIV,0.021281,212807.225006,129965695.490112,0.001637
2025-07-01,FIX,0.005609,56091.454703,184357782.990723,0.000304
2025-07-01,FLEX,0.021281,212807.225006,251734010.537033,0.000845
2025-07-01,FOX,0.026012,260120.598537,61606386.202908,0.004222
2025-07-01,FOXA,0.026012,260120.598537,212069269.489212,0.001227
2025-07-01,FTNT,0.021281,212807.225006,413380787.699699,0.000515
2025-07-01,GDDY,0.021281,212807.225006,246795908.781815,0.000862
2025-07-01,GE,0.005609,56091.454703,1943356175.815125,0.000029
2025-07-01,GEHC,0.007955,79554.240849,276085705.916824,0.000288
2025-07-01,GEN,0.021281,212807.225006,144595006.299391,0.001472
2025-07-01,GL,0.010267,102672.515835,59162713.415985,0.001735
2025-07-01,HIG,0.010267,102672.515835,192364431.895599,0.000534
2025-07-01,HSIC,0.007955,79554.240849,114784403.320770,0.000693
2025-07-01,IBKR,0.010267,102672.515835,286059138.581047,0.000359
2025-07-01,JBL,0.021281,212807.225006,395678209.670868,0.000538
2025-07-01,JPM,0.010267,102672.515835,2450476242.513428,0.000042
2025-07-01,KIM,0.002572,25720.705717,92152936.877832,0.000279
2025-07-01,KO,0.008383,83825.944766,1186516903.222961,0.000071
2025-07-01,KR,0.008383,83825.944766,614263118.281784,0.000136
2025-07-01,KVUE,0.008383,83825.944766,448323679.058361,0.000187
2025-07-01,MAA,0.002572,25720.705717,160977746.701431,0.000160
2025-07-01,MMM,0.005609,56091.454703,418242605.197296,0.000134
2025-07-01,MNST,0.008383,83825.944766,383939494.247456,0.000218
2025-07-01,MOS,0.003685,36848.406736,220346925.057640,0.000167
2025-07-01,MS,0.010267,102672.515835,749389018.993683,0.000137
2025-07-01,NCLH,0.011277,112767.442774,320838216.654205,0.000351
2025-07-01,NEM,0.003685,36848.406736,718714060.531502,0.000051
2025-07-01,NFLX,0.026012,260120.598537,3616528580.523682,0.000072
2025-07-01,NOC,0.005609,56091.454703,402180081.958313,0.000139
2025-07-01,NRG,0.002974,29744.276227,532201654.184875,0.000056
2025-07-01,NTRS,0.010267,102672.515835,328663766.248627,0.000312
2025-07-01,PAYX,0.005609,56091.454703,402918221.198120,0.000139
2025-07-01,PGR,0.010267,102672.515835,1095600524.555969,0.000094
2025-07-01,PNR,0.005609,56091.454703,121699451.190834,0.000461
2025-07-01,PODD,0.007955,79554.240849,270773381.346741,0.000294
2025-07-01,RCL,0.011277,112767.442774,807451480.351868,0.000140
2025-07-01,REG,0.002572,25720.705717,80913600.251236,0.000318
2025-07-01,RMD,0.007955,79554.240849,202950486.766205,0.000392
2025-07-01,SJM,0.008383,83825.944766,292223019.192390,0.000287
2025-07-01,SNA,0.005609,56091.454703,112599139.218903,0.000498
2025-07-01,SOLV,0.007955,79554.240849,61541507.998390,0.001293
2025-07-01,STT,0.010267,102672.515835,192048875.332947,0.000535
2025-07-01,SYF,0.010267,102672.515835,218494590.803356,0.000470
2025-07-01,T,0.026012,260120.598537,865578123.405075,0.000301
2025-07-01,TDY,0.021281,212807.225006,189619221.990356,0.001122
2025-07-01,TEL,0.021281,212807.225006,286519287.303696,0.000743
2025-07-01,TJX,0.011277,112767.442774,648299669.365501,0.000174
2025-07-01,TPL,0.007435,74350.167598,173228408.395386,0.000429
2025-07-01,TPR,0.011277,112767.442774,277391834.565735,0.000407
2025-07-01,TRGP,0.007435,74350.167598,335481252.314224,0.000222
2025-07-01,TRMB,0.021281,212807.225006,100925293.574028,0.002109
2025-07-01,TT,0.005609,56091.454703,541753312.419434,0.000104
2025-07-01,UAL,0.005609,56091.454703,548933126.745071,0.000102
2025-07-01,UBER,0.005609,56091.454703,1925829166.783676,0.000029
2025-07-01,UHS,0.007955,79554.240849,178070475.233078,0.000447
2025-07-01,ULTA,0.011277,112767.442774,346595745.526886,0.000325
2025-07-01,VICI,0.002572,25720.705717,191149047.222147,0.000135
2025-07-01,VMRK,0.002572,25720.705717,139728945.926857,0.000184
2025-07-01,VST,0.002974,29744.276227,963090379.300079,0.000031
2025-07-01,WEC,0.002974,29744.276227,233330119.259720,0.000127
2025-07-01,WMT,0.008383,83825.944766,1655269001.020203,0.000051
2025-07-01,WRB,0.010267,102672.515835,120492260.317726,0.000852
2025-07-01,WSM,0.011277,112767.442774,266601275.220566,0.000423
2025-07-01,XEL,0.002974,29744.276227,216335109.222183,0.000137
2025-08-01,ABT,0.007537,75371.437658,1012783307.634239,0.000074
2025-08-01,ADSK,0.021774,217736.261383,534286277.652588,0.000408
2025-08-01,AEE,0.003055,30553.742788,155107420.700607,0.000197
2025-08-01,APH,0.021774,217736.261383,951355688.182335,0.000229
2025-08-01,APP,0.026500,264997.632379,1510220250.502167,0.000175
2025-08-01,AXP,0.010087,100867.461666,815737625.765686,0.000124
2025-08-01,CBRE,0.002524,25240.455256,244227783.386536,0.000103
2025-08-01,CCL,0.011426,114262.914971,615530358.829851,0.000186
2025-08-01,CEG,0.003055,30553.742788,764272668.991547,0.000040
2025-08-01,CF,0.003587,35870.464661,201972067.518234,0.000178
2025-08-01,CIEN,0.021774,217736.261383,165630642.682953,0.001315
2025-08-01,CINF,0.010087,100867.461666,89608172.294540,0.001126
2025-08-01,CME,0.010087,100867.461666,615380065.878143,0.000164
2025-08-01,CMI,0.005644,56443.626669,333083631.515350,0.000169
2025-08-01,COIN,0.010087,100867.461666,5556650260.740814,0.000018
2025-08-01,COR,0.007537,75371.437658,293462126.065979,0.000257
2025-08-01,COST,0.007827,78270.544514,2067832168.380127,0.000038
2025-08-01,CRH,0.003587,35870.464661,355603690.307159,0.000101
2025-08-01,CSCO,0.021774,217736.261383,1158224280.255203,0.000188
2025-08-01,CTSH,0.021774,217736.261383,278881348.124390,0.000781
2025-08-01,CTVA,0.003587,35870.464661,278126614.578896,0.000129
2025-08-01,CVS,0.007537,75371.437658,566742916.564732,0.000133
2025-08-01,DAL,0.005644,56443.626669,640524638.469810,0.000088
2025-08-01,DE,0.005644,56443.626669,587009745.995483,0.000096
2025-08-01,DG,0.007827,78270.544514,297648014.915085,0.000263
2025-08-01,DGX,0.007537,75371.437658,243951761.327896,0.000309
2025-08-01,DRI,0.011426,114262.914971,238967973.813553,0.000478
2025-08-01,DVN,0.007497,74968.005418,249630349.149990,0.000300
2025-08-01,DXCM,0.007537,75371.437658,271713124.108429,0.000277
2025-08-01,EME,0.005644,56443.626669,235262730.512085,0.000240
2025-08-01,EOG,0.007497,74968.005418,355616519.518814,0.000211
2025-08-01,EQT,0.007497,74968.005418,556994395.793457,0.000135
2025-08-01,EVRG,0.003055,30553.742788,157302583.949471,0.000194
2025-08-01,EW,0.007537,75371.437658,394915570.232468,0.000191
2025-08-01,EXC,0.003055,30553.742788,247779738.820534,0.000123
2025-08-01,EXE,0.007497,74968.005418,392885269.205437,0.000191
2025-08-01,EXPE,0.011426,114262.914971,260256578.014526,0.000439
2025-08-01,FFIV,0.021774,217736.261383,161155345.122223,0.001351
2025-08-01,FIX,0.005644,56443.626669,266963097.770691,0.000211
2025-08-01,FLEX,0.021774,217736.261383,218329350.036449,0.000997
2025-08-01,FOX,0.026500,264997.632379,47726859.449100,0.005552
2025-08-01,FOXA,0.026500,264997.632379,156401699.515820,0.001694
2025-08-01,FTNT,0.021774,217736.261383,407992605.641975,0.000534
2025-08-01,GDDY,0.021774,217736.261383,246235577.431488,0.000884
2025-08-01,GE,0.005644,56443.626669,1718587785.941925,0.000033
2025-08-01,GEHC,0.007537,75371.437658,314149286.476822,0.000240
2025-08-01,GL,0.010087,100867.461666,102333992.239571,0.000986
2025-08-01,HIG,0.010087,100867.461666,204139838.727112,0.000494
2025-08-01,HON,0.005644,56443.626669,853979941.174065,0.000066
2025-08-01,HPE,0.021774,217736.261383,353867245.313911,0.000615
2025-08-01,HSIC,0.007537,75371.437658,120821202.105713,0.000624
2025-08-01,HST,0.002524,25240.455256,152042063.779078,0.000166
2025-08-01,IBKR,0.010087,100867.461666,363656442.748489,0.000277
2025-08-01,JBL,0.021774,217736.261383,281422756.282654,0.000774
2025-08-01,JPM,0.010087,100867.461666,2711872512.575226,0.000037
2025-08-01,KIM,0.002524,25240.455256,90640318.602648,0.000278
2025-08-01,KR,0.007827,78270.544514,441066715.419502,0.000177
2025-08-01,LUV,0.005644,56443.626669,472054507.610369,0.000120
2025-08-01,LVS,0.011426,114262.914971,264837478.176003,0.000431
2025-08-01,MKC,0.007827,78270.544514,155429421.928368,0.000504
2025-08-01,MMM,0.005644,56443.626669,649370277.029343,0.000087
2025-08-01,MNST,0.007827,78270.544514,338081690.973454,0.000232
2025-08-01,MOS,0.003587,35870.464661,153732487.378197,0.000233
2025-08-01,MS,0.010087,100867.461666,813102012.768936,0.000124
2025-08-01,NCLH,0.011426,114262.914971,364400727.851610,0.000314
2025-08-01,NEM,0.003587,35870.464661,793066317.274094,0.000045
2025-08-01,NFLX,0.026500,264997.632379,4906073461.051559,0.000054
2025-08-01,NRG,0.003055,30553.742788,416820636.885300,0.000073
2025-08-01,NTRS,0.010087,100867.461666,208352770.140648,0.000484
2025-08-01,ORCL,0.021774,217736.261383,2706432613.755569,0.000080
2025-08-01,PAYX,0.005644,56443.626669,321192118.400803,0.000176
2025-08-01,PCAR,0.005644,56443.626669,356373690.497246,0.000158
2025-08-01,PODD,0.007537,75371.437658,150533436.742249,0.000501
2025-08-01,PYPL,0.010087,100867.461666,922764371.403427,0.000109
2025-08-01,RCL,0.011426,114262.914971,778055733.280029,0.000147
2025-08-01,REG,0.002524,25240.455256,79192850.905228,0.000319
2025-08-01,RJF,0.010087,100867.461666,183062109.942474,0.000551
2025-08-01,SNA,0.005644,56443.626669,120175399.119263,0.000470
2025-08-01,SOLV,0.007537,75371.437658,44256932.200928,0.001703
2025-08-01,SPG,0.002524,25240.455256,222423786.068649,0.000113
2025-08-01,SYF,0.010087,100867.461666,250122724.440613,0.000403
2025-08-01,SYY,0.007827,78270.544514,235683580.282631,0.000332
2025-08-01,T,0.026500,264997.632379,924525331.885042,0.000287
2025-08-01,TEL,0.021774,217736.261383,426096682.481232,0.000511
2025-08-01,TPR,0.011426,114262.914971,413385077.501183,0.000276
2025-08-01,TRGP,0.007497,74968.005418,221897941.646271,0.000338
2025-08-01,TRMB,0.021774,217736.261383,148466244.025269,0.001467
2025-08-01,TT,0.005644,56443.626669,594330911.749725,0.000095
2025-08-01,UAL,0.005644,56443.626669,740068950.110054,0.000076
2025-08-01,UBER,0.005644,56443.626669,1564189962.707138,0.000036
2025-08-01,UHS,0.007537,75371.437658,172615360.278091,0.000437
2025-08-01,ULTA,0.011426,114262.914971,285750941.564178,0.000400
2025-08-01,VICI,0.002524,25240.455256,202513331.013088,0.000125
2025-08-01,VST,0.003055,30553.742788,992756738.573074,0.000031
2025-08-01,WAB,0.005644,56443.626669,255303800.329056,0.000221
2025-08-01,WEC,0.003055,30553.742788,213139024.610443,0.000143
2025-08-01,WFC,0.010087,100867.461666,1570650606.422958,0.000064
2025-08-01,WMT,0.007827,78270.544514,1307848259.450722,0.000060
2025-08-01,WRB,0.010087,100867.461666,165036778.551102,0.000611
2025-09-02,ABT,0.007289,72893.396459,702847727.668991,0.000104
2025-09-02,AEP,0.002941,29413.089715,349729238.555946,0.000084
2025-09-02,ALLE,0.005523,55230.943304,134323147.812576,0.000411
2025-09-02,ANET,0.021414,214143.352203,1210885762.555733,0.000177
2025-09-02,APH,0.021414,214143.352203,752113327.986565,0.000285
2025-09-02,APO,0.010186,101860.946257,475291784.564819,0.000214
2025-09-02,APP,0.027720,277197.508435,2841045309.290314,0.000098
2025-09-02,BKR,0.007625,76252.870498,214671265.729446,0.000355
2025-09-02,BNY,0.010186,101860.946257,327678131.894798,0.000311
2025-09-02,C,0.010186,101860.946257,1264327651.213455,0.000081
2025-09-02,CASY,0.007794,77935.565035,115115802.255707,0.000677
2025-09-02,CAT,0.005523,55230.943304,1322859197.931976,0.000042
2025-09-02,CBRE,0.002555,25545.649602,243334951.256332,0.000105
2025-09-02,CCL,0.011619,116193.025125,478112447.512112,0.000243
2025-09-02,CEG,0.002941,29413.089715,701129693.218231,0.000042
2025-09-02,CF,0.003741,37409.168972,256393913.373260,0.000146
2025-09-02,CINF,0.010186,101860.946257,75719216.732864,0.001345
2025-09-02,CMI,0.005523,55230.943304,336859039.759369,0.000164
2025-09-02,COF,0.010186,101860.946257,698332791.420212,0.000146
2025-09-02,COIN,0.010186,101860.946257,3138558606.147308,0.000032
2025-09-02,COR,0.007289,72893.396459,415895862.507629,0.000175
2025-09-02,CSCO,0.021414,214143.352203,1544165493.462677,0.000139
2025-09-02,CTVA,0.003741,37409.168972,307469518.794289,0.000122
2025-09-02,CVS,0.007289,72893.396459,424579930.655251,0.000172
2025-09-02,DAL,0.005523,55230.943304,405416957.261543,0.000136
2025-09-02,DE,0.005523,55230.943304,727255332.077789,0.000076
2025-09-02,DGX,0.007289,72893.396459,147367603.390656,0.000495
2025-09-02,DLTR,0.007794,77935.565035,351109355.735779,0.000222
2025-09-02,DRI,0.011619,116193.025125,182327457.099915,0.000637
2025-09-02,ECHO,0.027720,277197.508435,299930184.316654,0.000924
2025-09-02,EME,0.005523,55230.943304,185944568.763733,0.000297
2025-09-02,EOG,0.007625,76252.870498,320137703.387146,0.000238
2025-09-02,EQT,0.007625,76252.870498,341413632.972698,0.000223
2025-09-02,ETN,0.005523,55230.943304,865619421.736450,0.000064
2025-09-02,EVRG,0.002941,29413.089715,160645670.565186,0.000183
2025-09-02,EW,0.007289,72893.396459,304536657.936401,0.000239
2025-09-02,EXC,0.002941,29413.089715,253017158.226242,0.000116
2025-09-02,EXE,0.007625,76252.870498,299805078.559914,0.000254
2025-09-02,FAST,0.005523,55230.943304,265716737.813778,0.000208
2025-09-02,FFIV,0.021414,214143.352203,143666538.464966,0.001491
2025-09-02,FIX,0.005523,55230.943304,260080166.915283,0.000212
2025-09-02,FLEX,0.021414,214143.352203,180976252.522640,0.001183
2025-09-02,FTNT,0.021414,214143.352203,919106667.398796,0.000233
2025-09-02,GE,0.005523,55230.943304,1112586278.871613,0.000050
2025-09-02,GEHC,0.007289,72893.396459,218531507.727966,0.000334
2025-09-02,GL,0.010186,101860.946257,82082864.348602,0.001241
2025-09-02,HIG,0.010186,101860.946257,168285078.602333,0.000605
2025-09-02,HPE,0.021414,214143.352203,374321330.962915,0.000572
2025-09-02,HSIC,0.007289,72893.396459,133686951.731453,0.000545
2025-09-02,HST,0.002555,25545.649602,151804965.839467,0.000168
2025-09-02,HSY,0.007794,77935.565035,248161405.206680,0.000314
2025-09-02,HWM,0.005523,55230.943304,404068928.689499,0.000137
2025-09-02,IBKR,0.010186,101860.946257,608150449.174194,0.000167
2025-09-02,JBL,0.021414,214143.352203,301109447.594757,0.000711
2025-09-02,JPM,0.010186,101860.946257,2016948278.527374,0.000051
2025-09-02,KIM,0.002555,25545.649602,82221753.341236,0.000311
2025-09-02,KR,0.007794,77935.565035,468728067.534218,0.000166
2025-09-02,LVS,0.011619,116193.025125,209796735.404339,0.000554
2025-09-02,LYV,0.027720,277197.508435,327637983.090057,0.000846
2025-09-02,MDT,0.007289,72893.396459,679843216.173706,0.000107
2025-09-02,MLM,0.003741,37409.168972,269563801.697998,0.000139
2025-09-02,MNST,0.007794,77935.565035,391739525.234547,0.000199
2025-09-02,MOS,0.003741,37409.168972,173797836.989574,0.000215
2025-09-02,MS,0.010186,101860.946257,644656109.496078,0.000158
2025-09-02,MSFT,0.021414,214143.352203,10757372814.092255,0.000020
2025-09-02,NCLH,0.011619,116193.025125,308613308.570795,0.000377
2025-09-02,NEM,0.003741,37409.168972,602496822.648163,0.000062
2025-09-02,NFLX,0.027720,277197.508435,3269200527.070236,0.000085
2025-09-02,NRG,0.002941,29413.089715,428324662.116699,0.000069
2025-09-02,NTRS,0.010186,101860.946257,128141094.659081,0.000795
2025-09-02,ORCL,0.021414,214143.352203,2506467511.086807,0.000085
2025-09-02,PCAR,0.005523,55230.943304,213119465.139503,0.000259
2025-09-02,PODD,0.007289,72893.396459,224110495.935669,0.000325
2025-09-02,RCL,0.011619,116193.025125,642827244.275818,0.000181
2025-09-02,REG,0.002555,25545.649602,88688935.237770,0.000288
2025-09-02,RJF,0.010186,101860.946257,143472679.126816,0.000710
2025-09-02,RMD,0.007289,72893.396459,279529688.322144,0.000261
2025-09-02,SMCI,0.021414,214143.352203,1512019281.367340,0.000142
2025-09-02,SNA,0.005523,55230.943304,72189703.415680,0.000765
2025-09-02,SOLV,0.007289,72893.396459,99359332.752228,0.000734
2025-09-02,SPG,0.002555,25545.649602,277287634.872055,0.000092
2025-09-02,SYF,0.010186,101860.946257,218505391.257057,0.000466
2025-09-02,SYY,0.007794,77935.565035,241441102.512360,0.000323
2025-09-02,TDY,0.021414,214143.352203,142318773.456726,0.001505
2025-09-02,TEL,0.021414,214143.352203,328198289.611053,0.000652
2025-09-02,TPR,0.011619,116193.025125,530010519.192543,0.000219
2025-09-02,TRGP,0.007625,76252.870498,249759147.390976,0.000305
2025-09-02,TRMB,0.021414,214143.352203,144954067.678299,0.001477
2025-09-02,TT,0.005523,55230.943304,451042254.813690,0.000122
2025-09-02,UAL,0.005523,55230.943304,462398463.384285,0.000119
2025-09-02,UBER,0.005523,55230.943304,1676110275.008240,0.000033
2025-09-02,ULTA,0.011619,116193.025125,449860060.840149,0.000258
2025-09-02,VICI,0.002555,25545.649602,260415246.913681,0.000098
2025-09-02,VST,0.002941,29413.089715,815889839.379425,0.000036
2025-09-02,WBD,0.027720,277197.508435,546305851.503334,0.000507
2025-09-02,WFC,0.010186,101860.946257,1060189701.952095,0.000096
2025-09-02,WMT,0.007794,77935.565035,1876995765.597038,0.000042
2025-09-02,WSM,0.011619,116193.025125,302907581.064606,0.000384
2025-09-02,XEL,0.002941,29413.089715,250165412.320976,0.000118
2025-10-01,ABT,0.007045,70450.882419,763181174.982071,0.000092
2025-10-01,ADM,0.007416,74164.678469,233721376.998463,0.000317
2025-10-01,AEP,0.002944,29436.085007,355845727.640152,0.000083
2025-10-01,ALLE,0.005444,54441.333181,162706154.900360,0.000335
2025-10-01,ANET,0.022075,220754.181431,1400898161.873245,0.000158
2025-10-01,APH,0.022075,220754.181431,1218336646.865158,0.000181
2025-10-01,APP,0.028908,289080.218218,7030738384.113770,0.000041
2025-10-01,BAC,0.009835,98353.207305,1766515566.231880,0.000056
2025-10-01,BKR,0.007331,73311.778291,316886390.391445,0.000231
2025-10-01,BR,0.005444,54441.333181,161393286.994247,0.000337
2025-10-01,BRK-B,0.009835,98353.207305,2081629014.836578,0.000047
2025-10-01,C,0.009835,98353.207305,1367107469.831352,0.000072
2025-10-01,CASY,0.007416,74164.678469,249506558.707581,0.000297
2025-10-01,CBRE,0.002451,24508.895302,241071346.831360,0.000102
2025-10-01,CCL,0.011670,116695.232483,752970346.163416,0.000155
2025-10-01,CEG,0.002944,29436.085007,756895682.855225,0.000039
2025-10-01,CF,0.003407,34068.350871,244713485.750198,0.000139
2025-10-01,CMI,0.005444,54441.333181,369859155.151367,0.000147
2025-10-01,CNP,0.002944,29436.085007,223190203.432961,0.000132
2025-10-01,COF,0.009835,98353.207305,757712568.552856,0.000130
2025-10-01,COIN,0.009835,98353.207305,2902348952.299957,0.000034
2025-10-01,COR,0.007045,70450.882419,546457086.503448,0.000129
2025-10-01,CRH,0.003407,34068.350871,470105852.140160,0.000072
2025-10-01,CSCO,0.022075,220754.181431,1288609947.334404,0.000171
2025-10-01,CVS,0.007045,70450.882419,579495838.470993,0.000122
2025-10-01,DAL,0.005444,54441.333181,475274335.036354,0.000115
2025-10-01,DG,0.007416,74164.678469,344792492.942314,0.000215
2025-10-01,DGX,0.007045,70450.882419,133153836.890488,0.000529
2025-10-01,DLTR,0.007416,74164.678469,497334976.214790,0.000149
2025-10-01,DRI,0.011670,116695.232483,318060874.855499,0.000367
2025-10-01,DVN,0.007331,73311.778291,267177191.638165,0.000274
2025-10-01,ECHO,0.028908,289080.218218,512770081.928253,0.000564
2025-10-01,EME,0.005444,54441.333181,634900862.357483,0.000086
2025-10-01,EOG,0.007331,73311.778291,404485375.050278,0.000181
2025-10-01,EQT,0.007331,73311.778291,479793137.307568,0.000153
2025-10-01,EVRG,0.002944,29436.085007,165735338.801117,0.000178
2025-10-01,EW,0.007045,70450.882419,357630085.864449,0.000197
2025-10-01,EXC,0.002944,29436.085007,244713783.326874,0.000120
2025-10-01,EXPE,0.011670,116695.232483,355728139.055176,0.000328
2025-10-01,FAST,0.005444,54441.333181,306198415.549145,0.000178
2025-10-01,FERG,0.005444,54441.333181,569816444.648590,0.000096
2025-10-01,FFIV,0.022075,220754.181431,135363711.533051,0.001631
2025-10-01,FIX,0.005444,54441.333181,312883256.745605,0.000174
2025-10-01,FLEX,0.022075,220754.181431,208381814.160328,0.001059
2025-10-01,GE,0.005444,54441.333181,1292086416.759033,0.000042
2025-10-01,GEN,0.022075,220754.181431,100137791.223764,0.002205
2025-10-01,GL,0.009835,98353.207305,76803751.504974,0.001281
2025-10-01,GM,0.011670,116695.232483,449959687.904663,0.000259
2025-10-01,HIG,0.009835,98353.207305,198480170.471497,0.000496
2025-10-01,HPE,0.022075,220754.181431,618620217.123318,0.000357
2025-10-01,HSIC,0.007045,70450.882419,103877676.626892,0.000678
2025-10-01,HST,0.002451,24508.895302,162211158.495684,0.000151
2025-10-01,HSY,0.007416,74164.678469,262622189.134140,0.000282
2025-10-01,IBKR,0.009835,98353.207305,338171861.726170,0.000291
2025-10-01,IDXX,0.007045,70450.882419,274763557.702942,0.000256
2025-10-01,JBL,0.022075,220754.181431,361724822.145233,0.000610
2025-10-01,JNJ,0.007045,70450.882419,1585654585.184937,0.000044
2025-10-01,JPM,0.009835,98353.207305,2754029879.806976,0.000036
2025-10-01,KIM,0.002451,24508.895302,82235095.174894,0.000298
2025-10-01,KMI,0.007331,73311.778291,345394347.642994,0.000212
2025-10-01,KR,0.007416,74164.678469,575679652.348099,0.000129
2025-10-01,LDOS,0.005444,54441.333181,167981087.151337,0.000324
2025-10-01,LHX,0.005444,54441.333181,296470093.749084,0.000184
2025-10-01,LYV,0.028908,289080.218218,456588988.991852,0.000633
2025-10-01,MLM,0.003407,34068.350871,218226973.177795,0.000156
2025-10-01,MOS,0.003407,34068.350871,144808415.854511,0.000235
2025-10-01,MS,0.009835,98353.207305,892804153.055725,0.000110
2025-10-01,MSFT,0.022075,220754.181431,10496399228.427277,0.000021
2025-10-01,NCLH,0.011670,116695.232483,418582890.313358,0.000279
2025-10-01,NEM,0.003407,34068.350871,1015828915.832176,0.000034
2025-10-01,NFLX,0.028908,289080.218218,3726596883.626556,0.000078
2025-10-01,NOC,0.005444,54441.333181,445845014.877930,0.000122
2025-10-01,NRG,0.002944,29436.085007,399963395.690308,0.000074
2025-10-01,NTRS,0.009835,98353.207305,161993526.932869,0.000607
2025-10-01,NVDA,0.022075,220754.181431,32484235981.706398,0.000007
2025-10-01,PCAR,0.005444,54441.333181,304080715.826950,0.000179
2025-10-01,PODD,0.007045,70450.882419,222950993.349152,0.000316
2025-10-01,RCL,0.011670,116695.232483,646515831.260376,0.000180
2025-10-01,REG,0.002451,24508.895302,83143223.243828,0.000295
2025-10-01,RJF,0.009835,98353.207305,209078162.797470,0.000470
2025-10-01,SNA,0.005444,54441.333181,110549481.538696,0.000492
2025-10-01,SNPS,0.022075,220754.181431,2290931999.022369,0.000096
2025-10-01,SOLV,0.007045,70450.882419,85535984.200172,0.000824
2025-10-01,SPG,0.002451,24508.895302,358107643.099289,0.000068
2025-10-01,SYF,0.009835,98353.207305,241818236.446609,0.000407
2025-10-01,SYY,0.007416,74164.678469,248656446.859360,0.000298
2025-10-01,T,0.028908,289080.218218,894342229.679470,0.000323
2025-10-01,TDY,0.022075,220754.181431,159609225.431213,0.001383
2025-10-01,TEL,0.022075,220754.181431,351657316.626358,0.000628
2025-10-01,TRMB,0.022075,220754.181431,114198184.814224,0.001933
2025-10-01,UAL,0.005444,54441.333181,586688266.309166,0.000093
2025-10-01,UBER,0.005444,54441.333181,1843629903.689423,0.000030
2025-10-01,UHS,0.007045,70450.882419,136273130.865555,0.000517
2025-10-01,ULTA,0.011670,116695.232483,330998929.457397,0.000353
2025-10-01,VICI,0.002451,24508.895302,298934487.623444,0.000082
2025-10-01,VST,0.002944,29436.085007,1033075658.020782,0.000028
2025-10-01,WFC,0.009835,98353.207305,1190442283.343697,0.000083
2025-10-01,WSM,0.011670,116695.232483,221918844.431763,0.000526
2025-10-01,XYZ,0.009835,98353.207305,454093594.974060,0.000217
2025-11-03,A,0.007120,71201.732228,218837064.146957,0.000325
2025-11-03,ABT,0.007120,71201.732228,814344760.588989,0.000087
2025-11-03,ADM,0.007282,72820.645256,211709191.934357,0.000344
2025-11-03,AEP,0.002911,29112.820576,414439600.196381,0.000070
2025-11-03,AIZ,0.009300,92995.344030,61322832.987137,0.001516
2025-11-03,ALLE,0.005359,53590.551053,146503930.608597,0.000366
2025-11-03,APA,0.007061,70614.471172,165330205.548306,0.000427
2025-11-03,APH,0.022797,227970.892028,1054878858.748512,0.000216
2025-11-03,APP,0.029547,295468.846232,2750327316.362000,0.000107
2025-11-03,APTV,0.011646,116462.790903,159632666.902390,0.000730
2025-11-03,BKR,0.007061,70614.471172,377978713.724556,0.000187
2025-11-03,BRK-B,0.009300,92995.344030,2052939317.433624,0.000045
2025-11-03,C,0.009300,92995.344030,1322147065.979614,0.000070
2025-11-03,CASY,0.007282,72820.645256,158004378.850708,0.000461
2025-11-03,CAT,0.005359,53590.551053,1721443245.484924,0.000031
2025-11-03,CBRE,0.002319,23188.451529,251739901.596909,0.000092
2025-11-03,CCL,0.011646,116462.790903,605192564.244795,0.000192
2025-11-03,CEG,0.002911,29112.820576,1087338635.493469,0.000027
2025-11-03,CF,0.003161,31605.119110,167007082.097855,0.000189
2025-11-03,CINF,0.009300,92995.344030,93077752.027893,0.000999
2025-11-03,CMI,0.005359,53590.551053,366691667.863159,0.000146
2025-11-03,CNP,0.002911,29112.820576,186945355.400085,0.000156
2025-11-03,COF,0.009300,92995.344030,822018932.483215,0.000113
2025-11-03,COIN,0.009300,92995.344030,3252661978.485413,0.000029
2025-11-03,COR,0.007120,71201.732228,368092451.337738,0.000193
2025-11-03,CRH,0.003161,31605.119110,357949412.270126,0.000088
2025-11-03,CSCO,0.022797,227970.892028,1262483842.323608,0.000181
2025-11-03,CVS,0.007120,71201.732228,655109097.547035,0.000109
2025-11-03,DG,0.007282,72820.645256,275870958.335419,0.000264
2025-11-03,DGX,0.007120,71201.732228,206902207.063904,0.000344
2025-11-03,DLTR,0.007282,72820.645256,451865623.283272,0.000161
2025-11-03,DRI,0.011646,116462.790903,200180106.281433,0.000582
2025-11-03,DVN,0.007061,70614.471172,233963224.473009,0.000302
2025-11-03,ECHO,0.029547,295468.846232,192575590.769806,0.001534
2025-11-03,ECL,0.003161,31605.119110,397081909.416656,0.000080
2025-11-03,EME,0.005359,53590.551053,374812104.289856,0.000143
2025-11-03,EOG,0.007061,70614.471172,435381099.260025,0.000162
2025-11-03,EQT,0.007061,70614.471172,356707117.185974,0.000198
2025-11-03,EVRG,0.002911,29112.820576,152328586.237411,0.000191
2025-11-03,EXC,0.002911,29112.820576,327129353.911591,0.000089
2025-11-03,FAST,0.005359,53590.551053,304555733.366871,0.000176
2025-11-03,FERG,0.005359,53590.551053,353135263.045425,0.000152
2025-11-03,FFIV,0.022797,227970.892028,348850433.496780,0.000653
2025-11-03,FIX,0.005359,53590.551053,363045679.373474,0.000148
2025-11-03,FLEX,0.022797,227970.892028,253115109.789448,0.000901
2025-11-03,FSLR,0.022797,227970.892028,572979084.532318,0.000398
2025-11-03,GD,0.005359,53590.551053,382839756.340790,0.000140
2025-11-03,GE,0.005359,53590.551053,1110591390.968781,0.000048
2025-11-03,GL,0.009300,92995.344030,84709822.265320,0.001098
2025-11-03,HIG,0.009300,92995.344030,203073572.823792,0.000458
2025-11-03,HPE,0.022797,227970.892028,986046655.656624,0.000231
2025-11-03,HST,0.002319,23188.451529,103089143.487082,0.000225
2025-11-03,HSY,0.007282,72820.645256,324841183.420639,0.000224
2025-11-03,IBKR,0.009300,92995.344030,333109670.832939,0.000279
2025-11-03,IDXX,0.007120,71201.732228,324499633.695984,0.000219
2025-11-03,INTC,0.022797,227970.892028,4388364012.791653,0.000052
2025-11-03,IVZ,0.009300,92995.344030,147015433.485384,0.000633
2025-11-03,JBL,0.022797,227970.892028,248165473.716660,0.000919
2025-11-03,JCI,0.005359,53590.551053,390721588.553581,0.000137
2025-11-03,JNJ,0.007120,71201.732228,1592910967.948227,0.000045
2025-11-03,JPM,0.009300,92995.344030,2533355826.372070,0.000037
2025-11-03,KIM,0.002319,23188.451529,109643360.540113,0.000211
2025-11-03,KLAC,0.022797,227970.892028,1269305364.258957,0.000180
2025-11-03,LRCX,0.022797,227970.892028,1651863810.475235,0.000138
2025-11-03,MMM,0.005359,53590.551053,541088839.744339,0.000099
2025-11-03,MNST,0.007282,72820.645256,358141387.986298,0.000203
2025-11-03,MOS,0.003161,31605.119110,168707606.935577,0.000187
2025-11-03,MS,0.009300,92995.344030,939560513.672028,0.000099
2025-11-03,NCLH,0.011646,116462.790903,339575580.144730,0.000343
2025-11-03,NEM,0.003161,31605.119110,1103325902.616081,0.000029
2025-11-03,NFLX,0.029547,295468.846232,5351571342.612839,0.000055
2025-11-03,NOC,0.005359,53590.551053,492738784.868774,0.000109
2025-11-03,NRG,0.002911,29112.820576,346336740.173492,0.000084
2025-11-03,NSC,0.005359,53590.551053,312168391.075287,0.000172
2025-11-03,NTRS,0.009300,92995.344030,149016718.559151,0.000624
2025-11-03,ORCL,0.022797,227970.892028,6156170512.521210,0.000037
2025-11-03,PLD,0.002319,23188.451529,428815329.143600,0.000054
2025-11-03,PODD,0.007120,71201.732228,144565155.613403,0.000493
2025-11-03,PSKY,0.029547,295468.846232,75893390.585275,0.003893
2025-11-03,RCL,0.011646,116462.790903,660920993.277740,0.000176
2025-11-03,REG,0.002319,23188.451529,72558254.635963,0.000320
2025-11-03,RMD,0.007120,71201.732228,292791519.407806,0.000243
2025-11-03,ROL,0.005359,53590.551053,113416379.585342,0.000473
2025-11-03,SOLV,0.007120,71201.732228,62165915.058594,0.001145
2025-11-03,SYF,0.009300,92995.344030,260820339.293289,0.000357
2025-11-03,SYY,0.007282,72820.645256,244230412.731590,0.000298
2025-11-03,TDY,0.022797,227970.892028,173068103.695374,0.001317
2025-11-03,TEL,0.022797,227970.892028,422105704.058914,0.000540
2025-11-03,TJX,0.011646,116462.790903,617445687.798843,0.000189
2025-11-03,TRMB,0.022797,227970.892028,92241983.476448,0.002471
2025-11-03,UAL,0.005359,53590.551053,707906531.007462,0.000076
2025-11-03,UBER,0.005359,53590.551053,1356109893.003998,0.000040
2025-11-03,UHS,0.007120,71201.732228,131678679.793472,0.000541
2025-11-03,ULTA,0.011646,116462.790903,288109824.769135,0.000404
2025-11-03,VICI,0.002319,23188.451529,288930338.101435,0.000080
2025-11-03,VST,0.002911,29112.820576,883946952.258377,0.000033
2025-11-03,WBD,0.029547,295468.846232,651033704.828444,0.000454
2025-11-03,WRB,0.009300,92995.344030,252683510.168037,0.000368
2025-11-03,WSM,0.011646,116462.790903,191242838.198395,0.000609
2025-12-01,A,0.007740,77401.383257,298090249.858398,0.000260
2025-12-01,ABT,0.007740,77401.383257,844269188.496552,0.000092
2025-12-01,ADM,0.007510,75095.792533,216413112.458363,0.000347
2025-12-01,AEP,0.002922,29218.988873,445809203.376198,0.000066
2025-12-01,ALLE,0.005294,52943.425690,122244732.080231,0.000433
2025-12-01,ANET,0.021654,216538.575136,1270258692.982635,0.000170
2025-12-01,APA,0.007099,70990.298161,180496414.706802,0.000393
2025-12-01,APH,0.021654,216538.575136,1133555958.192215,0.000191
2025-12-01,APP,0.031793,317928.548565,2735300113.944092,0.000116
2025-12-01,APTV,0.011178,111778.879583,194928558.388329,0.000573
2025-12-01,AXP,0.009315,93148.374674,900528233.569794,0.000103
2025-12-01,BAC,0.009315,93148.374674,1956310301.542912,0.000048
2025-12-01,BG,0.007510,75095.792533,150192815.862656,0.000500
2025-12-01,BKR,0.007099,70990.298161,327087306.697121,0.000217
2025-12-01,BRK-B,0.009315,93148.374674,2815330948.477783,0.000033
2025-12-01,C,0.009315,93148.374674,1149425050.251122,0.000081
2025-12-01,CASY,0.007510,75095.792533,154502852.281189,0.000486
2025-12-01,CAT,0.005294,52943.425690,1393968123.898315,0.000038
2025-12-01,CB,0.009315,93148.374674,427110628.232727,0.000218
2025-12-01,CBRE,0.002356,23555.426622,215218944.469299,0.000109
2025-12-01,CEG,0.002922,29218.988873,982399556.802368,0.000030
2025-12-01,CF,0.003247,32472.600250,220602376.757927,0.000147
2025-12-01,CINF,0.009315,93148.374674,86399741.677933,0.001078
2025-12-01,CMI,0.005294,52943.425690,481324959.319153,0.000110
2025-12-01,COR,0.007740,77401.383257,595328615.662994,0.000130
2025-12-01,CRH,0.003247,32472.600250,473877787.708244,0.000069
2025-12-01,CVS,0.007740,77401.383257,517218595.717087,0.000150
2025-12-01,DG,0.007510,75095.792533,291978861.865158,0.000257
2025-12-01,DGX,0.007740,77401.383257,215882361.263275,0.000359
2025-12-01,DLTR,0.007510,75095.792533,348037643.669167,0.000216
2025-12-01,DRI,0.011178,111778.879583,253944196.210709,0.000440
2025-12-01,DVN,0.007099,70990.298161,307382459.847336,0.000231
2025-12-01,EBAY,0.011178,111778.879583,377196650.911331,0.000296
2025-12-01,ECHO,0.031793,317928.548565,231626475.076218,0.001373
2025-12-01,EME,0.005294,52943.425690,255908682.407227,0.000207
2025-12-01,EVRG,0.002922,29218.988873,160042241.089821,0.000183
2025-12-01,EW,0.007740,77401.383257,315820852.717400,0.000245
2025-12-01,EXC,0.002922,29218.988873,385449160.956059,0.000076
2025-12-01,F,0.011178,111778.879583,868022119.415755,0.000129
2025-12-01,FERG,0.005294,52943.425690,409882564.365921,0.000129
2025-12-01,FIX,0.005294,52943.425690,497143923.373718,0.000106
2025-12-01,FLEX,0.021654,216538.575136,295046144.489651,0.000734
2025-12-01,FSLR,0.021654,216538.575136,554142978.603897,0.000391
2025-12-01,GD,0.005294,52943.425690,363607710.533600,0.000146
2025-12-01,GE,0.005294,52943.425690,1239412488.540192,0.000043
2025-12-01,GEHC,0.007740,77401.383257,319558811.080627,0.000242
2025-12-01,GL,0.009315,93148.374674,68393214.444733,0.001362
2025-12-01,GOOG,0.031793,317928.548565,8344991162.991638,0.000038
2025-12-01,GOOGL,0.031793,317928.548565,13345612965.125275,0.000024
2025-12-01,HAL,0.007099,70990.298161,258551420.346289,0.000275
2025-12-01,HIG,0.009315,93148.374674,182586292.221870,0.000510
2025-12-01,HII,0.005294,52943.425690,136122319.316101,0.000389
2025-12-01,HPE,0.021654,216538.575136,652522911.658201,0.000332
2025-12-01,HST,0.002356,23555.426622,164003664.576454,0.000144
2025-12-01,HSY,0.007510,75095.792533,321673877.257614,0.000233
2025-12-01,IBKR,0.009315,93148.374674,294474928.869553,0.000316
2025-12-01,IDXX,0.007740,77401.383257,492420798.918762,0.000157
2025-12-01,INTC,0.021654,216538.575136,2867292805.192947,0.000076
2025-12-01,IVZ,0.009315,93148.374674,95076214.264498,0.000980
2025-12-01,JNJ,0.007740,77401.383257,1813340726.837082,0.000043
2025-12-01,JPM,0.009315,93148.374674,2424449623.436279,0.000038
2025-12-01,KLAC,0.021654,216538.575136,1241345383.549118,0.000174
2025-12-01,LDOS,0.005294,52943.425690,162397211.500244,0.000326
2025-12-01,LHX,0.005294,52943.425690,335820873.658600,0.000158
2025-12-01,MCHP,0.021654,216538.575136,495280426.657124,0.000437
2025-12-01,MLM,0.003247,32472.600250,277129540.732117,0.000117
2025-12-01,MMM,0.005294,52943.425690,509827731.449432,0.000104
2025-12-01,MNST,0.007510,75095.792533,442117774.371147,0.000170
2025-12-01,MOS,0.003247,32472.600250,193490606.134357,0.000168
2025-12-01,MPC,0.007099,70990.298161,424300192.158127,0.000167
2025-12-01,MPWR,0.021654,216538.575136,644268300.050049,0.000336
2025-12-01,MS,0.009315,93148.374674,912259642.975082,0.000102
2025-12-01,NCLH,0.011178,111778.879583,361170070.673990,0.000309
2025-12-01,NEM,0.003247,32472.600250,798267855.067787,0.000041
2025-12-01,NOC,0.005294,52943.425690,411854730.079346,0.000129
2025-12-01,NRG,0.002922,29218.988873,347441425.421448,0.000084
2025-12-01,NTRS,0.009315,93148.374674,119418788.232956,0.000780
2025-12-01,O,0.002356,23555.426622,363708709.428978,0.000065
2025-12-01,ORCL,0.021654,216538.575136,5064533309.249954,0.000043
2025-12-01,PLD,0.002356,23555.426622,447337605.367813,0.000053
2025-12-01,PODD,0.007740,77401.383257,260999998.322449,0.000297
2025-12-01,QCOM,0.021654,216538.575136,1731567915.216675,0.000125
2025-12-01,RCL,0.011178,111778.879583,612139247.794952,0.000183
2025-12-01,REG,0.002356,23555.426622,81362373.258514,0.000290
2025-12-01,SMCI,0.021654,216538.575136,1115379401.159658,0.000194
2025-12-01,STT,0.009315,93148.374674,176652870.620117,0.000527
2025-12-01,SYF,0.009315,93148.374674,270679029.894524,0.000344
2025-12-01,TEL,0.021654,216538.575136,483771826.606750,0.000448
2025-12-01,TJX,0.011178,111778.879583,934718605.726547,0.000120
2025-12-01,TRMB,0.021654,216538.575136,104960362.384529,0.002063
2025-12-01,UAL,0.005294,52943.425690,553346698.706436,0.000096
2025-12-01,UBER,0.005294,52943.425690,1899337461.022301,0.000028
2025-12-01,UHS,0.007740,77401.383257,155009830.003357,0.000499
2025-12-01,ULTA,0.011178,111778.879583,276097369.082184,0.000405
2025-12-01,VICI,0.002356,23555.426622,337252679.267893,0.000070
2025-12-01,VST,0.002922,29218.988873,764006423.149567,0.000038
2025-12-01,WBD,0.031793,317928.548565,893960712.066879,0.000356
2025-12-01,WEC,0.002922,29218.988873,232391760.357628,0.000126
2025-12-01,XYL,0.005294,52943.425690,209868444.290466,0.000252
