date,ticker,weight
2023-06-30,ACGL,0.00938434224210506
2023-06-30,ADM,0.012052424938804263
2023-06-30,AFL,0.00938434224210506
2023-06-30,AMAT,0.02035619100532517
2023-06-30,AMP,0.00938434224210506
2023-06-30,ANET,0.02035619100532517
2023-06-30,AVGO,0.02035619100532517
2023-06-30,AXP,0.00938434224210506
2023-06-30,BEN,0.00938434224210506
2023-06-30,BG,0.012052424938804263
2023-06-30,BIIB,0.013094152572157864
2023-06-30,CARR,0.005913430957075373
2023-06-30,CASY,0.012052424938804263
2023-06-30,CAT,0.005913430957075373
2023-06-30,CBRE,0.0049174573172103735
2023-06-30,CF,0.005513234081710717
2023-06-30,CI,0.013094152572157864
2023-06-30,CMI,0.005913430957075373
2023-06-30,CNP,0.004577699265003436
2023-06-30,CRH,0.005513234081710717
2023-06-30,DE,0.005913430957075373
2023-06-30,DECK,0.01648691384560027
2023-06-30,DGX,0.013094152572157864
2023-06-30,DHI,0.01648691384560027
2023-06-30,DVA,0.013094152572157864
2023-06-30,ED,0.004577699265003436
2023-06-30,EIX,0.004577699265003436
2023-06-30,EME,0.005913430957075373
2023-06-30,EXE,0.009559668274657592
2023-06-30,EXPD,0.005913430957075373
2023-06-30,FCX,0.005513234081710717
2023-06-30,FERG,0.005913430957075373
2023-06-30,FIX,0.005913430957075373
2023-06-30,FLEX,0.02035619100532517
2023-06-30,FSLR,0.02035619100532517
2023-06-30,GE,0.005913430957075373
2023-06-30,GILD,0.013094152572157864
2023-06-30,GL,0.00938434224210506
2023-06-30,GOOG,0.02397734536592614
2023-06-30,GOOGL,0.02397734536592614
2023-06-30,GS,0.00938434224210506
2023-06-30,GWW,0.005913430957075373
2023-06-30,HST,0.0049174573172103735
2023-06-30,HSY,0.012052424938804263
2023-06-30,IBKR,0.00938434224210506
2023-06-30,IRM,0.0049174573172103735
2023-06-30,IT,0.02035619100532517
2023-06-30,JBL,0.02035619100532517
2023-06-30,JPM,0.00938434224210506
2023-06-30,KR,0.012052424938804263
2023-06-30,LEN,0.01648691384560027
2023-06-30,LLY,0.013094152572157864
2023-06-30,MCHP,0.02035619100532517
2023-06-30,MCO,0.00938434224210506
2023-06-30,MGM,0.01648691384560027
2023-06-30,MPC,0.009559668274657592
2023-06-30,MRK,0.013094152572157864
2023-06-30,MRNA,0.013094152572157864
2023-06-30,MS,0.00938434224210506
2023-06-30,MU,0.02035619100532517
2023-06-30,NI,0.004577699265003436
2023-06-30,NUE,0.005513234081710717
2023-06-30,NVR,0.01648691384560027
2023-06-30,NXPI,0.02035619100532517
2023-06-30,OMC,0.02397734536592614
2023-06-30,ON,0.02035619100532517
2023-06-30,PCAR,0.005913430957075373
2023-06-30,PCG,0.004577699265003436
2023-06-30,PFG,0.00938434224210506
2023-06-30,PHM,0.01648691384560027
2023-06-30,PNW,0.004577699265003436
2023-06-30,PPL,0.004577699265003436
2023-06-30,PSX,0.009559668274657592
2023-06-30,REG,0.0049174573172103735
2023-06-30,REGN,0.013094152572157864
2023-06-30,RF,0.00938434224210506
2023-06-30,SNA,0.005913430957075373
2023-06-30,SPG,0.0049174573172103735
2023-06-30,STLD,0.005513234081710717
2023-06-30,STT,0.00938434224210506
2023-06-30,SYF,0.00938434224210506
2023-06-30,TKO,0.02397734536592614
2023-06-30,UAL,0.005913430957075373
2023-06-30,UHS,0.013094152572157864
2023-06-30,URI,0.005913430957075373
2023-06-30,VICI,0.0049174573172103735
2023-06-30,VLO,0.009559668274657592
2023-06-30,VRTX,0.013094152572157864
2023-06-30,WSM,0.01648691384560027
2023-06-30,XOM,0.009559668274657592
2023-07-31,ACGL,0.009320408515379953
2023-07-31,ADM,0.009915599158643191
2023-07-31,AFL,0.009320408515379953
2023-07-31,AIG,0.009320408515379953
2023-07-31,AMAT,0.020989094103073647
2023-07-31,AMP,0.009320408515379953
2023-07-31,ANET,0.020989094103073647
2023-07-31,AVGO,0.020989094103073647
2023-07-31,AXP,0.009320408515379953
2023-07-31,BG,0.009915599158643191
2023-07-31,BIIB,0.012491530563145564
2023-07-31,CARR,0.005629355163689912
2023-07-31,CASY,0.009915599158643191
2023-07-31,CI,0.012491530563145564
2023-07-31,CMI,0.005629355163689912
2023-07-31,CNP,0.004427580046339459
2023-07-31,COF,0.009320408515379953
2023-07-31,COP,0.009645498113704768
2023-07-31,CPAY,0.009320408515379953
2023-07-31,CRH,0.005380262060301572
2023-07-31,DAL,0.005629355163689912
2023-07-31,DE,0.005629355163689912
2023-07-31,DECK,0.01459876114888883
2023-07-31,DGX,0.012491530563145564
2023-07-31,DHI,0.01459876114888883
2023-07-31,DRI,0.01459876114888883
2023-07-31,DVA,0.012491530563145564
2023-07-31,ECHO,0.024174017234027227
2023-07-31,ED,0.004427580046339459
2023-07-31,EG,0.009320408515379953
2023-07-31,EIX,0.004427580046339459
2023-07-31,EME,0.005629355163689912
2023-07-31,EXE,0.009645498113704768
2023-07-31,EXPD,0.005629355163689912
2023-07-31,FCX,0.005380262060301572
2023-07-31,FERG,0.005629355163689912
2023-07-31,FIX,0.005629355163689912
2023-07-31,FLEX,0.020989094103073647
2023-07-31,GE,0.005629355163689912
2023-07-31,GILD,0.012491530563145564
2023-07-31,GIS,0.009915599158643191
2023-07-31,GL,0.009320408515379953
2023-07-31,GOOG,0.024174017234027227
2023-07-31,GWW,0.005629355163689912
2023-07-31,HIG,0.009320408515379953
2023-07-31,HPE,0.020989094103073647
2023-07-31,HST,0.00472750986867568
2023-07-31,IBKR,0.009320408515379953
2023-07-31,IRM,0.00472750986867568
2023-07-31,IT,0.020989094103073647
2023-07-31,JBL,0.020989094103073647
2023-07-31,JPM,0.009320408515379953
2023-07-31,KR,0.009915599158643191
2023-07-31,LEN,0.01459876114888883
2023-07-31,LLY,0.012491530563145564
2023-07-31,LYB,0.005380262060301572
2023-07-31,MCHP,0.020989094103073647
2023-07-31,MGM,0.01459876114888883
2023-07-31,MPC,0.009645498113704768
2023-07-31,MRK,0.012491530563145564
2023-07-31,NI,0.004427580046339459
2023-07-31,NRG,0.004427580046339459
2023-07-31,NUE,0.005380262060301572
2023-07-31,NVR,0.01459876114888883
2023-07-31,NXPI,0.020989094103073647
2023-07-31,OMC,0.024174017234027227
2023-07-31,ON,0.020989094103073647
2023-07-31,ORCL,0.020989094103073647
2023-07-31,PCAR,0.005629355163689912
2023-07-31,PCG,0.004427580046339459
2023-07-31,PFG,0.009320408515379953
2023-07-31,PHM,0.01459876114888883
2023-07-31,PNR,0.005629355163689912
2023-07-31,PNW,0.004427580046339459
2023-07-31,PSX,0.009645498113704768
2023-07-31,REG,0.00472750986867568
2023-07-31,REGN,0.012491530563145564
2023-07-31,RL,0.01459876114888883
2023-07-31,SNA,0.005629355163689912
2023-07-31,SPG,0.00472750986867568
2023-07-31,STLD,0.005380262060301572
2023-07-31,STT,0.009320408515379953
2023-07-31,SYF,0.009320408515379953
2023-07-31,TKO,0.024174017234027227
2023-07-31,UAL,0.005629355163689912
2023-07-31,UHS,0.012491530563145564
2023-07-31,URI,0.005629355163689912
2023-07-31,VICI,0.00472750986867568
2023-07-31,VLO,0.009645498113704768
2023-07-31,VRTX,0.012491530563145564
2023-07-31,VTRS,0.012491530563145564
2023-07-31,WMT,0.009915599158643191
2023-07-31,WY,0.00472750986867568
2023-08-31,ACGL,0.00837617309543608
2023-08-31,ADM,0.01091340283705158
2023-08-31,AFL,0.00837617309543608
2023-08-31,AMAT,0.021697496737086076
2023-08-31,AMP,0.00837617309543608
2023-08-31,AVGO,0.021697496737086076
2023-08-31,BEN,0.00837617309543608
2023-08-31,BG,0.01091340283705158
2023-08-31,BIIB,0.011588998348914265
2023-08-31,BKNG,0.013363317255080278
2023-08-31,CARR,0.005402763603503244
2023-08-31,CASY,0.01091340283705158
2023-08-31,CAT,0.005402763603503244
2023-08-31,CBRE,0.004230371815924426
2023-08-31,CME,0.00837617309543608
2023-08-31,CNP,0.0038170549248650603
2023-08-31,COF,0.00837617309543608
2023-08-31,CPAY,0.00837617309543608
2023-08-31,CRH,0.004913752133074412
2023-08-31,DAL,0.005402763603503244
2023-08-31,DECK,0.013363317255080278
2023-08-31,DGX,0.011588998348914265
2023-08-31,DHI,0.013363317255080278
2023-08-31,DLTR,0.01091340283705158
2023-08-31,DVA,0.011588998348914265
2023-08-31,ECHO,0.01794554374885983
2023-08-31,ED,0.0038170549248650603
2023-08-31,EME,0.005402763603503244
2023-08-31,ERIE,0.00837617309543608
2023-08-31,EXC,0.0038170549248650603
2023-08-31,EXE,0.00899689205070191
2023-08-31,EXPD,0.005402763603503244
2023-08-31,FCX,0.004913752133074412
2023-08-31,FDX,0.005402763603503244
2023-08-31,FERG,0.005402763603503244
2023-08-31,FIX,0.005402763603503244
2023-08-31,FLEX,0.021697496737086076
2023-08-31,GE,0.005402763603503244
2023-08-31,GILD,0.011588998348914265
2023-08-31,GL,0.00837617309543608
2023-08-31,HIG,0.00837617309543608
2023-08-31,HPE,0.021697496737086076
2023-08-31,HST,0.004230371815924426
2023-08-31,IBKR,0.00837617309543608
2023-08-31,IDXX,0.011588998348914265
2023-08-31,IRM,0.004230371815924426
2023-08-31,JBL,0.021697496737086076
2023-08-31,JPM,0.00837617309543608
2023-08-31,KLAC,0.021697496737086076
2023-08-31,KR,0.01091340283705158
2023-08-31,LEN,0.013363317255080278
2023-08-31,LLY,0.011588998348914265
2023-08-31,LRCX,0.021697496737086076
2023-08-31,LYB,0.004913752133074412
2023-08-31,MCHP,0.021697496737086076
2023-08-31,META,0.01794554374885983
2023-08-31,MGM,0.013363317255080278
2023-08-31,MPC,0.00899689205070191
2023-08-31,MRK,0.011588998348914265
2023-08-31,MU,0.021697496737086076
2023-08-31,NFLX,0.01794554374885983
2023-08-31,NI,0.0038170549248650603
2023-08-31,NRG,0.0038170549248650603
2023-08-31,NUE,0.004913752133074412
2023-08-31,NVR,0.013363317255080278
2023-08-31,NWS,0.01794554374885983
2023-08-31,NXPI,0.021697496737086076
2023-08-31,ON,0.021697496737086076
2023-08-31,ORCL,0.021697496737086076
2023-08-31,PCAR,0.005402763603503244
2023-08-31,PCG,0.0038170549248650603
2023-08-31,PFG,0.00837617309543608
2023-08-31,PG,0.01091340283705158
2023-08-31,PH,0.005402763603503244
2023-08-31,PHM,0.013363317255080278
2023-08-31,PNR,0.005402763603503244
2023-08-31,PNW,0.0038170549248650603
2023-08-31,PSX,0.00899689205070191
2023-08-31,REG,0.004230371815924426
2023-08-31,REGN,0.011588998348914265
2023-08-31,RL,0.013363317255080278
2023-08-31,SMCI,0.021697496737086076
2023-08-31,SNA,0.005402763603503244
2023-08-31,SPG,0.004230371815924426
2023-08-31,STLD,0.004913752133074412
2023-08-31,STT,0.00837617309543608
2023-08-31,SYF,0.00837617309543608
2023-08-31,TKO,0.01794554374885983
2023-08-31,UAL,0.005402763603503244
2023-08-31,UHS,0.011588998348914265
2023-08-31,URI,0.005402763603503244
2023-08-31,VLO,0.00899689205070191
2023-08-31,VRTX,0.011588998348914265
2023-08-31,VTRS,0.011588998348914265
2023-08-31,WY,0.004230371815924426
2023-08-31,XOM,0.00899689205070191
2023-09-29,ACGL,0.008397688068631622
2023-09-29,ADBE,0.02190470703710767
2023-09-29,ADM,0.010816291034795398
2023-09-29,AFL,0.008397688068631622
2023-09-29,AMAT,0.02190470703710767
2023-09-29,AMP,0.008397688068631622
2023-09-29,AVGO,0.02190470703710767
2023-09-29,BEN,0.008397688068631622
2023-09-29,BG,0.010816291034795398
2023-09-29,BKNG,0.013062864331202139
2023-09-29,BKR,0.009558910197025644
2023-09-29,BX,0.008397688068631622
2023-09-29,CARR,0.005293342565134479
2023-09-29,CASY,0.010816291034795398
2023-09-29,CAT,0.005293342565134479
2023-09-29,CBRE,0.0040482909814701425
2023-09-29,CLX,0.010816291034795398
2023-09-29,CMCSA,0.017999006006736786
2023-09-29,CME,0.008397688068631622
2023-09-29,COO,0.011644217990138846
2023-09-29,CPAY,0.008397688068631622
2023-09-29,CRH,0.004834847234037812
2023-09-29,CSCO,0.02190470703710767
2023-09-29,DAL,0.005293342565134479
2023-09-29,DHI,0.013062864331202139
2023-09-29,ECHO,0.017999006006736786
2023-09-29,ED,0.003733246740481435
2023-09-29,EIX,0.003733246740481435
2023-09-29,EME,0.005293342565134479
2023-09-29,EXC,0.003733246740481435
2023-09-29,EXE,0.009558910197025644
2023-09-29,EXPD,0.005293342565134479
2023-09-29,FCX,0.004834847234037812
2023-09-29,FDX,0.005293342565134479
2023-09-29,FERG,0.005293342565134479
2023-09-29,FIX,0.005293342565134479
2023-09-29,FLEX,0.02190470703710767
2023-09-29,GE,0.005293342565134479
2023-09-29,GILD,0.011644217990138846
2023-09-29,GOOG,0.017999006006736786
2023-09-29,HST,0.0040482909814701425
2023-09-29,IBKR,0.008397688068631622
2023-09-29,IDXX,0.011644217990138846
2023-09-29,INTC,0.02190470703710767
2023-09-29,IRM,0.0040482909814701425
2023-09-29,JBL,0.02190470703710767
2023-09-29,JPM,0.008397688068631622
2023-09-29,KLAC,0.02190470703710767
2023-09-29,KR,0.010816291034795398
2023-09-29,LEN,0.013062864331202139
2023-09-29,LLY,0.011644217990138846
2023-09-29,LRCX,0.02190470703710767
2023-09-29,LYB,0.004834847234037812
2023-09-29,MA,0.008397688068631622
2023-09-29,MCO,0.008397688068631622
2023-09-29,META,0.017999006006736786
2023-09-29,MGM,0.013062864331202139
2023-09-29,MPC,0.009558910197025644
2023-09-29,MRK,0.011644217990138846
2023-09-29,MRNA,0.011644217990138846
2023-09-29,MU,0.02190470703710767
2023-09-29,NI,0.003733246740481435
2023-09-29,NRG,0.003733246740481435
2023-09-29,NUE,0.004834847234037812
2023-09-29,NVR,0.013062864331202139
2023-09-29,NWS,0.017999006006736786
2023-09-29,ODFL,0.005293342565134479
2023-09-29,ON,0.02190470703710767
2023-09-29,ORCL,0.02190470703710767
2023-09-29,PCAR,0.005293342565134479
2023-09-29,PCG,0.003733246740481435
2023-09-29,PFG,0.008397688068631622
2023-09-29,PG,0.010816291034795398
2023-09-29,PH,0.005293342565134479
2023-09-29,PHM,0.013062864331202139
2023-09-29,PNR,0.005293342565134479
2023-09-29,PNW,0.003733246740481435
2023-09-29,PSX,0.009558910197025644
2023-09-29,REG,0.0040482909814701425
2023-09-29,REGN,0.011644217990138846
2023-09-29,RL,0.013062864331202139
2023-09-29,SMCI,0.02190470703710767
2023-09-29,SNA,0.005293342565134479
2023-09-29,SPG,0.0040482909814701425
2023-09-29,STLD,0.004834847234037812
2023-09-29,STT,0.008397688068631622
2023-09-29,SYF,0.008397688068631622
2023-09-29,UHS,0.011644217990138846
2023-09-29,URI,0.005293342565134479
2023-09-29,V,0.008397688068631622
2023-09-29,VLO,0.009558910197025644
2023-09-29,VTRS,0.011644217990138846
2023-09-29,WSM,0.013062864331202139
2023-09-29,WST,0.011644217990138846
2023-09-29,WY,0.0040482909814701425
2023-09-29,ZTS,0.011644217990138846
2023-10-31,ACGL,0.00834744142170573
2023-10-31,ADBE,0.022399723494767026
2023-10-31,AFL,0.00834744142170573
2023-10-31,AMAT,0.022399723494767026
2023-10-31,AMD,0.022399723494767026
2023-10-31,AMP,0.00834744142170573
2023-10-31,AVGO,0.022399723494767026
2023-10-31,AXP,0.00834744142170573
2023-10-31,BEN,0.00834744142170573
2023-10-31,BG,0.010982092741907932
2023-10-31,BIIB,0.011498009210254307
2023-10-31,BKNG,0.012660493032266708
2023-10-31,BRO,0.00834744142170573
2023-10-31,BXP,0.004002159087034924
2023-10-31,CARR,0.005261666293095272
2023-10-31,CASY,0.010982092741907932
2023-10-31,CAT,0.005261666293095272
2023-10-31,CBRE,0.004002159087034924
2023-10-31,CME,0.00834744142170573
2023-10-31,CNP,0.003863683015168733
2023-10-31,COST,0.010982092741907932
2023-10-31,CPAY,0.00834744142170573
2023-10-31,CPRT,0.005261666293095272
2023-10-31,CRH,0.0047974269218567815
2023-10-31,DD,0.005261666293095272
2023-10-31,DECK,0.012660493032266708
2023-10-31,DHI,0.012660493032266708
2023-10-31,DVA,0.011498009210254307
2023-10-31,ED,0.003863683015168733
2023-10-31,EIX,0.003863683015168733
2023-10-31,EME,0.005261666293095272
2023-10-31,EXC,0.003863683015168733
2023-10-31,EXE,0.009147093350916423
2023-10-31,EXPD,0.005261666293095272
2023-10-31,FDX,0.005261666293095272
2023-10-31,FERG,0.005261666293095272
2023-10-31,FLEX,0.022399723494767026
2023-10-31,FOXA,0.018046207966275676
2023-10-31,GE,0.005261666293095272
2023-10-31,GOOG,0.018046207966275676
2023-10-31,GOOGL,0.018046207966275676
2023-10-31,HSIC,0.011498009210254307
2023-10-31,IDXX,0.011498009210254307
2023-10-31,INTC,0.022399723494767026
2023-10-31,INVH,0.004002159087034924
2023-10-31,IRM,0.004002159087034924
2023-10-31,JBL,0.022399723494767026
2023-10-31,JPM,0.00834744142170573
2023-10-31,KLAC,0.022399723494767026
2023-10-31,KMB,0.010982092741907932
2023-10-31,KR,0.010982092741907932
2023-10-31,LEN,0.012660493032266708
2023-10-31,LLY,0.011498009210254307
2023-10-31,LRCX,0.022399723494767026
2023-10-31,LYB,0.0047974269218567815
2023-10-31,MA,0.00834744142170573
2023-10-31,MCHP,0.022399723494767026
2023-10-31,MCO,0.00834744142170573
2023-10-31,META,0.018046207966275676
2023-10-31,MPC,0.009147093350916423
2023-10-31,MRK,0.011498009210254307
2023-10-31,MRNA,0.011498009210254307
2023-10-31,MRSH,0.00834744142170573
2023-10-31,NI,0.003863683015168733
2023-10-31,NUE,0.0047974269218567815
2023-10-31,NVR,0.012660493032266708
2023-10-31,NWS,0.018046207966275676
2023-10-31,NXPI,0.022399723494767026
2023-10-31,ODFL,0.005261666293095272
2023-10-31,ON,0.022399723494767026
2023-10-31,PCAR,0.005261666293095272
2023-10-31,PCG,0.003863683015168733
2023-10-31,PFG,0.00834744142170573
2023-10-31,PG,0.010982092741907932
2023-10-31,PH,0.005261666293095272
2023-10-31,PHM,0.012660493032266708
2023-10-31,PKG,0.0047974269218567815
2023-10-31,PNR,0.005261666293095272
2023-10-31,PNW,0.003863683015168733
2023-10-31,PSX,0.009147093350916423
2023-10-31,REGN,0.011498009210254307
2023-10-31,RL,0.012660493032266708
2023-10-31,SMCI,0.022399723494767026
2023-10-31,SNA,0.005261666293095272
2023-10-31,SPG,0.004002159087034924
2023-10-31,STLD,0.0047974269218567815
2023-10-31,SYF,0.00834744142170573
2023-10-31,TRGP,0.009147093350916423
2023-10-31,TROW,0.00834744142170573
2023-10-31,UHS,0.011498009210254307
2023-10-31,URI,0.005261666293095272
2023-10-31,VLO,0.009147093350916423
2023-10-31,WSM,0.012660493032266708
2023-10-31,WST,0.011498009210254307
2023-10-31,WY,0.004002159087034924
2023-10-31,ZTS,0.011498009210254307
2023-11-30,ACGL,0.008535371980174783
2023-11-30,ADBE,0.02315210322541874
2023-11-30,AFL,0.008535371980174783
2023-11-30,AMAT,0.02315210322541874
2023-11-30,ANET,0.02315210322541874
2023-11-30,AVGO,0.02315210322541874
2023-11-30,BG,0.010332023912023211
2023-11-30,BKNG,0.012996003211919339
2023-11-30,BRO,0.008535371980174783
2023-11-30,BXP,0.004070624423375303
2023-11-30,CARR,0.005221183463334871
2023-11-30,CASY,0.010332023912023211
2023-11-30,CDNS,0.02315210322541874
2023-11-30,CI,0.01114263215045695
2023-11-30,CL,0.010332023912023211
2023-11-30,CME,0.008535371980174783
2023-11-30,COF,0.008535371980174783
2023-11-30,COR,0.01114263215045695
2023-11-30,COST,0.010332023912023211
2023-11-30,CPAY,0.008535371980174783
2023-11-30,CRH,0.004766331345449088
2023-11-30,DECK,0.012996003211919339
2023-11-30,DHI,0.012996003211919339
2023-11-30,DVA,0.01114263215045695
2023-11-30,ED,0.0036955429610009763
2023-11-30,EME,0.005221183463334871
2023-11-30,EXC,0.0036955429610009763
2023-11-30,EXE,0.00822068024720932
2023-11-30,EXPD,0.005221183463334871
2023-11-30,FDX,0.005221183463334871
2023-11-30,FERG,0.005221183463334871
2023-11-30,FIX,0.005221183463334871
2023-11-30,FLEX,0.02315210322541874
2023-11-30,FOXA,0.017783519672768075
2023-11-30,GE,0.005221183463334871
2023-11-30,GOOG,0.017783519672768075
2023-11-30,GOOGL,0.017783519672768075
2023-11-30,GWW,0.005221183463334871
2023-11-30,HST,0.004070624423375303
2023-11-30,INTC,0.02315210322541874
2023-11-30,IRM,0.004070624423375303
2023-11-30,JBL,0.02315210322541874
2023-11-30,JPM,0.008535371980174783
2023-11-30,KLAC,0.02315210322541874
2023-11-30,KR,0.010332023912023211
2023-11-30,L,0.008535371980174783
2023-11-30,LEN,0.012996003211919339
2023-11-30,LLY,0.01114263215045695
2023-11-30,LRCX,0.02315210322541874
2023-11-30,LYB,0.004766331345449088
2023-11-30,MA,0.008535371980174783
2023-11-30,MCO,0.008535371980174783
2023-11-30,META,0.017783519672768075
2023-11-30,MGM,0.012996003211919339
2023-11-30,MPC,0.00822068024720932
2023-11-30,MRK,0.01114263215045695
2023-11-30,MRSH,0.008535371980174783
2023-11-30,MSFT,0.02315210322541874
2023-11-30,NI,0.0036955429610009763
2023-11-30,NRG,0.0036955429610009763
2023-11-30,NUE,0.004766331345449088
2023-11-30,NVR,0.012996003211919339
2023-11-30,NWS,0.017783519672768075
2023-11-30,ODFL,0.005221183463334871
2023-11-30,ORCL,0.02315210322541874
2023-11-30,PCAR,0.005221183463334871
2023-11-30,PCG,0.0036955429610009763
2023-11-30,PFG,0.008535371980174783
2023-11-30,PG,0.010332023912023211
2023-11-30,PH,0.005221183463334871
2023-11-30,PHM,0.012996003211919339
2023-11-30,PKG,0.004766331345449088
2023-11-30,PNR,0.005221183463334871
2023-11-30,PNW,0.0036955429610009763
2023-11-30,PSX,0.00822068024720932
2023-11-30,REG,0.004070624423375303
2023-11-30,REGN,0.01114263215045695
2023-11-30,SMCI,0.02315210322541874
2023-11-30,SNA,0.005221183463334871
2023-11-30,SO,0.0036955429610009763
2023-11-30,SPG,0.004070624423375303
2023-11-30,STLD,0.004766331345449088
2023-11-30,STT,0.008535371980174783
2023-11-30,SYF,0.008535371980174783
2023-11-30,TRGP,0.00822068024720932
2023-11-30,UHS,0.01114263215045695
2023-11-30,UNH,0.01114263215045695
2023-11-30,URI,0.005221183463334871
2023-11-30,V,0.008535371980174783
2023-11-30,VLO,0.00822068024720932
2023-11-30,VRSK,0.005221183463334871
2023-11-30,VRTX,0.01114263215045695
2023-11-30,WSM,0.012996003211919339
2023-11-30,WST,0.01114263215045695
2023-11-30,WY,0.004070624423375303
2023-11-30,ZTS,0.01114263215045695
2023-12-29,ACGL,0.008660838565418496
2023-12-29,ADBE,0.02293779307022213
2023-12-29,AFL,0.008660838565418496
2023-12-29,AMAT,0.02293779307022213
2023-12-29,AMD,0.02293779307022213
2023-12-29,AMP,0.008660838565418496
2023-12-29,ANET,0.02293779307022213
2023-12-29,AVGO,0.02293779307022213
2023-12-29,AXP,0.008660838565418496
2023-12-29,BG,0.010095089557915698
2023-12-29,BKNG,0.013166632589389198
2023-12-29,BRO,0.008660838565418496
2023-12-29,BX,0.008660838565418496
2023-12-29,BXP,0.004225497532976916
2023-12-29,C,0.008660838565418496
2023-12-29,CARR,0.0053362789462647366
2023-12-29,CASY,0.010095089557915698
2023-12-29,CLX,0.010095089557915698
2023-12-29,CME,0.008660838565418496
2023-12-29,CNP,0.0035983824304923018
2023-12-29,COF,0.008660838565418496
2023-12-29,COR,0.011188490038271376
2023-12-29,COST,0.010095089557915698
2023-12-29,CPAY,0.008660838565418496
2023-12-29,CPRT,0.0053362789462647366
2023-12-29,CRH,0.004756485591960371
2023-12-29,CTSH,0.02293779307022213
2023-12-29,DAL,0.0053362789462647366
2023-12-29,DECK,0.013166632589389198
2023-12-29,DHI,0.013166632589389198
2023-12-29,DVA,0.011188490038271376
2023-12-29,ED,0.0035983824304923018
2023-12-29,EME,0.0053362789462647366
2023-12-29,EXE,0.007857613243493433
2023-12-29,EXPD,0.0053362789462647366
2023-12-29,FDX,0.0053362789462647366
2023-12-29,FERG,0.0053362789462647366
2023-12-29,FIX,0.0053362789462647366
2023-12-29,GE,0.0053362789462647366
2023-12-29,GEHC,0.011188490038271376
2023-12-29,GOOG,0.01785255650793882
2023-12-29,GOOGL,0.01785255650793882
2023-12-29,GWW,0.0053362789462647366
2023-12-29,HST,0.004225497532976916
2023-12-29,IDXX,0.011188490038271376
2023-12-29,INTC,0.02293779307022213
2023-12-29,INVH,0.004225497532976916
2023-12-29,IRM,0.004225497532976916
2023-12-29,JBL,0.02293779307022213
2023-12-29,JPM,0.008660838565418496
2023-12-29,KR,0.010095089557915698
2023-12-29,LEN,0.013166632589389198
2023-12-29,LLY,0.011188490038271376
2023-12-29,LRCX,0.02293779307022213
2023-12-29,LYB,0.004756485591960371
2023-12-29,MCO,0.008660838565418496
2023-12-29,MDLZ,0.010095089557915698
2023-12-29,META,0.01785255650793882
2023-12-29,MGM,0.013166632589389198
2023-12-29,MPC,0.007857613243493433
2023-12-29,MSFT,0.02293779307022213
2023-12-29,NFLX,0.01785255650793882
2023-12-29,NI,0.0035983824304923018
2023-12-29,NRG,0.0035983824304923018
2023-12-29,NTAP,0.02293779307022213
2023-12-29,NUE,0.004756485591960371
2023-12-29,NVR,0.013166632589389198
2023-12-29,NWS,0.01785255650793882
2023-12-29,NXPI,0.02293779307022213
2023-12-29,PCAR,0.0053362789462647366
2023-12-29,PCG,0.0035983824304923018
2023-12-29,PH,0.0053362789462647366
2023-12-29,PHM,0.013166632589389198
2023-12-29,PKG,0.004756485591960371
2023-12-29,PNR,0.0053362789462647366
2023-12-29,PNW,0.0035983824304923018
2023-12-29,PSX,0.007857613243493433
2023-12-29,REGN,0.011188490038271376
2023-12-29,SMCI,0.02293779307022213
2023-12-29,SNA,0.0053362789462647366
2023-12-29,SO,0.0035983824304923018
2023-12-29,SPG,0.004225497532976916
2023-12-29,STLD,0.004756485591960371
2023-12-29,SYF,0.008660838565418496
2023-12-29,TRGP,0.007857613243493433
2023-12-29,UHS,0.011188490038271376
2023-12-29,UNH,0.011188490038271376
2023-12-29,URI,0.0053362789462647366
2023-12-29,V,0.008660838565418496
2023-12-29,VLO,0.007857613243493433
2023-12-29,VRTX,0.011188490038271376
2023-12-29,WFC,0.008660838565418496
2023-12-29,WSM,0.013166632589389198
2023-12-29,WST,0.011188490038271376
2023-12-29,WY,0.004225497532976916
2023-12-29,ZTS,0.011188490038271376
2024-01-31,ACGL,0.008741636605979309
2024-01-31,ADBE,0.023512023327732598
2024-01-31,AFL,0.008741636605979309
2024-01-31,AMAT,0.023512023327732598
2024-01-31,AMGN,0.011323657857233327
2024-01-31,ANET,0.023512023327732598
2024-01-31,ATO,0.0034371151614303245
2024-01-31,AVGO,0.023512023327732598
2024-01-31,BG,0.010142181744899635
2024-01-31,BRO,0.008741636605979309
2024-01-31,BX,0.008741636605979309
2024-01-31,BXP,0.003975161088200791
2024-01-31,CARR,0.00524094421107995
2024-01-31,CASY,0.010142181744899635
2024-01-31,CCL,0.012295385267433824
2024-01-31,CF,0.004549312615648807
2024-01-31,CL,0.010142181744899635
2024-01-31,CME,0.008741636605979309
2024-01-31,COF,0.008741636605979309
2024-01-31,COR,0.011323657857233327
2024-01-31,COST,0.010142181744899635
2024-01-31,CPAY,0.008741636605979309
2024-01-31,CPRT,0.00524094421107995
2024-01-31,CRH,0.004549312615648807
2024-01-31,DECK,0.012295385267433824
2024-01-31,DHI,0.012295385267433824
2024-01-31,DVA,0.011323657857233327
2024-01-31,ED,0.0034371151614303245
2024-01-31,EME,0.00524094421107995
2024-01-31,ERIE,0.008741636605979309
2024-01-31,ESS,0.003975161088200791
2024-01-31,EXE,0.0076625160116077
2024-01-31,EXPD,0.00524094421107995
2024-01-31,FDX,0.00524094421107995
2024-01-31,FERG,0.00524094421107995
2024-01-31,FIX,0.00524094421107995
2024-01-31,FLEX,0.023512023327732598
2024-01-31,FOXA,0.018371731929930517
2024-01-31,GE,0.00524094421107995
2024-01-31,GEHC,0.011323657857233327
2024-01-31,GOOG,0.018371731929930517
2024-01-31,GOOGL,0.018371731929930517
2024-01-31,GS,0.008741636605979309
2024-01-31,GWW,0.00524094421107995
2024-01-31,HIG,0.008741636605979309
2024-01-31,HST,0.003975161088200791
2024-01-31,HUBB,0.00524094421107995
2024-01-31,INTC,0.023512023327732598
2024-01-31,IRM,0.003975161088200791
2024-01-31,JBL,0.023512023327732598
2024-01-31,JPM,0.008741636605979309
2024-01-31,KLAC,0.023512023327732598
2024-01-31,KR,0.010142181744899635
2024-01-31,LEN,0.012295385267433824
2024-01-31,LLY,0.011323657857233327
2024-01-31,LRCX,0.023512023327732598
2024-01-31,LYB,0.004549312615648807
2024-01-31,MCO,0.008741636605979309
2024-01-31,MET,0.008741636605979309
2024-01-31,META,0.018371731929930517
2024-01-31,MPC,0.0076625160116077
2024-01-31,MRK,0.011323657857233327
2024-01-31,MSFT,0.023512023327732598
2024-01-31,NI,0.0034371151614303245
2024-01-31,NRG,0.0034371151614303245
2024-01-31,NTAP,0.023512023327732598
2024-01-31,NUE,0.004549312615648807
2024-01-31,NVR,0.012295385267433824
2024-01-31,NWS,0.018371731929930517
2024-01-31,NXPI,0.023512023327732598
2024-01-31,OXY,0.0076625160116077
2024-01-31,PCAR,0.00524094421107995
2024-01-31,PCG,0.0034371151614303245
2024-01-31,PG,0.010142181744899635
2024-01-31,PH,0.00524094421107995
2024-01-31,PHM,0.012295385267433824
2024-01-31,PNW,0.0034371151614303245
2024-01-31,PSX,0.0076625160116077
2024-01-31,REGN,0.011323657857233327
2024-01-31,RL,0.012295385267433824
2024-01-31,SMCI,0.023512023327732598
2024-01-31,SNA,0.00524094421107995
2024-01-31,SO,0.0034371151614303245
2024-01-31,SPG,0.003975161088200791
2024-01-31,STLD,0.004549312615648807
2024-01-31,SYF,0.008741636605979309
2024-01-31,TT,0.00524094421107995
2024-01-31,UHS,0.011323657857233327
2024-01-31,URI,0.00524094421107995
2024-01-31,VLO,0.0076625160116077
2024-01-31,VRTX,0.011323657857233327
2024-01-31,WFC,0.008741636605979309
2024-01-31,WSM,0.012295385267433824
2024-01-31,WST,0.011323657857233327
2024-01-31,WY,0.003975161088200791
2024-01-31,ZTS,0.011323657857233327
2024-02-29,ABNB,0.012354501100505453
2024-02-29,ACGL,0.00870034283295532
2024-02-29,ADBE,0.023802926807988085
2024-02-29,AFL,0.00870034283295532
2024-02-29,AIZ,0.00870034283295532
2024-02-29,AKAM,0.023802926807988085
2024-02-29,AMAT,0.023802926807988085
2024-02-29,AMGN,0.011069587995159535
2024-02-29,ANET,0.023802926807988085
2024-02-29,APO,0.00870034283295532
2024-02-29,APP,0.01842721534062089
2024-02-29,ARES,0.00870034283295532
2024-02-29,AVGO,0.023802926807988085
2024-02-29,BRK-B,0.00870034283295532
2024-02-29,CASY,0.009930373150077693
2024-02-29,CAT,0.00538953879934829
2024-02-29,CBOE,0.00870034283295532
2024-02-29,CF,0.004609803833277626
2024-02-29,CHD,0.009930373150077693
2024-02-29,CI,0.011069587995159535
2024-02-29,CL,0.009930373150077693
2024-02-29,CMCSA,0.01842721534062089
2024-02-29,CME,0.00870034283295532
2024-02-29,CNC,0.011069587995159535
2024-02-29,COR,0.011069587995159535
2024-02-29,COST,0.009930373150077693
2024-02-29,CPAY,0.00870034283295532
2024-02-29,CRH,0.004609803833277626
2024-02-29,CVNA,0.012354501100505453
2024-02-29,DAL,0.00538953879934829
2024-02-29,DHI,0.012354501100505453
2024-02-29,DUK,0.003301347601310487
2024-02-29,DVA,0.011069587995159535
2024-02-29,ED,0.003301347601310487
2024-02-29,EME,0.00538953879934829
2024-02-29,ERIE,0.00870034283295532
2024-02-29,ETN,0.00538953879934829
2024-02-29,ETR,0.003301347601310487
2024-02-29,EXE,0.0074921279731044385
2024-02-29,FERG,0.00538953879934829
2024-02-29,FLEX,0.023802926807988085
2024-02-29,GE,0.00538953879934829
2024-02-29,GOOG,0.01842721534062089
2024-02-29,GOOGL,0.01842721534062089
2024-02-29,GWW,0.00538953879934829
2024-02-29,HII,0.00538953879934829
2024-02-29,HST,0.003879140402691298
2024-02-29,IBM,0.023802926807988085
2024-02-29,INTC,0.023802926807988085
2024-02-29,IR,0.00538953879934829
2024-02-29,IRM,0.003879140402691298
2024-02-29,JBL,0.023802926807988085
2024-02-29,JPM,0.00870034283295532
2024-02-29,KIM,0.003879140402691298
2024-02-29,KKR,0.00870034283295532
2024-02-29,KLAC,0.023802926807988085
2024-02-29,KR,0.009930373150077693
2024-02-29,LEN,0.012354501100505453
2024-02-29,LII,0.00538953879934829
2024-02-29,LLY,0.011069587995159535
2024-02-29,LRCX,0.023802926807988085
2024-02-29,MA,0.00870034283295532
2024-02-29,MCO,0.00870034283295532
2024-02-29,MDLZ,0.009930373150077693
2024-02-29,MPC,0.0074921279731044385
2024-02-29,MSFT,0.023802926807988085
2024-02-29,NFLX,0.01842721534062089
2024-02-29,NUE,0.004609803833277626
2024-02-29,NVR,0.012354501100505453
2024-02-29,PCAR,0.00538953879934829
2024-02-29,PCG,0.003301347601310487
2024-02-29,PEG,0.003301347601310487
2024-02-29,PH,0.00538953879934829
2024-02-29,PHM,0.012354501100505453
2024-02-29,PNR,0.00538953879934829
2024-02-29,PSX,0.0074921279731044385
2024-02-29,RCL,0.012354501100505453
2024-02-29,REGN,0.011069587995159535
2024-02-29,SHW,0.004609803833277626
2024-02-29,SMCI,0.023802926807988085
2024-02-29,SO,0.003301347601310487
2024-02-29,SPG,0.003879140402691298
2024-02-29,STLD,0.004609803833277626
2024-02-29,SYF,0.00870034283295532
2024-02-29,SYK,0.011069587995159535
2024-02-29,TRGP,0.0074921279731044385
2024-02-29,TT,0.00538953879934829
2024-02-29,UHS,0.011069587995159535
2024-02-29,UNH,0.011069587995159535
2024-02-29,URI,0.00538953879934829
2024-02-29,VICI,0.003879140402691298
2024-02-29,VLO,0.0074921279731044385
2024-02-29,VRTX,0.011069587995159535
2024-02-29,VST,0.003301347601310487
2024-02-29,WSM,0.012354501100505453
2024-02-29,WY,0.003879140402691298
2024-03-28,ABNB,0.011896102739694596
2024-03-28,ACGL,0.008851634824332287
2024-03-28,AIG,0.008851634824332287
2024-03-28,AIZ,0.008851634824332287
2024-03-28,AMAT,0.023555790486739787
2024-03-28,AMP,0.008851634824332287
2024-03-28,ANET,0.023555790486739787
2024-03-28,APO,0.008851634824332287
2024-03-28,APP,0.01866549211700718
2024-03-28,ARES,0.008851634824332287
2024-03-28,AVGO,0.023555790486739787
2024-03-28,BG,0.009904352963769304
2024-03-28,BRK-B,0.008851634824332287
2024-03-28,CASY,0.009904352963769304
2024-03-28,CAT,0.005474181529298568
2024-03-28,CBRE,0.003808575450121292
2024-03-28,CEG,0.00341439696587545
2024-03-28,CF,0.0047190406111235015
2024-03-28,CHD,0.009904352963769304
2024-03-28,CI,0.010966191041813901
2024-03-28,CL,0.009904352963769304
2024-03-28,CNC,0.010966191041813901
2024-03-28,COHR,0.023555790486739787
2024-03-28,COR,0.010966191041813901
2024-03-28,COST,0.009904352963769304
2024-03-28,CPAY,0.008851634824332287
2024-03-28,CRH,0.0047190406111235015
2024-03-28,CRL,0.010966191041813901
2024-03-28,CSX,0.005474181529298568
2024-03-28,CVNA,0.011896102739694596
2024-03-28,DAL,0.005474181529298568
2024-03-28,DHI,0.011896102739694596
2024-03-28,DTE,0.00341439696587545
2024-03-28,DVA,0.010966191041813901
2024-03-28,EBAY,0.011896102739694596
2024-03-28,ED,0.00341439696587545
2024-03-28,EME,0.005474181529298568
2024-03-28,ERIE,0.008851634824332287
2024-03-28,ETN,0.005474181529298568
2024-03-28,ETR,0.00341439696587545
2024-03-28,EXE,0.007997908421057054
2024-03-28,FERG,0.005474181529298568
2024-03-28,FITB,0.008851634824332287
2024-03-28,FIX,0.005474181529298568
2024-03-28,FLEX,0.023555790486739787
2024-03-28,GE,0.005474181529298568
2024-03-28,GEN,0.023555790486739787
2024-03-28,GOOG,0.01866549211700718
2024-03-28,GWW,0.005474181529298568
2024-03-28,HIG,0.008851634824332287
2024-03-28,HII,0.005474181529298568
2024-03-28,HST,0.003808575450121292
2024-03-28,HUBB,0.005474181529298568
2024-03-28,IBM,0.023555790486739787
2024-03-28,IQV,0.010966191041813901
2024-03-28,IRM,0.003808575450121292
2024-03-28,JBL,0.023555790486739787
2024-03-28,JPM,0.008851634824332287
2024-03-28,KIM,0.003808575450121292
2024-03-28,KKR,0.008851634824332287
2024-03-28,KLAC,0.023555790486739787
2024-03-28,KR,0.009904352963769304
2024-03-28,LEN,0.011896102739694596
2024-03-28,LII,0.005474181529298568
2024-03-28,LLY,0.010966191041813901
2024-03-28,LRCX,0.023555790486739787
2024-03-28,META,0.01866549211700718
2024-03-28,MPC,0.007997908421057054
2024-03-28,NFLX,0.01866549211700718
2024-03-28,NTAP,0.023555790486739787
2024-03-28,NUE,0.0047190406111235015
2024-03-28,NWS,0.01866549211700718
2024-03-28,PCAR,0.005474181529298568
2024-03-28,PCG,0.00341439696587545
2024-03-28,PEG,0.00341439696587545
2024-03-28,PHM,0.011896102739694596
2024-03-28,PNR,0.005474181529298568
2024-03-28,PSX,0.007997908421057054
2024-03-28,RCL,0.011896102739694596
2024-03-28,REGN,0.010966191041813901
2024-03-28,SHW,0.0047190406111235015
2024-03-28,SMCI,0.023555790486739787
2024-03-28,SPG,0.003808575450121292
2024-03-28,STLD,0.0047190406111235015
2024-03-28,SYF,0.008851634824332287
2024-03-28,TRGP,0.007997908421057054
2024-03-28,UHS,0.010966191041813901
2024-03-28,URI,0.005474181529298568
2024-03-28,VICI,0.003808575450121292
2024-03-28,VLO,0.007997908421057054
2024-03-28,VRTX,0.010966191041813901
2024-03-28,VST,0.00341439696587545
2024-03-28,VTRS,0.010966191041813901
2024-03-28,WDC,0.023555790486739787
2024-03-28,WFC,0.008851634824332287
2024-03-28,WSM,0.011896102739694596
2024-04-30,ABNB,0.011963673839308409
2024-04-30,AIG,0.00881480787103172
2024-04-30,AIZ,0.00881480787103172
2024-04-30,AMAT,0.023170703837404726
2024-04-30,AMP,0.00881480787103172
2024-04-30,APO,0.00881480787103172
2024-04-30,APP,0.019110485900477123
2024-04-30,ARES,0.00881480787103172
2024-04-30,AVGO,0.023170703837404726
2024-04-30,BG,0.010217391836582004
2024-04-30,BRK-B,0.00881480787103172
2024-04-30,BXP,0.0036459174190310905
2024-04-30,CASY,0.010217391836582004
2024-04-30,CAT,0.0055243825125647975
2024-04-30,CBRE,0.0036459174190310905
2024-04-30,CEG,0.0036176157965376056
2024-04-30,CF,0.004676790940657425
2024-04-30,CI,0.010834060976091143
2024-04-30,COR,0.010834060976091143
2024-04-30,COST,0.010217391836582004
2024-04-30,CRH,0.004676790940657425
2024-04-30,CRL,0.010834060976091143
2024-04-30,CVNA,0.011963673839308409
2024-04-30,DAL,0.0055243825125647975
2024-04-30,DHI,0.011963673839308409
2024-04-30,DTE,0.0036176157965376056
2024-04-30,DUK,0.0036176157965376056
2024-04-30,DVA,0.010834060976091143
2024-04-30,ED,0.0036176157965376056
2024-04-30,ELV,0.010834060976091143
2024-04-30,EME,0.0055243825125647975
2024-04-30,ERIE,0.00881480787103172
2024-04-30,ETR,0.0036176157965376056
2024-04-30,FERG,0.0055243825125647975
2024-04-30,FITB,0.00881480787103172
2024-04-30,FIX,0.0055243825125647975
2024-04-30,FLEX,0.023170703837404726
2024-04-30,GE,0.0055243825125647975
2024-04-30,GEN,0.023170703837404726
2024-04-30,GOOG,0.019110485900477123
2024-04-30,GWW,0.0055243825125647975
2024-04-30,HAL,0.008273876518641272
2024-04-30,HIG,0.00881480787103172
2024-04-30,HII,0.0055243825125647975
2024-04-30,HST,0.0036459174190310905
2024-04-30,IBM,0.023170703837404726
2024-04-30,IQV,0.010834060976091143
2024-04-30,IRM,0.0036459174190310905
2024-04-30,JBL,0.023170703837404726
2024-04-30,JPM,0.00881480787103172
2024-04-30,KEY,0.00881480787103172
2024-04-30,KKR,0.00881480787103172
2024-04-30,KLAC,0.023170703837404726
2024-04-30,KR,0.010217391836582004
2024-04-30,LII,0.0055243825125647975
2024-04-30,LLY,0.010834060976091143
2024-04-30,LRCX,0.023170703837404726
2024-04-30,META,0.019110485900477123
2024-04-30,MPC,0.008273876518641272
2024-04-30,NFLX,0.019110485900477123
2024-04-30,NTAP,0.023170703837404726
2024-04-30,NUE,0.004676790940657425
2024-04-30,NVDA,0.023170703837404726
2024-04-30,NVR,0.011963673839308409
2024-04-30,NWS,0.019110485900477123
2024-04-30,PCAR,0.0055243825125647975
2024-04-30,PEG,0.0036176157965376056
2024-04-30,PH,0.0055243825125647975
2024-04-30,PHM,0.011963673839308409
2024-04-30,PKG,0.004676790940657425
2024-04-30,PNR,0.0055243825125647975
2024-04-30,PSX,0.008273876518641272
2024-04-30,QCOM,0.023170703837404726
2024-04-30,RCL,0.011963673839308409
2024-04-30,REGN,0.010834060976091143
2024-04-30,RJF,0.00881480787103172
2024-04-30,RL,0.011963673839308409
2024-04-30,SMCI,0.023170703837404726
2024-04-30,SPG,0.0036459174190310905
2024-04-30,STLD,0.004676790940657425
2024-04-30,SYF,0.00881480787103172
2024-04-30,TGT,0.010217391836582004
2024-04-30,TRGP,0.008273876518641272
2024-04-30,TXT,0.0055243825125647975
2024-04-30,UHS,0.010834060976091143
2024-04-30,URI,0.0055243825125647975
2024-04-30,VLO,0.008273876518641272
2024-04-30,VRTX,0.010834060976091143
2024-04-30,VST,0.0036176157965376056
2024-04-30,VTRS,0.010834060976091143
2024-04-30,WAB,0.0055243825125647975
2024-04-30,WDC,0.023170703837404726
2024-04-30,WFC,0.00881480787103172
2024-04-30,WMT,0.010217391836582004
2024-04-30,WSM,0.011963673839308409
2024-04-30,WY,0.0036459174190310905
2024-05-31,A,0.010541445342280652
2024-05-31,ABNB,0.011440276482076317
2024-05-31,ACGL,0.008664040082602855
2024-05-31,AIG,0.008664040082602855
2024-05-31,AIZ,0.008664040082602855
2024-05-31,AMAT,0.024224163200470435
2024-05-31,AMGN,0.010541445342280652
2024-05-31,ANET,0.024224163200470435
2024-05-31,AOS,0.005325893464821918
2024-05-31,APO,0.008664040082602855
2024-05-31,APP,0.01941489201749919
2024-05-31,AVGO,0.024224163200470435
2024-05-31,AXP,0.008664040082602855
2024-05-31,BG,0.00868250507896971
2024-05-31,BRK-B,0.008664040082602855
2024-05-31,BXP,0.0036379107291179434
2024-05-31,CAT,0.005325893464821918
2024-05-31,CBRE,0.0036379107291179434
2024-05-31,CEG,0.0037371477387144847
2024-05-31,CF,0.004589136439558185
2024-05-31,CI,0.010541445342280652
2024-05-31,CL,0.00868250507896971
2024-05-31,CNC,0.010541445342280652
2024-05-31,COR,0.010541445342280652
2024-05-31,COST,0.00868250507896971
2024-05-31,CRH,0.004589136439558185
2024-05-31,CVNA,0.011440276482076317
2024-05-31,DAL,0.005325893464821918
2024-05-31,DHI,0.011440276482076317
2024-05-31,DUK,0.0037371477387144847
2024-05-31,DVA,0.010541445342280652
2024-05-31,EBAY,0.011440276482076317
2024-05-31,ED,0.0037371477387144847
2024-05-31,EME,0.005325893464821918
2024-05-31,ERIE,0.008664040082602855
2024-05-31,ETR,0.0037371477387144847
2024-05-31,FERG,0.005325893464821918
2024-05-31,FITB,0.008664040082602855
2024-05-31,FIX,0.005325893464821918
2024-05-31,FLEX,0.024224163200470435
2024-05-31,GDDY,0.024224163200470435
2024-05-31,GE,0.005325893464821918
2024-05-31,GM,0.011440276482076317
2024-05-31,GOOG,0.01941489201749919
2024-05-31,HAL,0.007794717635406239
2024-05-31,HIG,0.008664040082602855
2024-05-31,HST,0.0036379107291179434
2024-05-31,IBM,0.024224163200470435
2024-05-31,IRM,0.0036379107291179434
2024-05-31,JPM,0.008664040082602855
2024-05-31,KEY,0.008664040082602855
2024-05-31,KKR,0.008664040082602855
2024-05-31,KLAC,0.024224163200470435
2024-05-31,KR,0.00868250507896971
2024-05-31,LII,0.005325893464821918
2024-05-31,LLY,0.010541445342280652
2024-05-31,LRCX,0.024224163200470435
2024-05-31,META,0.01941489201749919
2024-05-31,MPC,0.007794717635406239
2024-05-31,NFLX,0.01941489201749919
2024-05-31,NTAP,0.024224163200470435
2024-05-31,NUE,0.004589136439558185
2024-05-31,NVDA,0.024224163200470435
2024-05-31,NWS,0.01941489201749919
2024-05-31,NXPI,0.024224163200470435
2024-05-31,PCAR,0.005325893464821918
2024-05-31,PEG,0.0037371477387144847
2024-05-31,PG,0.00868250507896971
2024-05-31,PGR,0.008664040082602855
2024-05-31,PH,0.005325893464821918
2024-05-31,PHM,0.011440276482076317
2024-05-31,PKG,0.004589136439558185
2024-05-31,PNR,0.005325893464821918
2024-05-31,PSX,0.007794717635406239
2024-05-31,QCOM,0.024224163200470435
2024-05-31,REGN,0.010541445342280652
2024-05-31,RL,0.011440276482076317
2024-05-31,SPG,0.0036379107291179434
2024-05-31,SRE,0.0037371477387144847
2024-05-31,STLD,0.004589136439558185
2024-05-31,SYF,0.008664040082602855
2024-05-31,TGT,0.00868250507896971
2024-05-31,TRGP,0.007794717635406239
2024-05-31,TSN,0.00868250507896971
2024-05-31,TT,0.005325893464821918
2024-05-31,TXT,0.005325893464821918
2024-05-31,UHS,0.010541445342280652
2024-05-31,URI,0.005325893464821918
2024-05-31,VLO,0.007794717635406239
2024-05-31,VST,0.0037371477387144847
2024-05-31,VTRS,0.010541445342280652
2024-05-31,WAB,0.005325893464821918
2024-05-31,WAT,0.010541445342280652
2024-05-31,WDC,0.024224163200470435
2024-05-31,WFC,0.008664040082602855
2024-05-31,WSM,0.011440276482076317
2024-05-31,WY,0.0036379107291179434
2024-06-28,ABBV,0.010359395921600964
2024-06-28,ABNB,0.011727151505963608
2024-06-28,ACGL,0.008267812232589997
2024-06-28,AFL,0.008267812232589997
2024-06-28,AMAT,0.02556086451660109
2024-06-28,AMGN,0.010359395921600964
2024-06-28,ANET,0.02556086451660109
2024-06-28,APO,0.008267812232589997
2024-06-28,APP,0.019571372537694105
2024-06-28,AVGO,0.02556086451660109
2024-06-28,AVY,0.0042706075502831585
2024-06-28,BAC,0.008267812232589997
2024-06-28,BG,0.008362910528275515
2024-06-28,BRK-B,0.008267812232589997
2024-06-28,BXP,0.003561773795384488
2024-06-28,CAT,0.005065170806373923
2024-06-28,CB,0.008267812232589997
2024-06-28,CBRE,0.003561773795384488
2024-06-28,CEG,0.003392762742583562
2024-06-28,CF,0.0042706075502831585
2024-06-28,CI,0.010359395921600964
2024-06-28,CL,0.008362910528275515
2024-06-28,CNC,0.010359395921600964
2024-06-28,COR,0.010359395921600964
2024-06-28,COST,0.008362910528275515
2024-06-28,CRH,0.0042706075502831585
2024-06-28,CVNA,0.011727151505963608
2024-06-28,DAL,0.005065170806373923
2024-06-28,DUK,0.003392762742583562
2024-06-28,DVA,0.010359395921600964
2024-06-28,EBAY,0.011727151505963608
2024-06-28,ED,0.003392762742583562
2024-06-28,ELV,0.010359395921600964
2024-06-28,EME,0.005065170806373923
2024-06-28,ERIE,0.008267812232589997
2024-06-28,ETR,0.003392762742583562
2024-06-28,EXE,0.007414638481240151
2024-06-28,FERG,0.005065170806373923
2024-06-28,FITB,0.008267812232589997
2024-06-28,FIX,0.005065170806373923
2024-06-28,FLEX,0.02556086451660109
2024-06-28,GD,0.005065170806373923
2024-06-28,GDDY,0.02556086451660109
2024-06-28,GE,0.005065170806373923
2024-06-28,GOOG,0.019571372537694105
2024-06-28,GOOGL,0.019571372537694105
2024-06-28,GRMN,0.011727151505963608
2024-06-28,HIG,0.008267812232589997
2024-06-28,HST,0.003561773795384488
2024-06-28,IBM,0.02556086451660109
2024-06-28,IRM,0.003561773795384488
2024-06-28,JPM,0.008267812232589997
2024-06-28,KDP,0.008362910528275515
2024-06-28,KEY,0.008267812232589997
2024-06-28,KKR,0.008267812232589997
2024-06-28,KLAC,0.02556086451660109
2024-06-28,KR,0.008362910528275515
2024-06-28,LII,0.005065170806373923
2024-06-28,LLY,0.010359395921600964
2024-06-28,LRCX,0.02556086451660109
2024-06-28,MPC,0.007414638481240151
2024-06-28,NTAP,0.02556086451660109
2024-06-28,NVDA,0.02556086451660109
2024-06-28,NWS,0.019571372537694105
2024-06-28,PCAR,0.005065170806373923
2024-06-28,PEG,0.003392762742583562
2024-06-28,PG,0.008362910528275515
2024-06-28,PGR,0.008267812232589997
2024-06-28,PHM,0.011727151505963608
2024-06-28,PKG,0.0042706075502831585
2024-06-28,PNR,0.005065170806373923
2024-06-28,PSX,0.007414638481240151
2024-06-28,QCOM,0.02556086451660109
2024-06-28,REGN,0.010359395921600964
2024-06-28,RL,0.011727151505963608
2024-06-28,SMCI,0.02556086451660109
2024-06-28,SPG,0.003561773795384488
2024-06-28,SRE,0.003392762742583562
2024-06-28,STLD,0.0042706075502831585
2024-06-28,SYF,0.008267812232589997
2024-06-28,T,0.019571372537694105
2024-06-28,TGT,0.008362910528275515
2024-06-28,TPR,0.011727151505963608
2024-06-28,TRGP,0.007414638481240151
2024-06-28,TT,0.005065170806373923
2024-06-28,TXT,0.005065170806373923
2024-06-28,UAL,0.005065170806373923
2024-06-28,UHS,0.010359395921600964
2024-06-28,URI,0.005065170806373923
2024-06-28,VICI,0.003561773795384488
2024-06-28,VLO,0.007414638481240151
2024-06-28,VRTX,0.010359395921600964
2024-06-28,VST,0.003392762742583562
2024-06-28,WAB,0.005065170806373923
2024-06-28,WDC,0.02556086451660109
2024-06-28,WFC,0.008267812232589997
2024-06-28,WSM,0.011727151505963608
2024-07-31,ACGL,0.008685435150267602
2024-07-31,AFL,0.008685435150267602
2024-07-31,AMAT,0.024755948672798865
2024-07-31,AMGN,0.010460974632066501
2024-07-31,ANET,0.024755948672798865
2024-07-31,AOS,0.005264255950567091
2024-07-31,APO,0.008685435150267602
2024-07-31,APP,0.018561469022982814
2024-07-31,AVGO,0.024755948672798865
2024-07-31,AXP,0.008685435150267602
2024-07-31,BAC,0.008685435150267602
2024-07-31,BG,0.00836442797322094
2024-07-31,BNY,0.008685435150267602
2024-07-31,BRK-B,0.008685435150267602
2024-07-31,C,0.008685435150267602
2024-07-31,CAT,0.005264255950567091
2024-07-31,CBRE,0.0037615679321878963
2024-07-31,CEG,0.0035830237827934918
2024-07-31,CF,0.004542161366587958
2024-07-31,CI,0.010460974632066501
2024-07-31,CL,0.00836442797322094
2024-07-31,COHR,0.024755948672798865
2024-07-31,COR,0.010460974632066501
2024-07-31,COST,0.00836442797322094
2024-07-31,CPT,0.0037615679321878963
2024-07-31,CRH,0.004542161366587958
2024-07-31,CVNA,0.01184016325824298
2024-07-31,DAL,0.005264255950567091
2024-07-31,DGX,0.010460974632066501
2024-07-31,DUK,0.0035830237827934918
2024-07-31,DVA,0.010460974632066501
2024-07-31,EBAY,0.01184016325824298
2024-07-31,ED,0.0035830237827934918
2024-07-31,ELV,0.010460974632066501
2024-07-31,EME,0.005264255950567091
2024-07-31,ERIE,0.008685435150267602
2024-07-31,ETN,0.005264255950567091
2024-07-31,ETR,0.0035830237827934918
2024-07-31,EW,0.010460974632066501
2024-07-31,EXE,0.007483110377867357
2024-07-31,FIX,0.005264255950567091
2024-07-31,FLEX,0.024755948672798865
2024-07-31,GD,0.005264255950567091
2024-07-31,GDDY,0.024755948672798865
2024-07-31,GE,0.005264255950567091
2024-07-31,GM,0.01184016325824298
2024-07-31,GOOG,0.018561469022982814
2024-07-31,GOOGL,0.018561469022982814
2024-07-31,GWW,0.005264255950567091
2024-07-31,HIG,0.008685435150267602
2024-07-31,HON,0.005264255950567091
2024-07-31,HST,0.0037615679321878963
2024-07-31,IRM,0.0037615679321878963
2024-07-31,JPM,0.008685435150267602
2024-07-31,KIM,0.0037615679321878963
2024-07-31,KKR,0.008685435150267602
2024-07-31,KLAC,0.024755948672798865
2024-07-31,KMB,0.00836442797322094
2024-07-31,KR,0.00836442797322094
2024-07-31,LII,0.005264255950567091
2024-07-31,LLY,0.010460974632066501
2024-07-31,LRCX,0.024755948672798865
2024-07-31,MPC,0.007483110377867357
2024-07-31,NTAP,0.024755948672798865
2024-07-31,NUE,0.004542161366587958
2024-07-31,NVDA,0.024755948672798865
2024-07-31,NWS,0.018561469022982814
2024-07-31,PCAR,0.005264255950567091
2024-07-31,PEG,0.0035830237827934918
2024-07-31,PG,0.00836442797322094
2024-07-31,PGR,0.008685435150267602
2024-07-31,PHM,0.01184016325824298
2024-07-31,PKG,0.004542161366587958
2024-07-31,PSX,0.007483110377867357
2024-07-31,QCOM,0.024755948672798865
2024-07-31,REGN,0.010460974632066501
2024-07-31,RL,0.01184016325824298
2024-07-31,SMCI,0.024755948672798865
2024-07-31,SPG,0.0037615679321878963
2024-07-31,SRE,0.0035830237827934918
2024-07-31,STLD,0.004542161366587958
2024-07-31,SYF,0.008685435150267602
2024-07-31,T,0.018561469022982814
2024-07-31,TGT,0.00836442797322094
2024-07-31,TJX,0.01184016325824298
2024-07-31,TPR,0.01184016325824298
2024-07-31,TRGP,0.007483110377867357
2024-07-31,TT,0.005264255950567091
2024-07-31,UHS,0.010460974632066501
2024-07-31,URI,0.005264255950567091
2024-07-31,VLO,0.007483110377867357
2024-07-31,VRTX,0.010460974632066501
2024-07-31,VST,0.0035830237827934918
2024-07-31,WAB,0.005264255950567091
2024-07-31,WDC,0.024755948672798865
2024-07-31,WFC,0.008685435150267602
2024-07-31,WSM,0.01184016325824298
2024-08-30,AFL,0.008829732444367812
2024-08-30,AMAT,0.024520955034269765
2024-08-30,ANET,0.024520955034269765
2024-08-30,APP,0.01842368224849801
2024-08-30,AVGO,0.024520955034269765
2024-08-30,AXP,0.008829732444367812
2024-08-30,BAC,0.008829732444367812
2024-08-30,BNY,0.008829732444367812
2024-08-30,C,0.008829732444367812
2024-08-30,CAT,0.00529726883253544
2024-08-30,CB,0.008829732444367812
2024-08-30,CBRE,0.0039012509485826345
2024-08-30,CEG,0.003657751484313539
2024-08-30,CF,0.0045614853166430405
2024-08-30,CI,0.010794720446313502
2024-08-30,CL,0.008678123221205784
2024-08-30,CNC,0.010794720446313502
2024-08-30,COHR,0.024520955034269765
2024-08-30,COR,0.010794720446313502
2024-08-30,COST,0.008678123221205784
2024-08-30,CRH,0.0045614853166430405
2024-08-30,CTAS,0.00529726883253544
2024-08-30,CVNA,0.011263805135176915
2024-08-30,DAL,0.00529726883253544
2024-08-30,DHI,0.011263805135176915
2024-08-30,DUK,0.003657751484313539
2024-08-30,DVA,0.010794720446313502
2024-08-30,EBAY,0.011263805135176915
2024-08-30,ED,0.003657751484313539
2024-08-30,ELV,0.010794720446313502
2024-08-30,EME,0.00529726883253544
2024-08-30,ERIE,0.008829732444367812
2024-08-30,ETR,0.003657751484313539
2024-08-30,FERG,0.00529726883253544
2024-08-30,FITB,0.008829732444367812
2024-08-30,FIX,0.00529726883253544
2024-08-30,FLEX,0.024520955034269765
2024-08-30,FOX,0.01842368224849801
2024-08-30,GD,0.00529726883253544
2024-08-30,GDDY,0.024520955034269765
2024-08-30,GE,0.00529726883253544
2024-08-30,GEHC,0.010794720446313502
2024-08-30,GM,0.011263805135176915
2024-08-30,GWW,0.00529726883253544
2024-08-30,HIG,0.008829732444367812
2024-08-30,HST,0.0039012509485826345
2024-08-30,IBM,0.024520955034269765
2024-08-30,IRM,0.0039012509485826345
2024-08-30,JPM,0.008829732444367812
2024-08-30,KIM,0.0039012509485826345
2024-08-30,KKR,0.008829732444367812
2024-08-30,KLAC,0.024520955034269765
2024-08-30,KMB,0.008678123221205784
2024-08-30,KO,0.008678123221205784
2024-08-30,KR,0.008678123221205784
2024-08-30,LII,0.00529726883253544
2024-08-30,LLY,0.010794720446313502
2024-08-30,META,0.01842368224849801
2024-08-30,MPC,0.007157146590848827
2024-08-30,MSI,0.024520955034269765
2024-08-30,MTB,0.008829732444367812
2024-08-30,NTAP,0.024520955034269765
2024-08-30,NUE,0.0045614853166430405
2024-08-30,NVDA,0.024520955034269765
2024-08-30,NVR,0.011263805135176915
2024-08-30,NWS,0.01842368224849801
2024-08-30,PCAR,0.00529726883253544
2024-08-30,PEG,0.003657751484313539
2024-08-30,PH,0.00529726883253544
2024-08-30,PHM,0.011263805135176915
2024-08-30,PKG,0.0045614853166430405
2024-08-30,PNC,0.008829732444367812
2024-08-30,PSX,0.007157146590848827
2024-08-30,QCOM,0.024520955034269765
2024-08-30,REGN,0.010794720446313502
2024-08-30,RL,0.011263805135176915
2024-08-30,RMD,0.010794720446313502
2024-08-30,SMCI,0.024520955034269765
2024-08-30,SO,0.003657751484313539
2024-08-30,SPG,0.0039012509485826345
2024-08-30,STLD,0.0045614853166430405
2024-08-30,SYF,0.008829732444367812
2024-08-30,T,0.01842368224849801
2024-08-30,TGT,0.008678123221205784
2024-08-30,TPL,0.007157146590848827
2024-08-30,TRGP,0.007157146590848827
2024-08-30,TSN,0.008678123221205784
2024-08-30,TT,0.00529726883253544
2024-08-30,UHS,0.010794720446313502
2024-08-30,UNH,0.010794720446313502
2024-08-30,URI,0.00529726883253544
2024-08-30,VICI,0.0039012509485826345
2024-08-30,VLO,0.007157146590848827
2024-08-30,VST,0.003657751484313539
2024-08-30,WAB,0.00529726883253544
2024-08-30,WFC,0.008829732444367812
2024-08-30,WSM,0.011263805135176915
2024-09-30,ACGL,0.008602376003269765
2024-09-30,AFL,0.008602376003269765
2024-09-30,AMT,0.003912426211484252
2024-09-30,ANET,0.024622431452462085
2024-09-30,APP,0.018856723153599823
2024-09-30,AVGO,0.024622431452462085
2024-09-30,AXP,0.008602376003269765
2024-09-30,BAC,0.008602376003269765
2024-09-30,BBY,0.011936576627640333
2024-09-30,BNY,0.008602376003269765
2024-09-30,BRK-B,0.008602376003269765
2024-09-30,C,0.008602376003269765
2024-09-30,CBRE,0.003912426211484252
2024-09-30,CEG,0.0038074847339186193
2024-09-30,CI,0.010349927211004003
2024-09-30,CL,0.008591745447046809
2024-09-30,COHR,0.024622431452462085
2024-09-30,COST,0.008591745447046809
2024-09-30,CRH,0.004552233081073739
2024-09-30,CTAS,0.005348818020606536
2024-09-30,CVNA,0.011936576627640333
2024-09-30,DAL,0.005348818020606536
2024-09-30,DGX,0.010349927211004003
2024-09-30,DHI,0.011936576627640333
2024-09-30,DVA,0.010349927211004003
2024-09-30,EBAY,0.011936576627640333
2024-09-30,ED,0.0038074847339186193
2024-09-30,ELV,0.010349927211004003
2024-09-30,EME,0.005348818020606536
2024-09-30,EOG,0.006796943741730067
2024-09-30,ERIE,0.008602376003269765
2024-09-30,ETR,0.0038074847339186193
2024-09-30,FITB,0.008602376003269765
2024-09-30,FLEX,0.024622431452462085
2024-09-30,FOX,0.018856723153599823
2024-09-30,FOXA,0.018856723153599823
2024-09-30,GD,0.005348818020606536
2024-09-30,GDDY,0.024622431452462085
2024-09-30,GE,0.005348818020606536
2024-09-30,GEHC,0.010349927211004003
2024-09-30,GEN,0.024622431452462085
2024-09-30,GIS,0.008591745447046809
2024-09-30,GWW,0.005348818020606536
2024-09-30,HIG,0.008602376003269765
2024-09-30,HII,0.005348818020606536
2024-09-30,IBM,0.024622431452462085
2024-09-30,IFF,0.004552233081073739
2024-09-30,IRM,0.003912426211484252
2024-09-30,JPM,0.008602376003269765
2024-09-30,KIM,0.003912426211484252
2024-09-30,KKR,0.008602376003269765
2024-09-30,KLAC,0.024622431452462085
2024-09-30,KMB,0.008591745447046809
2024-09-30,KO,0.008591745447046809
2024-09-30,LII,0.005348818020606536
2024-09-30,LLY,0.010349927211004003
2024-09-30,LMT,0.005348818020606536
2024-09-30,MPC,0.006796943741730067
2024-09-30,MSI,0.024622431452462085
2024-09-30,NEE,0.0038074847339186193
2024-09-30,NFLX,0.018856723153599823
2024-09-30,NTAP,0.024622431452462085
2024-09-30,NUE,0.004552233081073739
2024-09-30,NVDA,0.024622431452462085
2024-09-30,NVR,0.011936576627640333
2024-09-30,PEG,0.0038074847339186193
2024-09-30,PGR,0.008602376003269765
2024-09-30,PH,0.005348818020606536
2024-09-30,PHM,0.011936576627640333
2024-09-30,PNC,0.008602376003269765
2024-09-30,PNR,0.005348818020606536
2024-09-30,PODD,0.010349927211004003
2024-09-30,PSX,0.006796943741730067
2024-09-30,QCOM,0.024622431452462085
2024-09-30,REGN,0.010349927211004003
2024-09-30,RL,0.011936576627640333
2024-09-30,RMD,0.010349927211004003
2024-09-30,RTX,0.005348818020606536
2024-09-30,SHW,0.004552233081073739
2024-09-30,SMCI,0.024622431452462085
2024-09-30,SO,0.0038074847339186193
2024-09-30,SPG,0.003912426211484252
2024-09-30,STLD,0.004552233081073739
2024-09-30,SYF,0.008602376003269765
2024-09-30,T,0.018856723153599823
2024-09-30,TGT,0.008591745447046809
2024-09-30,TRGP,0.006796943741730067
2024-09-30,TSN,0.008591745447046809
2024-09-30,UAL,0.005348818020606536
2024-09-30,UHS,0.010349927211004003
2024-09-30,URI,0.005348818020606536
2024-09-30,VICI,0.003912426211484252
2024-09-30,VLO,0.006796943741730067
2024-09-30,VRTX,0.010349927211004003
2024-09-30,VST,0.0038074847339186193
2024-09-30,WAB,0.005348818020606536
2024-09-30,WSM,0.011936576627640333
2024-10-31,A,0.009952735536208084
2024-10-31,ABBV,0.009952735536208084
2024-10-31,ALLE,0.00501971980575433
2024-10-31,ANET,0.02458654774521591
2024-10-31,APO,0.008915388802788892
2024-10-31,APP,0.01942416148568014
2024-10-31,AVGO,0.02458654774521591
2024-10-31,AXP,0.008915388802788892
2024-10-31,BNY,0.008915388802788892
2024-10-31,C,0.008915388802788892
2024-10-31,CAT,0.00501971980575433
2024-10-31,CBRE,0.003825164087253976
2024-10-31,CEG,0.003799333753961832
2024-10-31,CF,0.004462416581241694
2024-10-31,CL,0.008337162213827189
2024-10-31,CLX,0.008337162213827189
2024-10-31,COHR,0.02458654774521591
2024-10-31,COST,0.008337162213827189
2024-10-31,CPT,0.003825164087253976
2024-10-31,CRH,0.004462416581241694
2024-10-31,CVNA,0.011852457208554431
2024-10-31,DAL,0.00501971980575433
2024-10-31,DTE,0.003799333753961832
2024-10-31,DVA,0.009952735536208084
2024-10-31,EBAY,0.011852457208554431
2024-10-31,ECHO,0.01942416148568014
2024-10-31,ED,0.003799333753961832
2024-10-31,EME,0.00501971980575433
2024-10-31,ERIE,0.008915388802788892
2024-10-31,ETR,0.003799333753961832
2024-10-31,EXR,0.003825164087253976
2024-10-31,FITB,0.008915388802788892
2024-10-31,FIX,0.00501971980575433
2024-10-31,FLEX,0.02458654774521591
2024-10-31,FOX,0.01942416148568014
2024-10-31,FOXA,0.01942416148568014
2024-10-31,GDDY,0.02458654774521591
2024-10-31,GE,0.00501971980575433
2024-10-31,GEHC,0.009952735536208084
2024-10-31,GEN,0.02458654774521591
2024-10-31,GM,0.011852457208554431
2024-10-31,GNRC,0.00501971980575433
2024-10-31,HIG,0.008915388802788892
2024-10-31,HWM,0.00501971980575433
2024-10-31,IBKR,0.008915388802788892
2024-10-31,IBM,0.02458654774521591
2024-10-31,IQV,0.009952735536208084
2024-10-31,IRM,0.003825164087253976
2024-10-31,JPM,0.008915388802788892
2024-10-31,KEY,0.008915388802788892
2024-10-31,KKR,0.008915388802788892
2024-10-31,KLAC,0.02458654774521591
2024-10-31,KO,0.008337162213827189
2024-10-31,KR,0.008337162213827189
2024-10-31,LLY,0.009952735536208084
2024-10-31,MPC,0.006937887035782022
2024-10-31,MTB,0.008915388802788892
2024-10-31,NEE,0.003799333753961832
2024-10-31,NTAP,0.02458654774521591
2024-10-31,NUE,0.004462416581241694
2024-10-31,NVDA,0.02458654774521591
2024-10-31,NVR,0.011852457208554431
2024-10-31,PCAR,0.00501971980575433
2024-10-31,PEG,0.003799333753961832
2024-10-31,PH,0.00501971980575433
2024-10-31,PHM,0.011852457208554431
2024-10-31,PNC,0.008915388802788892
2024-10-31,PNR,0.00501971980575433
2024-10-31,PODD,0.009952735536208084
2024-10-31,PSX,0.006937887035782022
2024-10-31,QCOM,0.02458654774521591
2024-10-31,RF,0.008915388802788892
2024-10-31,RL,0.011852457208554431
2024-10-31,RMD,0.009952735536208084
2024-10-31,RVTY,0.009952735536208084
2024-10-31,SHW,0.004462416581241694
2024-10-31,SMCI,0.02458654774521591
2024-10-31,SPG,0.003825164087253976
2024-10-31,STLD,0.004462416581241694
2024-10-31,SYF,0.008915388802788892
2024-10-31,T,0.01942416148568014
2024-10-31,TGT,0.008337162213827189
2024-10-31,TPL,0.006937887035782022
2024-10-31,TPR,0.011852457208554431
2024-10-31,TRGP,0.006937887035782022
2024-10-31,TSN,0.008337162213827189
2024-10-31,TT,0.00501971980575433
2024-10-31,UAL,0.00501971980575433
2024-10-31,UHS,0.009952735536208084
2024-10-31,URI,0.00501971980575433
2024-10-31,VICI,0.003825164087253976
2024-10-31,VLO,0.006937887035782022
2024-10-31,VLTO,0.00501971980575433
2024-10-31,VST,0.003799333753961832
2024-10-31,WAB,0.00501971980575433
2024-10-31,WAT,0.009952735536208084
2024-10-31,WSM,0.011852457208554431
2024-10-31,ZBRA,0.02458654774521591
2024-11-29,ABBV,0.009349910669796882
2024-11-29,ALLE,0.005091041587814783
2024-11-29,ANET,0.02419654037909474
2024-11-29,APO,0.009311053337761829
2024-11-29,APP,0.01902580038898972
2024-11-29,AVGO,0.02419654037909474
2024-11-29,AXP,0.009311053337761829
2024-11-29,BMY,0.009349910669796882
2024-11-29,BNY,0.009311053337761829
2024-11-29,BRK-B,0.009311053337761829
2024-11-29,CAT,0.005091041587814783
2024-11-29,CBRE,0.003753673249310574
2024-11-29,CEG,0.0036814170860644357
2024-11-29,CF,0.004298253835501889
2024-11-29,CI,0.009349910669796882
2024-11-29,CIEN,0.02419654037909474
2024-11-29,CL,0.008283621978652159
2024-11-29,COHR,0.02419654037909474
2024-11-29,COST,0.008283621978652159
2024-11-29,CPT,0.003753673249310574
2024-11-29,CRH,0.004298253835501889
2024-11-29,CTAS,0.005091041587814783
2024-11-29,CVNA,0.012965561439987937
2024-11-29,DAL,0.005091041587814783
2024-11-29,DVA,0.009349910669796882
2024-11-29,EBAY,0.012965561439987937
2024-11-29,ECHO,0.01902580038898972
2024-11-29,ED,0.0036814170860644357
2024-11-29,EME,0.005091041587814783
2024-11-29,ETR,0.0036814170860644357
2024-11-29,EXE,0.0069702833282595045
2024-11-29,FFIV,0.02419654037909474
2024-11-29,FITB,0.009311053337761829
2024-11-29,FIX,0.005091041587814783
2024-11-29,FLEX,0.02419654037909474
2024-11-29,FOX,0.01902580038898972
2024-11-29,FOXA,0.01902580038898972
2024-11-29,GDDY,0.02419654037909474
2024-11-29,GE,0.005091041587814783
2024-11-29,GEHC,0.009349910669796882
2024-11-29,GILD,0.009349910669796882
2024-11-29,GM,0.012965561439987937
2024-11-29,GS,0.009311053337761829
2024-11-29,HIG,0.009311053337761829
2024-11-29,HPE,0.02419654037909474
2024-11-29,IBKR,0.009311053337761829
2024-11-29,INCY,0.009349910669796882
2024-11-29,IRM,0.003753673249310574
2024-11-29,JCI,0.005091041587814783
2024-11-29,JPM,0.009311053337761829
2024-11-29,KIM,0.003753673249310574
2024-11-29,KKR,0.009311053337761829
2024-11-29,KMB,0.008283621978652159
2024-11-29,KR,0.008283621978652159
2024-11-29,MPC,0.0069702833282595045
2024-11-29,MSI,0.02419654037909474
2024-11-29,MTB,0.009311053337761829
2024-11-29,NCLH,0.012965561439987937
2024-11-29,NEE,0.0036814170860644357
2024-11-29,NFLX,0.01902580038898972
2024-11-29,NVDA,0.02419654037909474
2024-11-29,NVR,0.012965561439987937
2024-11-29,ORCL,0.02419654037909474
2024-11-29,PCAR,0.005091041587814783
2024-11-29,PEG,0.0036814170860644357
2024-11-29,PH,0.005091041587814783
2024-11-29,PHM,0.012965561439987937
2024-11-29,PKG,0.004298253835501889
2024-11-29,PNC,0.009311053337761829
2024-11-29,PNR,0.005091041587814783
2024-11-29,QCOM,0.02419654037909474
2024-11-29,RF,0.009311053337761829
2024-11-29,RL,0.012965561439987937
2024-11-29,RMD,0.009349910669796882
2024-11-29,SHW,0.004298253835501889
2024-11-29,SNA,0.005091041587814783
2024-11-29,SPG,0.003753673249310574
2024-11-29,SRE,0.0036814170860644357
2024-11-29,STLD,0.004298253835501889
2024-11-29,SYF,0.009311053337761829
2024-11-29,TGT,0.008283621978652159
2024-11-29,TPL,0.0069702833282595045
2024-11-29,TPR,0.012965561439987937
2024-11-29,TRGP,0.0069702833282595045
2024-11-29,TSN,0.008283621978652159
2024-11-29,TT,0.005091041587814783
2024-11-29,TXN,0.02419654037909474
2024-11-29,UAL,0.005091041587814783
2024-11-29,UHS,0.009349910669796882
2024-11-29,URI,0.005091041587814783
2024-11-29,VICI,0.003753673249310574
2024-11-29,VLO,0.0069702833282595045
2024-11-29,VRTX,0.009349910669796882
2024-11-29,VST,0.0036814170860644357
2024-11-29,VTRS,0.009349910669796882
2024-11-29,WAB,0.005091041587814783
2024-11-29,WFC,0.009311053337761829
2024-11-29,WMT,0.008283621978652159
2024-12-31,ACGL,0.008982788507117017
2024-12-31,AEE,0.0034606917611326275
2024-12-31,ANET,0.02504952773802557
2024-12-31,APD,0.003918653896422434
2024-12-31,APO,0.008982788507117017
2024-12-31,APP,0.020105173198642995
2024-12-31,AXP,0.008982788507117017
2024-12-31,BMY,0.00895739062467521
2024-12-31,BNY,0.008982788507117017
2024-12-31,BRK-B,0.008982788507117017
2024-12-31,C,0.008982788507117017
2024-12-31,CAT,0.004725290694898896
2024-12-31,CBRE,0.0034967303746614043
2024-12-31,CEG,0.0034606917611326275
2024-12-31,CF,0.003918653896422434
2024-12-31,CINF,0.008982788507117017
2024-12-31,CL,0.008090941530826127
2024-12-31,CLX,0.008090941530826127
2024-12-31,COHR,0.02504952773802557
2024-12-31,COST,0.008090941530826127
2024-12-31,CPT,0.0034967303746614043
2024-12-31,CRH,0.003918653896422434
2024-12-31,CVNA,0.013908968720296188
2024-12-31,DAL,0.004725290694898896
2024-12-31,DGX,0.00895739062467521
2024-12-31,DVA,0.00895739062467521
2024-12-31,EBAY,0.013908968720296188
2024-12-31,EME,0.004725290694898896
2024-12-31,ETR,0.0034606917611326275
2024-12-31,EVRG,0.0034606917611326275
2024-12-31,EXE,0.006449132655945297
2024-12-31,FFIV,0.02504952773802557
2024-12-31,FIX,0.004725290694898896
2024-12-31,FLEX,0.02504952773802557
2024-12-31,FOX,0.020105173198642995
2024-12-31,FOXA,0.020105173198642995
2024-12-31,GDDY,0.02504952773802557
2024-12-31,GE,0.004725290694898896
2024-12-31,GEHC,0.00895739062467521
2024-12-31,GILD,0.00895739062467521
2024-12-31,GLW,0.02504952773802557
2024-12-31,GM,0.013908968720296188
2024-12-31,GRMN,0.013908968720296188
2024-12-31,GWW,0.004725290694898896
2024-12-31,HIG,0.008982788507117017
2024-12-31,HPE,0.02504952773802557
2024-12-31,IBKR,0.008982788507117017
2024-12-31,IBM,0.02504952773802557
2024-12-31,IRM,0.0034967303746614043
2024-12-31,JCI,0.004725290694898896
2024-12-31,JPM,0.008982788507117017
2024-12-31,KIM,0.0034967303746614043
2024-12-31,KR,0.008090941530826127
2024-12-31,LII,0.004725290694898896
2024-12-31,LLY,0.00895739062467521
2024-12-31,MAA,0.0034967303746614043
2024-12-31,MPC,0.006449132655945297
2024-12-31,MSI,0.02504952773802557
2024-12-31,MTB,0.008982788507117017
2024-12-31,NFLX,0.020105173198642995
2024-12-31,NTAP,0.02504952773802557
2024-12-31,NVDA,0.02504952773802557
2024-12-31,ORCL,0.02504952773802557
2024-12-31,PCAR,0.004725290694898896
2024-12-31,PEG,0.0034606917611326275
2024-12-31,PG,0.008090941530826127
2024-12-31,PH,0.004725290694898896
2024-12-31,PKG,0.003918653896422434
2024-12-31,PNR,0.004725290694898896
2024-12-31,PNW,0.0034606917611326275
2024-12-31,PODD,0.00895739062467521
2024-12-31,RCL,0.013908968720296188
2024-12-31,RF,0.008982788507117017
2024-12-31,RJF,0.008982788507117017
2024-12-31,RL,0.013908968720296188
2024-12-31,RMD,0.00895739062467521
2024-12-31,SMCI,0.02504952773802557
2024-12-31,SNA,0.004725290694898896
2024-12-31,STLD,0.003918653896422434
2024-12-31,SYF,0.008982788507117017
2024-12-31,SYY,0.008090941530826127
2024-12-31,T,0.020105173198642995
2024-12-31,TPL,0.006449132655945297
2024-12-31,TPR,0.013908968720296188
2024-12-31,TRGP,0.006449132655945297
2024-12-31,TSN,0.008090941530826127
2024-12-31,TT,0.004725290694898896
2024-12-31,UAL,0.004725290694898896
2024-12-31,UHS,0.00895739062467521
2024-12-31,UNH,0.00895739062467521
2024-12-31,URI,0.004725290694898896
2024-12-31,VICI,0.0034967303746614043
2024-12-31,VLO,0.006449132655945297
2024-12-31,VST,0.0034606917611326275
2024-12-31,VTRS,0.00895739062467521
2024-12-31,WAB,0.004725290694898896
2024-12-31,WFC,0.008982788507117017
2024-12-31,WSM,0.013908968720296188
2025-01-31,ACGL,0.009330282423235976
2025-01-31,AEE,0.003466336440353415
2025-01-31,AFL,0.009330282423235976
2025-01-31,ANET,0.02365938002004616
2025-01-31,APD,0.004021254799691099
2025-01-31,APO,0.009330282423235976
2025-01-31,APP,0.02133970544204448
2025-01-31,AXP,0.009330282423235976
2025-01-31,BAC,0.009330282423235976
2025-01-31,BBY,0.014151745092896423
2025-01-31,BG,0.008046508429111135
2025-01-31,BMY,0.00927668989064808
2025-01-31,CAT,0.004820073906214934
2025-01-31,CBRE,0.0034616294372412535
2025-01-31,CEG,0.003466336440353415
2025-01-31,CF,0.004021254799691099
2025-01-31,CLX,0.008046508429111135
2025-01-31,CME,0.009330282423235976
2025-01-31,COHR,0.02365938002004616
2025-01-31,COST,0.008046508429111135
2025-01-31,CPT,0.0034616294372412535
2025-01-31,CRH,0.004021254799691099
2025-01-31,CSCO,0.02365938002004616
2025-01-31,CVNA,0.014151745092896423
2025-01-31,DAL,0.004820073906214934
2025-01-31,DGX,0.00927668989064808
2025-01-31,DTE,0.003466336440353415
2025-01-31,DVA,0.00927668989064808
2025-01-31,EBAY,0.014151745092896423
2025-01-31,ECHO,0.02133970544204448
2025-01-31,EME,0.004820073906214934
2025-01-31,ETR,0.003466336440353415
2025-01-31,EVRG,0.003466336440353415
2025-01-31,EXE,0.006386119886548779
2025-01-31,FDX,0.004820073906214934
2025-01-31,FFIV,0.02365938002004616
2025-01-31,FIX,0.004820073906214934
2025-01-31,FLEX,0.02365938002004616
2025-01-31,FOX,0.02133970544204448
2025-01-31,FOXA,0.02133970544204448
2025-01-31,FSLR,0.02365938002004616
2025-01-31,GDDY,0.02365938002004616
2025-01-31,GE,0.004820073906214934
2025-01-31,GEHC,0.00927668989064808
2025-01-31,GILD,0.00927668989064808
2025-01-31,GM,0.014151745092896423
2025-01-31,GNRC,0.004820073906214934
2025-01-31,GS,0.009330282423235976
2025-01-31,HON,0.004820073906214934
2025-01-31,HPE,0.02365938002004616
2025-01-31,IBKR,0.009330282423235976
2025-01-31,INCY,0.00927668989064808
2025-01-31,IRM,0.0034616294372412535
2025-01-31,JBL,0.02365938002004616
2025-01-31,JCI,0.004820073906214934
2025-01-31,JPM,0.009330282423235976
2025-01-31,KMB,0.008046508429111135
2025-01-31,KO,0.008046508429111135
2025-01-31,KR,0.008046508429111135
2025-01-31,LII,0.004820073906214934
2025-01-31,LLY,0.00927668989064808
2025-01-31,MAA,0.0034616294372412535
2025-01-31,MPC,0.006386119886548779
2025-01-31,MTB,0.009330282423235976
2025-01-31,NTAP,0.02365938002004616
2025-01-31,NVDA,0.02365938002004616
2025-01-31,PCAR,0.004820073906214934
2025-01-31,PEG,0.003466336440353415
2025-01-31,PKG,0.004021254799691099
2025-01-31,PNC,0.009330282423235976
2025-01-31,PNR,0.004820073906214934
2025-01-31,PODD,0.00927668989064808
2025-01-31,QCOM,0.02365938002004616
2025-01-31,RF,0.009330282423235976
2025-01-31,RJF,0.009330282423235976
2025-01-31,RL,0.014151745092896423
2025-01-31,RMD,0.00927668989064808
2025-01-31,SNA,0.004820073906214934
2025-01-31,SPG,0.0034616294372412535
2025-01-31,STLD,0.004021254799691099
2025-01-31,SYF,0.009330282423235976
2025-01-31,TER,0.02365938002004616
2025-01-31,TGT,0.008046508429111135
2025-01-31,TJX,0.014151745092896423
2025-01-31,TKO,0.02133970544204448
2025-01-31,TPL,0.006386119886548779
2025-01-31,TPR,0.014151745092896423
2025-01-31,TRGP,0.006386119886548779
2025-01-31,UAL,0.004820073906214934
2025-01-31,UHS,0.00927668989064808
2025-01-31,UNH,0.00927668989064808
2025-01-31,VICI,0.0034616294372412535
2025-01-31,VLO,0.006386119886548779
2025-01-31,VLTO,0.004820073906214934
2025-01-31,VST,0.003466336440353415
2025-01-31,WAB,0.004820073906214934
2025-01-31,WFC,0.009330282423235976
2025-01-31,WSM,0.014151745092896423
2025-02-28,AEE,0.003580977741174892
2025-02-28,AMGN,0.009626845554592455
2025-02-28,ANET,0.023779306907052798
2025-02-28,APD,0.0041230123899991125
2025-02-28,APO,0.009557482301071025
2025-02-28,APP,0.02044292189228748
2025-02-28,AXP,0.009557482301071025
2025-02-28,BAC,0.009557482301071025
2025-02-28,BBY,0.01255852853905148
2025-02-28,BMY,0.009626845554592455
2025-02-28,BNY,0.009557482301071025
2025-02-28,C,0.009557482301071025
2025-02-28,CAT,0.004849107800520211
2025-02-28,CBRE,0.003682579794256226
2025-02-28,CCL,0.01255852853905148
2025-02-28,CEG,0.003580977741174892
2025-02-28,CF,0.0041230123899991125
2025-02-28,COHR,0.023779306907052798
2025-02-28,COST,0.008554721591933026
2025-02-28,CPT,0.003682579794256226
2025-02-28,CRH,0.0041230123899991125
2025-02-28,CSCO,0.023779306907052798
2025-02-28,CVNA,0.01255852853905148
2025-02-28,DAL,0.004849107800520211
2025-02-28,DE,0.004849107800520211
2025-02-28,DGX,0.009626845554592455
2025-02-28,DVA,0.009626845554592455
2025-02-28,EBAY,0.01255852853905148
2025-02-28,ECHO,0.02044292189228748
2025-02-28,EME,0.004849107800520211
2025-02-28,ETR,0.003580977741174892
2025-02-28,EVRG,0.003580977741174892
2025-02-28,EXE,0.0067364951924540235
2025-02-28,EXPE,0.01255852853905148
2025-02-28,FFIV,0.023779306907052798
2025-02-28,FIX,0.004849107800520211
2025-02-28,FLEX,0.023779306907052798
2025-02-28,FOX,0.02044292189228748
2025-02-28,FOXA,0.02044292189228748
2025-02-28,GDDY,0.023779306907052798
2025-02-28,GE,0.004849107800520211
2025-02-28,GILD,0.009626845554592455
2025-02-28,GIS,0.008554721591933026
2025-02-28,GLW,0.023779306907052798
2025-02-28,GS,0.009557482301071025
2025-02-28,HON,0.004849107800520211
2025-02-28,HPE,0.023779306907052798
2025-02-28,IBKR,0.009557482301071025
2025-02-28,IBM,0.023779306907052798
2025-02-28,INCY,0.009626845554592455
2025-02-28,IRM,0.003682579794256226
2025-02-28,JBL,0.023779306907052798
2025-02-28,JCI,0.004849107800520211
2025-02-28,JPM,0.009557482301071025
2025-02-28,KMB,0.008554721591933026
2025-02-28,KO,0.008554721591933026
2025-02-28,KR,0.008554721591933026
2025-02-28,MAA,0.003682579794256226
2025-02-28,MPC,0.0067364951924540235
2025-02-28,MS,0.009557482301071025
2025-02-28,MTB,0.009557482301071025
2025-02-28,NEM,0.0041230123899991125
2025-02-28,NTAP,0.023779306907052798
2025-02-28,NVDA,0.023779306907052798
2025-02-28,ORCL,0.023779306907052798
2025-02-28,PAYX,0.004849107800520211
2025-02-28,PEG,0.003580977741174892
2025-02-28,PH,0.004849107800520211
2025-02-28,PNC,0.009557482301071025
2025-02-28,PNR,0.004849107800520211
2025-02-28,PODD,0.009626845554592455
2025-02-28,RF,0.009557482301071025
2025-02-28,RJF,0.009557482301071025
2025-02-28,RL,0.01255852853905148
2025-02-28,RMD,0.009626845554592455
2025-02-28,RTX,0.004849107800520211
2025-02-28,SNA,0.004849107800520211
2025-02-28,SRE,0.003580977741174892
2025-02-28,STLD,0.0041230123899991125
2025-02-28,SYF,0.009557482301071025
2025-02-28,T,0.02044292189228748
2025-02-28,TPL,0.0067364951924540235
2025-02-28,TPR,0.01255852853905148
2025-02-28,TRGP,0.0067364951924540235
2025-02-28,TSN,0.008554721591933026
2025-02-28,UAL,0.004849107800520211
2025-02-28,UDR,0.003682579794256226
2025-02-28,UHS,0.009626845554592455
2025-02-28,UNH,0.009626845554592455
2025-02-28,URI,0.004849107800520211
2025-02-28,VICI,0.003682579794256226
2025-02-28,VLO,0.0067364951924540235
2025-02-28,VST,0.003580977741174892
2025-02-28,WAB,0.004849107800520211
2025-02-28,WAT,0.009626845554592455
2025-02-28,WFC,0.009557482301071025
2025-02-28,WMT,0.008554721591933026
2025-02-28,WSM,0.01255852853905148
2025-03-31,AAPL,0.021436829050452078
2025-03-31,ABBV,0.009997674949219517
2025-03-31,ABT,0.009997674949219517
2025-03-31,ADP,0.004946759338105043
2025-03-31,AEE,0.003804958806759618
2025-03-31,AEP,0.003804958806759618
2025-03-31,AFL,0.009767182679392956
2025-03-31,ALL,0.009767182679392956
2025-03-31,AMGN,0.009997674949219517
2025-03-31,APD,0.00422243112564671
2025-03-31,APP,0.02007696528849545
2025-03-31,BBY,0.012005156032525865
2025-03-31,BNY,0.009767182679392956
2025-03-31,BRK-B,0.009767182679392956
2025-03-31,CBRE,0.003684601558521952
2025-03-31,CF,0.00422243112564671
2025-03-31,CHRW,0.004946759338105043
2025-03-31,CHTR,0.02007696528849545
2025-03-31,CME,0.009767182679392956
2025-03-31,CMI,0.004946759338105043
2025-03-31,COST,0.008693125624025267
2025-03-31,CRH,0.00422243112564671
2025-03-31,CSCO,0.021436829050452078
2025-03-31,CTSH,0.021436829050452078
2025-03-31,DAL,0.004946759338105043
2025-03-31,DE,0.004946759338105043
2025-03-31,DGX,0.009997674949219517
2025-03-31,EBAY,0.012005156032525865
2025-03-31,ECHO,0.02007696528849545
2025-03-31,ECL,0.00422243112564671
2025-03-31,EOG,0.007424329710827551
2025-03-31,ESS,0.003684601558521952
2025-03-31,EXPE,0.012005156032525865
2025-03-31,FFIV,0.021436829050452078
2025-03-31,FLEX,0.021436829050452078
2025-03-31,FOX,0.02007696528849545
2025-03-31,FOXA,0.02007696528849545
2025-03-31,FTNT,0.021436829050452078
2025-03-31,GDDY,0.021436829050452078
2025-03-31,GE,0.004946759338105043
2025-03-31,GEHC,0.009997674949219517
2025-03-31,GEN,0.021436829050452078
2025-03-31,GLW,0.021436829050452078
2025-03-31,GS,0.009767182679392956
2025-03-31,HON,0.004946759338105043
2025-03-31,HOOD,0.009767182679392956
2025-03-31,HSY,0.008693125624025267
2025-03-31,IBKR,0.009767182679392956
2025-03-31,IBM,0.021436829050452078
2025-03-31,JBL,0.021436829050452078
2025-03-31,JNJ,0.009997674949219517
2025-03-31,JPM,0.009767182679392956
2025-03-31,KIM,0.003684601558521952
2025-03-31,KMB,0.008693125624025267
2025-03-31,KMI,0.007424329710827551
2025-03-31,KO,0.008693125624025267
2025-03-31,KR,0.008693125624025267
2025-03-31,LDOS,0.004946759338105043
2025-03-31,LII,0.004946759338105043
2025-03-31,MAA,0.003684601558521952
2025-03-31,MMM,0.004946759338105043
2025-03-31,MS,0.009767182679392956
2025-03-31,MTB,0.009767182679392956
2025-03-31,NCLH,0.012005156032525865
2025-03-31,NEM,0.00422243112564671
2025-03-31,NTRS,0.009767182679392956
2025-03-31,NVR,0.012005156032525865
2025-03-31,PANW,0.021436829050452078
2025-03-31,PAYX,0.004946759338105043
2025-03-31,PFE,0.009997674949219517
2025-03-31,PG,0.008693125624025267
2025-03-31,PGR,0.009767182679392956
2025-03-31,PNW,0.003804958806759618
2025-03-31,PODD,0.009997674949219517
2025-03-31,RCL,0.012005156032525865
2025-03-31,REG,0.003684601558521952
2025-03-31,RL,0.012005156032525865
2025-03-31,RMD,0.009997674949219517
2025-03-31,RTX,0.004946759338105043
2025-03-31,RVTY,0.009997674949219517
2025-03-31,SNA,0.004946759338105043
2025-03-31,SO,0.003804958806759618
2025-03-31,SYF,0.009767182679392956
2025-03-31,TEL,0.021436829050452078
2025-03-31,TPL,0.007424329710827551
2025-03-31,TPR,0.012005156032525865
2025-03-31,TRGP,0.007424329710827551
2025-03-31,TRMB,0.021436829050452078
2025-03-31,UAL,0.004946759338105043
2025-03-31,UHS,0.009997674949219517
2025-03-31,V,0.009767182679392956
2025-03-31,VICI,0.003684601558521952
2025-03-31,VRSK,0.004946759338105043
2025-03-31,VST,0.003804958806759618
2025-03-31,WAB,0.004946759338105043
2025-03-31,WEC,0.003804958806759618
2025-03-31,WMB,0.007424329710827551
2025-03-31,WMT,0.008693125624025267
2025-03-31,XEL,0.003804958806759618
2025-04-30,ABBV,0.009681803573747419
2025-04-30,ABT,0.009681803573747419
2025-04-30,ADP,0.005090988980131821
2025-04-30,AEE,0.0038236962836707125
2025-04-30,AFL,0.009598418130306069
2025-04-30,AON,0.009598418130306069
2025-04-30,APD,0.004183361126739205
2025-04-30,APP,0.02024206170544636
2025-04-30,BKR,0.006421304594076245
2025-04-30,BNY,0.009598418130306069
2025-04-30,BRK-B,0.009598418130306069
2025-04-30,CASY,0.0088802249097746
2025-04-30,CBRE,0.0036331181054050847
2025-04-30,CCL,0.01209745283043528
2025-04-30,CF,0.004183361126739205
2025-04-30,CHRW,0.005090988980131821
2025-04-30,CINF,0.009598418130306069
2025-04-30,CME,0.009598418130306069
2025-04-30,CMI,0.005090988980131821
2025-04-30,CNC,0.009681803573747419
2025-04-30,COR,0.009681803573747419
2025-04-30,COST,0.0088802249097746
2025-04-30,CRH,0.004183361126739205
2025-04-30,CSCO,0.021880617735052805
2025-04-30,CTAS,0.005090988980131821
2025-04-30,CTSH,0.021880617735052805
2025-04-30,DE,0.005090988980131821
2025-04-30,DGX,0.009681803573747419
2025-04-30,DVA,0.009681803573747419
2025-04-30,EBAY,0.01209745283043528
2025-04-30,EME,0.005090988980131821
2025-04-30,EOG,0.006421304594076245
2025-04-30,ESS,0.0036331181054050847
2025-04-30,EVRG,0.0038236962836707125
2025-04-30,FFIV,0.021880617735052805
2025-04-30,FLEX,0.021880617735052805
2025-04-30,FOX,0.02024206170544636
2025-04-30,FOXA,0.02024206170544636
2025-04-30,FTNT,0.021880617735052805
2025-04-30,GDDY,0.021880617735052805
2025-04-30,GE,0.005090988980131821
2025-04-30,GEN,0.021880617735052805
2025-04-30,GL,0.009598418130306069
2025-04-30,GS,0.009598418130306069
2025-04-30,HIG,0.009598418130306069
2025-04-30,HON,0.005090988980131821
2025-04-30,HOOD,0.009598418130306069
2025-04-30,IBKR,0.009598418130306069
2025-04-30,IBM,0.021880617735052805
2025-04-30,JBL,0.021880617735052805
2025-04-30,JPM,0.009598418130306069
2025-04-30,KIM,0.0036331181054050847
2025-04-30,KMB,0.0088802249097746
2025-04-30,KO,0.0088802249097746
2025-04-30,KR,0.0088802249097746
2025-04-30,LII,0.005090988980131821
2025-04-30,MAA,0.0036331181054050847
2025-04-30,MDT,0.009681803573747419
2025-04-30,MMM,0.005090988980131821
2025-04-30,MSI,0.021880617735052805
2025-04-30,NCLH,0.01209745283043528
2025-04-30,NEM,0.004183361126739205
2025-04-30,NFLX,0.02024206170544636
2025-04-30,NI,0.0038236962836707125
2025-04-30,NRG,0.0038236962836707125
2025-04-30,NVR,0.01209745283043528
2025-04-30,ORCL,0.021880617735052805
2025-04-30,PAYX,0.005090988980131821
2025-04-30,PGR,0.009598418130306069
2025-04-30,PNW,0.0038236962836707125
2025-04-30,PODD,0.009681803573747419
2025-04-30,RCL,0.01209745283043528
2025-04-30,REG,0.0036331181054050847
2025-04-30,RL,0.01209745283043528
2025-04-30,RTX,0.005090988980131821
2025-04-30,SHW,0.004183361126739205
2025-04-30,SJM,0.0088802249097746
2025-04-30,SNA,0.005090988980131821
2025-04-30,SOLV,0.009681803573747419
2025-04-30,SYF,0.009598418130306069
2025-04-30,T,0.02024206170544636
2025-04-30,TDY,0.021880617735052805
2025-04-30,TEL,0.021880617735052805
2025-04-30,TJX,0.01209745283043528
2025-04-30,TPL,0.006421304594076245
2025-04-30,TPR,0.01209745283043528
2025-04-30,TRGP,0.006421304594076245
2025-04-30,TRMB,0.021880617735052805
2025-04-30,UAL,0.005090988980131821
2025-04-30,UBER,0.005090988980131821
2025-04-30,UHS,0.009681803573747419
2025-04-30,UNH,0.009681803573747419
2025-04-30,VICI,0.0036331181054050847
2025-04-30,VRSK,0.005090988980131821
2025-04-30,VST,0.0038236962836707125
2025-04-30,WMB,0.006421304594076245
2025-04-30,WMT,0.0088802249097746
2025-04-30,WRB,0.009598418130306069
2025-04-30,XEL,0.0038236962836707125
2025-05-30,ABBV,0.008505813809385806
2025-05-30,ADP,0.0051955547377149315
2025-05-30,ADSK,0.02280034513809642
2025-05-30,AFL,0.009460411622676232
2025-05-30,ALL,0.009460411622676232
2025-05-30,ALLE,0.0051955547377149315
2025-05-30,APP,0.020859082189026146
2025-05-30,ATO,0.003712399912956436
2025-05-30,BNY,0.009460411622676232
2025-05-30,CASY,0.008437775883555126
2025-05-30,CBRE,0.0034450467963180876
2025-05-30,CCL,0.012734683751908017
2025-05-30,CF,0.004016702888888187
2025-05-30,CI,0.008505813809385806
2025-05-30,CLX,0.008437775883555126
2025-05-30,CME,0.009460411622676232
2025-05-30,CNC,0.008505813809385806
2025-05-30,COR,0.008505813809385806
2025-05-30,COST,0.008437775883555126
2025-05-30,CRH,0.004016702888888187
2025-05-30,CSCO,0.02280034513809642
2025-05-30,CTSH,0.02280034513809642
2025-05-30,CVS,0.008505813809385806
2025-05-30,DE,0.0051955547377149315
2025-05-30,DGX,0.008505813809385806
2025-05-30,DRI,0.012734683751908017
2025-05-30,EBAY,0.012734683751908017
2025-05-30,EVRG,0.003712399912956436
2025-05-30,EXC,0.003712399912956436
2025-05-30,EXPE,0.012734683751908017
2025-05-30,FFIV,0.02280034513809642
2025-05-30,FIX,0.0051955547377149315
2025-05-30,FOX,0.020859082189026146
2025-05-30,FOXA,0.020859082189026146
2025-05-30,FTNT,0.02280034513809642
2025-05-30,GDDY,0.02280034513809642
2025-05-30,GE,0.0051955547377149315
2025-05-30,GEN,0.02280034513809642
2025-05-30,GL,0.009460411622676232
2025-05-30,HAL,0.006043651852299701
2025-05-30,HIG,0.009460411622676232
2025-05-30,HON,0.0051955547377149315
2025-05-30,HOOD,0.009460411622676232
2025-05-30,HSIC,0.008505813809385806
2025-05-30,IBKR,0.009460411622676232
2025-05-30,IBM,0.02280034513809642
2025-05-30,JBL,0.02280034513809642
2025-05-30,JNJ,0.008505813809385806
2025-05-30,JPM,0.009460411622676232
2025-05-30,KIM,0.0034450467963180876
2025-05-30,KO,0.008437775883555126
2025-05-30,KR,0.008437775883555126
2025-05-30,LDOS,0.0051955547377149315
2025-05-30,LUV,0.0051955547377149315
2025-05-30,MAA,0.0034450467963180876
2025-05-30,MMM,0.0051955547377149315
2025-05-30,MOS,0.004016702888888187
2025-05-30,NCLH,0.012734683751908017
2025-05-30,NEM,0.004016702888888187
2025-05-30,NFLX,0.020859082189026146
2025-05-30,NI,0.003712399912956436
2025-05-30,NRG,0.003712399912956436
2025-05-30,NTRS,0.009460411622676232
2025-05-30,NVR,0.012734683751908017
2025-05-30,O,0.0034450467963180876
2025-05-30,ORCL,0.02280034513809642
2025-05-30,PANW,0.02280034513809642
2025-05-30,PAYX,0.0051955547377149315
2025-05-30,PGR,0.009460411622676232
2025-05-30,PNW,0.003712399912956436
2025-05-30,PODD,0.008505813809385806
2025-05-30,REG,0.0034450467963180876
2025-05-30,RL,0.012734683751908017
2025-05-30,RTX,0.0051955547377149315
2025-05-30,SHW,0.004016702888888187
2025-05-30,SJM,0.008437775883555126
2025-05-30,SNA,0.0051955547377149315
2025-05-30,SOLV,0.008505813809385806
2025-05-30,STT,0.009460411622676232
2025-05-30,SYF,0.009460411622676232
2025-05-30,T,0.020859082189026146
2025-05-30,TDY,0.02280034513809642
2025-05-30,TEL,0.02280034513809642
2025-05-30,TPL,0.006043651852299701
2025-05-30,TPR,0.012734683751908017
2025-05-30,TRGP,0.006043651852299701
2025-05-30,TRMB,0.02280034513809642
2025-05-30,TRV,0.009460411622676232
2025-05-30,TT,0.0051955547377149315
2025-05-30,UAL,0.0051955547377149315
2025-05-30,UBER,0.0051955547377149315
2025-05-30,UHS,0.008505813809385806
2025-05-30,VICI,0.0034450467963180876
2025-05-30,VRSK,0.0051955547377149315
2025-05-30,WMB,0.006043651852299701
2025-05-30,WMT,0.008437775883555126
2025-05-30,WRB,0.009460411622676232
2025-05-30,XEL,0.003712399912956436
2025-05-30,XOM,0.006043651852299701
2025-06-30,ADP,0.005129781801652281
2025-06-30,ALL,0.009320096910134447
2025-06-30,ALLE,0.005129781801652281
2025-06-30,APD,0.0038919419022808554
2025-06-30,APP,0.021115370253145676
2025-06-30,AVGO,0.023890910450734836
2025-06-30,AXP,0.009320096910134447
2025-06-30,BKR,0.006010171786504707
2025-06-30,BNY,0.009320096910134447
2025-06-30,CBRE,0.0032451578646483055
2025-06-30,CCL,0.012345214754055972
2025-06-30,CEG,0.003531403618053417
2025-06-30,CF,0.0038919419022808554
2025-06-30,CIEN,0.023890910450734836
2025-06-30,CME,0.009320096910134447
2025-06-30,CNC,0.008243351112429801
2025-06-30,COR,0.008243351112429801
2025-06-30,COST,0.007847502674023385
2025-06-30,CRH,0.0038919419022808554
2025-06-30,CSCO,0.023890910450734836
2025-06-30,CTSH,0.023890910450734836
2025-06-30,CTVA,0.0038919419022808554
2025-06-30,CVS,0.008243351112429801
2025-06-30,DAL,0.005129781801652281
2025-06-30,DE,0.005129781801652281
2025-06-30,DGX,0.008243351112429801
2025-06-30,DRI,0.012345214754055972
2025-06-30,EBAY,0.012345214754055972
2025-06-30,EME,0.005129781801652281
2025-06-30,EVRG,0.003531403618053417
2025-06-30,EXC,0.003531403618053417
2025-06-30,EXPE,0.012345214754055972
2025-06-30,FFIV,0.023890910450734836
2025-06-30,FIX,0.005129781801652281
2025-06-30,FOX,0.021115370253145676
2025-06-30,FOXA,0.021115370253145676
2025-06-30,FTNT,0.023890910450734836
2025-06-30,GDDY,0.023890910450734836
2025-06-30,GE,0.005129781801652281
2025-06-30,GEHC,0.008243351112429801
2025-06-30,GEN,0.023890910450734836
2025-06-30,GL,0.009320096910134447
2025-06-30,HIG,0.009320096910134447
2025-06-30,HPE,0.023890910450734836
2025-06-30,HRL,0.007847502674023385
2025-06-30,HSIC,0.008243351112429801
2025-06-30,HST,0.0032451578646483055
2025-06-30,IBKR,0.009320096910134447
2025-06-30,IBM,0.023890910450734836
2025-06-30,JBL,0.023890910450734836
2025-06-30,JPM,0.009320096910134447
2025-06-30,KIM,0.0032451578646483055
2025-06-30,KO,0.007847502674023385
2025-06-30,KR,0.007847502674023385
2025-06-30,MMM,0.005129781801652281
2025-06-30,NCLH,0.012345214754055972
2025-06-30,NEM,0.0038919419022808554
2025-06-30,NFLX,0.021115370253145676
2025-06-30,NRG,0.003531403618053417
2025-06-30,NTRS,0.009320096910134447
2025-06-30,O,0.0032451578646483055
2025-06-30,PAYX,0.005129781801652281
2025-06-30,PH,0.005129781801652281
2025-06-30,PNR,0.005129781801652281
2025-06-30,PNW,0.003531403618053417
2025-06-30,PODD,0.008243351112429801
2025-06-30,REG,0.0032451578646483055
2025-06-30,RL,0.012345214754055972
2025-06-30,RMD,0.008243351112429801
2025-06-30,RTX,0.005129781801652281
2025-06-30,SJM,0.007847502674023385
2025-06-30,SNA,0.005129781801652281
2025-06-30,SOLV,0.008243351112429801
2025-06-30,STT,0.009320096910134447
2025-06-30,SYF,0.009320096910134447
2025-06-30,SYY,0.007847502674023385
2025-06-30,T,0.021115370253145676
2025-06-30,TDY,0.023890910450734836
2025-06-30,TEL,0.023890910450734836
2025-06-30,TPL,0.006010171786504707
2025-06-30,TPR,0.012345214754055972
2025-06-30,TRGP,0.006010171786504707
2025-06-30,TRMB,0.023890910450734836
2025-06-30,TRV,0.009320096910134447
2025-06-30,TT,0.005129781801652281
2025-06-30,UAL,0.005129781801652281
2025-06-30,UBER,0.005129781801652281
2025-06-30,UHS,0.008243351112429801
2025-06-30,ULTA,0.012345214754055972
2025-06-30,V,0.009320096910134447
2025-06-30,VICI,0.0032451578646483055
2025-06-30,VST,0.003531403618053417
2025-06-30,WAT,0.008243351112429801
2025-06-30,WEC,0.003531403618053417
2025-06-30,WFC,0.009320096910134447
2025-06-30,WMB,0.006010171786504707
2025-06-30,WMT,0.007847502674023385
2025-06-30,WRB,0.009320096910134447
2025-06-30,XOM,0.006010171786504707
2025-07-31,APD,0.003780840195382853
2025-07-31,APP,0.02114239049335845
2025-07-31,AVGO,0.02458301829183596
2025-07-31,AXP,0.009101973505427402
2025-07-31,C,0.009101973505427402
2025-07-31,CAT,0.005169360872933815
2025-07-31,CBRE,0.003168140303323124
2025-07-31,CCL,0.012421619329467875
2025-07-31,CEG,0.003613331949172241
2025-07-31,CF,0.003780840195382853
2025-07-31,CIEN,0.02458301829183596
2025-07-31,CME,0.009101973505427402
2025-07-31,CNP,0.003613331949172241
2025-07-31,COIN,0.009101973505427402
2025-07-31,COR,0.00777981292318281
2025-07-31,COST,0.007518279550297505
2025-07-31,CSCO,0.02458301829183596
2025-07-31,CTSH,0.02458301829183596
2025-07-31,CTVA,0.003780840195382853
2025-07-31,CVS,0.00777981292318281
2025-07-31,DAL,0.005169360872933815
2025-07-31,DE,0.005169360872933815
2025-07-31,DGX,0.00777981292318281
2025-07-31,DLTR,0.007518279550297505
2025-07-31,DXCM,0.00777981292318281
2025-07-31,EBAY,0.012421619329467875
2025-07-31,ECHO,0.02114239049335845
2025-07-31,EME,0.005169360872933815
2025-07-31,EQT,0.006020238963051412
2025-07-31,ESS,0.003168140303323124
2025-07-31,EVRG,0.003613331949172241
2025-07-31,EXC,0.003613331949172241
2025-07-31,EXE,0.006020238963051412
2025-07-31,EXPE,0.012421619329467875
2025-07-31,FFIV,0.02458301829183596
2025-07-31,FIX,0.005169360872933815
2025-07-31,FLEX,0.02458301829183596
2025-07-31,FOX,0.02114239049335845
2025-07-31,FOXA,0.02114239049335845
2025-07-31,FTNT,0.02458301829183596
2025-07-31,GE,0.005169360872933815
2025-07-31,GEHC,0.00777981292318281
2025-07-31,GL,0.009101973505427402
2025-07-31,HON,0.005169360872933815
2025-07-31,HPE,0.02458301829183596
2025-07-31,HRL,0.007518279550297505
2025-07-31,HSIC,0.00777981292318281
2025-07-31,HST,0.003168140303323124
2025-07-31,IBM,0.02458301829183596
2025-07-31,JBL,0.02458301829183596
2025-07-31,JCI,0.005169360872933815
2025-07-31,JPM,0.009101973505427402
2025-07-31,KIM,0.003168140303323124
2025-07-31,KR,0.007518279550297505
2025-07-31,LDOS,0.005169360872933815
2025-07-31,LUV,0.005169360872933815
2025-07-31,MAA,0.003168140303323124
2025-07-31,MDT,0.00777981292318281
2025-07-31,MKC,0.007518279550297505
2025-07-31,MMM,0.005169360872933815
2025-07-31,MOS,0.003780840195382853
2025-07-31,MS,0.009101973505427402
2025-07-31,MTB,0.009101973505427402
2025-07-31,NCLH,0.012421619329467875
2025-07-31,NEM,0.003780840195382853
2025-07-31,NFLX,0.02114239049335845
2025-07-31,NRG,0.003613331949172241
2025-07-31,NTRS,0.009101973505427402
2025-07-31,ORCL,0.02458301829183596
2025-07-31,PODD,0.00777981292318281
2025-07-31,RCL,0.012421619329467875
2025-07-31,RJF,0.009101973505427402
2025-07-31,RL,0.012421619329467875
2025-07-31,RMD,0.00777981292318281
2025-07-31,SNA,0.005169360872933815
2025-07-31,SOLV,0.00777981292318281
2025-07-31,STT,0.009101973505427402
2025-07-31,SYF,0.009101973505427402
2025-07-31,SYY,0.007518279550297505
2025-07-31,TDY,0.02458301829183596
2025-07-31,TEL,0.02458301829183596
2025-07-31,TPL,0.006020238963051412
2025-07-31,TPR,0.012421619329467875
2025-07-31,TRGP,0.006020238963051412
2025-07-31,TRMB,0.02458301829183596
2025-07-31,TRV,0.009101973505427402
2025-07-31,TT,0.005169360872933815
2025-07-31,UAL,0.005169360872933815
2025-07-31,UBER,0.005169360872933815
2025-07-31,UHS,0.00777981292318281
2025-07-31,ULTA,0.012421619329467875
2025-07-31,VICI,0.003168140303323124
2025-07-31,VST,0.003613331949172241
2025-07-31,WAB,0.005169360872933815
2025-07-31,WEC,0.003613331949172241
2025-07-31,WFC,0.009101973505427402
2025-07-31,WMB,0.006020238963051412
2025-07-31,WMT,0.007518279550297505
2025-07-31,WRB,0.009101973505427402
2025-08-29,ABT,0.007457819174341515
2025-08-29,ADM,0.007492015806643591
2025-08-29,AEE,0.003496364820566866
2025-08-29,ALLE,0.005099287378001031
2025-08-29,ANET,0.024297005429042923
2025-08-29,APA,0.006126192569129167
2025-08-29,APH,0.024297005429042923
2025-08-29,APO,0.009260188487893138
2025-08-29,APP,0.021878360082063713
2025-08-29,APTV,0.012644978610489367
2025-08-29,BG,0.007492015806643591
2025-08-29,BNY,0.009260188487893138
2025-08-29,C,0.009260188487893138
2025-08-29,CAT,0.005099287378001031
2025-08-29,CBRE,0.0032218567313810446
2025-08-29,CCL,0.012644978610489367
2025-08-29,CEG,0.003496364820566866
2025-08-29,CF,0.003976418158118053
2025-08-29,CIEN,0.024297005429042923
2025-08-29,CINF,0.009260188487893138
2025-08-29,CME,0.009260188487893138
2025-08-29,CMI,0.005099287378001031
2025-08-29,COIN,0.009260188487893138
2025-08-29,COR,0.007457819174341515
2025-08-29,CRH,0.003976418158118053
2025-08-29,CSCO,0.024297005429042923
2025-08-29,CTSH,0.024297005429042923
2025-08-29,CTVA,0.003976418158118053
2025-08-29,CVS,0.007457819174341515
2025-08-29,DAL,0.005099287378001031
2025-08-29,DE,0.005099287378001031
2025-08-29,DG,0.007492015806643591
2025-08-29,DGX,0.007457819174341515
2025-08-29,DLTR,0.007492015806643591
2025-08-29,EBAY,0.012644978610489367
2025-08-29,ECHO,0.021878360082063713
2025-08-29,EME,0.005099287378001031
2025-08-29,EMR,0.005099287378001031
2025-08-29,EQT,0.006126192569129167
2025-08-29,ETR,0.003496364820566866
2025-08-29,EVRG,0.003496364820566866
2025-08-29,EW,0.007457819174341515
2025-08-29,EXC,0.003496364820566866
2025-08-29,EXE,0.006126192569129167
2025-08-29,EXPE,0.012644978610489367
2025-08-29,FIX,0.005099287378001031
2025-08-29,GE,0.005099287378001031
2025-08-29,GILD,0.007457819174341515
2025-08-29,GL,0.009260188487893138
2025-08-29,GLW,0.024297005429042923
2025-08-29,GS,0.009260188487893138
2025-08-29,HPE,0.024297005429042923
2025-08-29,HSIC,0.007457819174341515
2025-08-29,HST,0.0032218567313810446
2025-08-29,HSY,0.007492015806643591
2025-08-29,IBM,0.024297005429042923
2025-08-29,IDXX,0.007457819174341515
2025-08-29,JBL,0.024297005429042923
2025-08-29,JCI,0.005099287378001031
2025-08-29,JNJ,0.007457819174341515
2025-08-29,JPM,0.009260188487893138
2025-08-29,KIM,0.0032218567313810446
2025-08-29,KR,0.007492015806643591
2025-08-29,LITE,0.024297005429042923
2025-08-29,LVS,0.012644978610489367
2025-08-29,LYV,0.021878360082063713
2025-08-29,META,0.021878360082063713
2025-08-29,MNST,0.007492015806643591
2025-08-29,MOS,0.003976418158118053
2025-08-29,NCLH,0.012644978610489367
2025-08-29,NFLX,0.021878360082063713
2025-08-29,NRG,0.003496364820566866
2025-08-29,NTRS,0.009260188487893138
2025-08-29,ORCL,0.024297005429042923
2025-08-29,PCAR,0.005099287378001031
2025-08-29,PODD,0.007457819174341515
2025-08-29,RCL,0.012644978610489367
2025-08-29,REG,0.0032218567313810446
2025-08-29,RJF,0.009260188487893138
2025-08-29,RL,0.012644978610489367
2025-08-29,ROK,0.005099287378001031
2025-08-29,RTX,0.005099287378001031
2025-08-29,SNA,0.005099287378001031
2025-08-29,SOLV,0.007457819174341515
2025-08-29,SPG,0.0032218567313810446
2025-08-29,STLD,0.003976418158118053
2025-08-29,STT,0.009260188487893138
2025-08-29,SYF,0.009260188487893138
2025-08-29,TDY,0.024297005429042923
2025-08-29,TEL,0.024297005429042923
2025-08-29,TRGP,0.006126192569129167
2025-08-29,TRMB,0.024297005429042923
2025-08-29,TRV,0.009260188487893138
2025-08-29,UAL,0.005099287378001031
2025-08-29,URI,0.005099287378001031
2025-08-29,VICI,0.0032218567313810446
2025-08-29,VLO,0.006126192569129167
2025-08-29,VST,0.003496364820566866
2025-08-29,WFC,0.009260188487893138
2025-09-30,ABT,0.0072083043442115755
2025-09-30,ADM,0.0071407497503508475
2025-09-30,AEE,0.0034876298397206436
2025-09-30,ALLE,0.005026498373611764
2025-09-30,ANET,0.02508923954305891
2025-09-30,APA,0.005845354245082697
2025-09-30,APH,0.02508923954305891
2025-09-30,APP,0.022403621329881083
2025-09-30,APTV,0.01283723588250167
2025-09-30,BAC,0.008896880333341097
2025-09-30,BG,0.0071407497503508475
2025-09-30,BNY,0.008896880333341097
2025-09-30,C,0.008896880333341097
2025-09-30,CBRE,0.003086744186521303
2025-09-30,CCL,0.01283723588250167
2025-09-30,CF,0.003744046489696606
2025-09-30,CINF,0.008896880333341097
2025-09-30,CME,0.008896880333341097
2025-09-30,CMI,0.005026498373611764
2025-09-30,CNP,0.0034876298397206436
2025-09-30,COR,0.0072083043442115755
2025-09-30,CRH,0.003744046489696606
2025-09-30,CTSH,0.02508923954305891
2025-09-30,CTVA,0.003744046489696606
2025-09-30,CVS,0.0072083043442115755
2025-09-30,DAL,0.005026498373611764
2025-09-30,DG,0.0071407497503508475
2025-09-30,DGX,0.0072083043442115755
2025-09-30,DLTR,0.0071407497503508475
2025-09-30,DUK,0.0034876298397206436
2025-09-30,EBAY,0.01283723588250167
2025-09-30,ECHO,0.022403621329881083
2025-09-30,EME,0.005026498373611764
2025-09-30,EMR,0.005026498373611764
2025-09-30,EQT,0.005845354245082697
2025-09-30,ETR,0.0034876298397206436
2025-09-30,EVRG,0.0034876298397206436
2025-09-30,EW,0.0072083043442115755
2025-09-30,EXE,0.005845354245082697
2025-09-30,EXPE,0.01283723588250167
2025-09-30,FIX,0.005026498373611764
2025-09-30,FLEX,0.02508923954305891
2025-09-30,GE,0.005026498373611764
2025-09-30,GILD,0.0072083043442115755
2025-09-30,GL,0.008896880333341097
2025-09-30,GLW,0.02508923954305891
2025-09-30,GM,0.01283723588250167
2025-09-30,GOOGL,0.022403621329881083
2025-09-30,GS,0.008896880333341097
2025-09-30,HON,0.005026498373611764
2025-09-30,HPE,0.02508923954305891
2025-09-30,HST,0.003086744186521303
2025-09-30,HSY,0.0071407497503508475
2025-09-30,IBM,0.02508923954305891
2025-09-30,IDXX,0.0072083043442115755
2025-09-30,INCY,0.0072083043442115755
2025-09-30,JBL,0.02508923954305891
2025-09-30,JCI,0.005026498373611764
2025-09-30,JPM,0.008896880333341097
2025-09-30,KEYS,0.02508923954305891
2025-09-30,KIM,0.003086744186521303
2025-09-30,KR,0.0071407497503508475
2025-09-30,LITE,0.02508923954305891
2025-09-30,LYV,0.022403621329881083
2025-09-30,MNST,0.0071407497503508475
2025-09-30,MOS,0.003744046489696606
2025-09-30,MPC,0.005845354245082697
2025-09-30,NCLH,0.01283723588250167
2025-09-30,NFLX,0.022403621329881083
2025-09-30,NRG,0.0034876298397206436
2025-09-30,NTRS,0.008896880333341097
2025-09-30,PCAR,0.005026498373611764
2025-09-30,PODD,0.0072083043442115755
2025-09-30,RCL,0.01283723588250167
2025-09-30,REG,0.003086744186521303
2025-09-30,RF,0.008896880333341097
2025-09-30,RJF,0.008896880333341097
2025-09-30,RL,0.01283723588250167
2025-09-30,ROK,0.005026498373611764
2025-09-30,RTX,0.005026498373611764
2025-09-30,SNA,0.005026498373611764
2025-09-30,SNPS,0.02508923954305891
2025-09-30,SOLV,0.0072083043442115755
2025-09-30,SPG,0.003086744186521303
2025-09-30,STLD,0.003744046489696606
2025-09-30,STT,0.008896880333341097
2025-09-30,SYF,0.008896880333341097
2025-09-30,TDY,0.02508923954305891
2025-09-30,TEL,0.02508923954305891
2025-09-30,TRMB,0.02508923954305891
2025-09-30,UAL,0.005026498373611764
2025-09-30,UBER,0.005026498373611764
2025-09-30,URI,0.005026498373611764
2025-09-30,VICI,0.003086744186521303
2025-09-30,VLO,0.005845354245082697
2025-09-30,VST,0.0034876298397206436
2025-09-30,WFC,0.008896880333341097
2025-09-30,WRB,0.008896880333341097
2025-09-30,ZBH,0.0072083043442115755
2025-10-31,ABT,0.007328848973207426
2025-10-31,ADM,0.006871175890884487
2025-10-31,AEP,0.0034704611590285566
2025-10-31,ALLE,0.004971779483605685
2025-10-31,AMAT,0.025976958313669633
2025-10-31,ANET,0.025976958313669633
2025-10-31,APA,0.005617960704681507
2025-10-31,APH,0.025976958313669633
2025-10-31,APP,0.022129304635924222
2025-10-31,APTV,0.012998147667135989
2025-10-31,BG,0.006871175890884487
2025-10-31,BNY,0.008408311053137685
2025-10-31,BRK-B,0.008408311053137685
2025-10-31,C,0.008408311053137685
2025-10-31,CAT,0.004971779483605685
2025-10-31,CBRE,0.00293041525656147
2025-10-31,CEG,0.0034704611590285566
2025-10-31,CF,0.003467329687942061
2025-10-31,CI,0.007328848973207426
2025-10-31,CINF,0.008408311053137685
2025-10-31,CME,0.008408311053137685
2025-10-31,CMI,0.004971779483605685
2025-10-31,CNP,0.0034704611590285566
2025-10-31,COR,0.007328848973207426
2025-10-31,CRH,0.003467329687942061
2025-10-31,CTSH,0.025976958313669633
2025-10-31,CVS,0.007328848973207426
2025-10-31,DAL,0.004971779483605685
2025-10-31,DG,0.006871175890884487
2025-10-31,DGX,0.007328848973207426
2025-10-31,DLTR,0.006871175890884487
2025-10-31,EBAY,0.012998147667135989
2025-10-31,ECHO,0.022129304635924222
2025-10-31,EME,0.004971779483605685
2025-10-31,EQT,0.005617960704681507
2025-10-31,EVRG,0.0034704611590285566
2025-10-31,EW,0.007328848973207426
2025-10-31,EXC,0.0034704611590285566
2025-10-31,EXE,0.005617960704681507
2025-10-31,EXPE,0.012998147667135989
2025-10-31,F,0.012998147667135989
2025-10-31,FIX,0.004971779483605685
2025-10-31,FSLR,0.025976958313669633
2025-10-31,GE,0.004971779483605685
2025-10-31,GL,0.008408311053137685
2025-10-31,GLW,0.025976958313669633
2025-10-31,GOOGL,0.022129304635924222
2025-10-31,GPC,0.012998147667135989
2025-10-31,GS,0.008408311053137685
2025-10-31,HIG,0.008408311053137685
2025-10-31,HII,0.004971779483605685
2025-10-31,HON,0.004971779483605685
2025-10-31,HPE,0.025976958313669633
2025-10-31,HST,0.00293041525656147
2025-10-31,HSY,0.006871175890884487
2025-10-31,HUM,0.007328848973207426
2025-10-31,IBM,0.025976958313669633
2025-10-31,IDXX,0.007328848973207426
2025-10-31,INTC,0.025976958313669633
2025-10-31,IVZ,0.008408311053137685
2025-10-31,JBL,0.025976958313669633
2025-10-31,JNJ,0.007328848973207426
2025-10-31,JPM,0.008408311053137685
2025-10-31,KR,0.006871175890884487
2025-10-31,L,0.008408311053137685
2025-10-31,LHX,0.004971779483605685
2025-10-31,MNST,0.006871175890884487
2025-10-31,MOS,0.003467329687942061
2025-10-31,MPC,0.005617960704681507
2025-10-31,MU,0.025976958313669633
2025-10-31,NEM,0.003467329687942061
2025-10-31,NFLX,0.022129304635924222
2025-10-31,NOC,0.004971779483605685
2025-10-31,NRG,0.0034704611590285566
2025-10-31,NTRS,0.008408311053137685
2025-10-31,O,0.00293041525656147
2025-10-31,RCL,0.012998147667135989
2025-10-31,REG,0.00293041525656147
2025-10-31,RL,0.012998147667135989
2025-10-31,ROK,0.004971779483605685
2025-10-31,RTX,0.004971779483605685
2025-10-31,SNA,0.004971779483605685
2025-10-31,SOLV,0.007328848973207426
2025-10-31,SPG,0.00293041525656147
2025-10-31,STLD,0.003467329687942061
2025-10-31,SYF,0.008408311053137685
2025-10-31,TDY,0.025976958313669633
2025-10-31,TEL,0.025976958313669633
2025-10-31,TKO,0.022129304635924222
2025-10-31,TRMB,0.025976958313669633
2025-10-31,UBER,0.004971779483605685
2025-10-31,UHS,0.007328848973207426
2025-10-31,ULTA,0.012998147667135989
2025-10-31,URI,0.004971779483605685
2025-10-31,VICI,0.00293041525656147
2025-10-31,VLO,0.005617960704681507
2025-10-31,VST,0.0034704611590285566
2025-10-31,WFC,0.008408311053137685
2025-10-31,WRB,0.008408311053137685
2025-11-28,ABT,0.008041115659641104
2025-11-28,ADM,0.007177040260838231
2025-11-28,AEP,0.0035175345150536097
2025-11-28,ALLE,0.004928916153138682
2025-11-28,AMAT,0.02479847970310648
2025-11-28,AOS,0.004928916153138682
2025-11-28,APA,0.0057222551102311696
2025-11-28,APH,0.02479847970310648
2025-11-28,APP,0.023523649733398183
2025-11-28,APTV,0.012516224675522162
2025-11-28,BAC,0.008553566080997084
2025-11-28,BG,0.007177040260838231
2025-11-28,BNY,0.008553566080997084
2025-11-28,BRK-B,0.008553566080997084
2025-11-28,C,0.008553566080997084
2025-11-28,CAT,0.004928916153138682
2025-11-28,CBRE,0.0030043411300347267
2025-11-28,CEG,0.0035175345150536097
2025-11-28,CF,0.0035910940803013103
2025-11-28,CHRW,0.004928916153138682
2025-11-28,CINF,0.008553566080997084
2025-11-28,CME,0.008553566080997084
2025-11-28,CMI,0.004928916153138682
2025-11-28,COR,0.008041115659641104
2025-11-28,CRH,0.0035910940803013103
2025-11-28,CTSH,0.02479847970310648
2025-11-28,CTVA,0.0035910940803013103
2025-11-28,CVS,0.008041115659641104
2025-11-28,DAL,0.004928916153138682
2025-11-28,DG,0.007177040260838231
2025-11-28,DGX,0.008041115659641104
2025-11-28,DLTR,0.007177040260838231
2025-11-28,EBAY,0.012516224675522162
2025-11-28,ECHO,0.023523649733398183
2025-11-28,EME,0.004928916153138682
2025-11-28,EQT,0.0057222551102311696
2025-11-28,ETR,0.0035175345150536097
2025-11-28,EVRG,0.0035175345150536097
2025-11-28,EW,0.008041115659641104
2025-11-28,EXC,0.0035175345150536097
2025-11-28,EXE,0.0057222551102311696
2025-11-28,EXPD,0.004928916153138682
2025-11-28,EXPE,0.012516224675522162
2025-11-28,F,0.012516224675522162
2025-11-28,FOXA,0.023523649733398183
2025-11-28,FSLR,0.02479847970310648
2025-11-28,GD,0.004928916153138682
2025-11-28,GE,0.004928916153138682
2025-11-28,GILD,0.008041115659641104
2025-11-28,GL,0.008553566080997084
2025-11-28,GM,0.012516224675522162
2025-11-28,GOOG,0.023523649733398183
2025-11-28,GOOGL,0.023523649733398183
2025-11-28,GPC,0.012516224675522162
2025-11-28,GS,0.008553566080997084
2025-11-28,HII,0.004928916153138682
2025-11-28,HPE,0.02479847970310648
2025-11-28,HST,0.0030043411300347267
2025-11-28,IBM,0.02479847970310648
2025-11-28,IDXX,0.008041115659641104
2025-11-28,INCY,0.008041115659641104
2025-11-28,IVZ,0.008553566080997084
2025-11-28,JBL,0.02479847970310648
2025-11-28,JNJ,0.008041115659641104
2025-11-28,JPM,0.008553566080997084
2025-11-28,KO,0.007177040260838231
2025-11-28,LHX,0.004928916153138682
2025-11-28,LVS,0.012516224675522162
2025-11-28,MDLZ,0.007177040260838231
2025-11-28,MNST,0.007177040260838231
2025-11-28,MOS,0.0035910940803013103
2025-11-28,MPC,0.0057222551102311696
2025-11-28,MPWR,0.02479847970310648
2025-11-28,MU,0.02479847970310648
2025-11-28,NRG,0.0035175345150536097
2025-11-28,NTRS,0.008553566080997084
2025-11-28,O,0.0030043411300347267
2025-11-28,QCOM,0.02479847970310648
2025-11-28,REG,0.0030043411300347267
2025-11-28,ROK,0.004928916153138682
2025-11-28,RTX,0.004928916153138682
2025-11-28,SOLV,0.008041115659641104
2025-11-28,SPG,0.0030043411300347267
2025-11-28,STLD,0.0035910940803013103
2025-11-28,STT,0.008553566080997084
2025-11-28,SYF,0.008553566080997084
2025-11-28,TDY,0.02479847970310648
2025-11-28,TEL,0.02479847970310648
2025-11-28,TER,0.02479847970310648
2025-11-28,TRMB,0.02479847970310648
2025-11-28,UBER,0.004928916153138682
2025-11-28,UHS,0.008041115659641104
2025-11-28,ULTA,0.012516224675522162
2025-11-28,VICI,0.0030043411300347267
2025-11-28,VLO,0.0057222551102311696
2025-11-28,VST,0.0035175345150536097
2025-11-28,WFC,0.008553566080997084
2025-11-28,WRB,0.008553566080997084
2025-11-28,XYL,0.004928916153138682
2025-12-31,ABT,0.007947092333925479
2025-12-31,ADM,0.008204841293644592
2025-12-31,AEP,0.0033392307257895646
2025-12-31,ALLE,0.004821340972819518
2025-12-31,AMAT,0.024751972384742013
2025-12-31,AMGN,0.007947092333925479
2025-12-31,APA,0.005741249577825003
2025-12-31,APH,0.024751972384742013
2025-12-31,APP,0.023426578154183295
2025-12-31,BAC,0.00884777508885013
2025-12-31,BG,0.008204841293644592
2025-12-31,BIIB,0.007947092333925479
2025-12-31,BNY,0.00884777508885013
2025-12-31,C,0.00884777508885013
2025-12-31,CAT,0.004821340972819518
2025-12-31,CBRE,0.002926165084796065
2025-12-31,CEG,0.0033392307257895646
2025-12-31,CHRW,0.004821340972819518
2025-12-31,CINF,0.00884777508885013
2025-12-31,CME,0.00884777508885013
2025-12-31,CMI,0.004821340972819518
2025-12-31,COR,0.007947092333925479
2025-12-31,CRH,0.003672368222824693
2025-12-31,CSCO,0.024751972384742013
2025-12-31,CVS,0.007947092333925479
2025-12-31,DAL,0.004821340972819518
2025-12-31,DG,0.008204841293644592
2025-12-31,DGX,0.007947092333925479
2025-12-31,DVN,0.005741249577825003
2025-12-31,EBAY,0.012729331989653933
2025-12-31,EME,0.004821340972819518
2025-12-31,EQT,0.005741249577825003
2025-12-31,ES,0.0033392307257895646
2025-12-31,EVRG,0.0033392307257895646
2025-12-31,EXC,0.0033392307257895646
2025-12-31,EXPD,0.004821340972819518
2025-12-31,EXPE,0.012729331989653933
2025-12-31,F,0.012729331989653933
2025-12-31,FERG,0.004821340972819518
2025-12-31,FIX,0.004821340972819518
2025-12-31,FLEX,0.024751972384742013
2025-12-31,FOX,0.023426578154183295
2025-12-31,FOXA,0.023426578154183295
2025-12-31,FSLR,0.024751972384742013
2025-12-31,GD,0.004821340972819518
2025-12-31,GE,0.004821340972819518
2025-12-31,GL,0.00884777508885013
2025-12-31,GM,0.012729331989653933
2025-12-31,GOOG,0.023426578154183295
2025-12-31,GOOGL,0.023426578154183295
2025-12-31,GS,0.00884777508885013
2025-12-31,HIG,0.00884777508885013
2025-12-31,HII,0.004821340972819518
2025-12-31,HST,0.002926165084796065
2025-12-31,HSY,0.008204841293644592
2025-12-31,IDXX,0.007947092333925479
2025-12-31,INCY,0.007947092333925479
2025-12-31,INTC,0.024751972384742013
2025-12-31,IVZ,0.00884777508885013
2025-12-31,JBL,0.024751972384742013
2025-12-31,JNJ,0.007947092333925479
2025-12-31,JPM,0.00884777508885013
2025-12-31,KLAC,0.024751972384742013
2025-12-31,KO,0.008204841293644592
2025-12-31,LDOS,0.004821340972819518
2025-12-31,LHX,0.004821340972819518
2025-12-31,LRCX,0.024751972384742013
2025-12-31,MCHP,0.024751972384742013
2025-12-31,MGM,0.012729331989653933
2025-12-31,MOS,0.003672368222824693
2025-12-31,MPC,0.005741249577825003
2025-12-31,MPWR,0.024751972384742013
2025-12-31,NEM,0.003672368222824693
2025-12-31,NRG,0.0033392307257895646
2025-12-31,NTRS,0.00884777508885013
2025-12-31,NUE,0.003672368222824693
2025-12-31,O,0.002926165084796065
2025-12-31,PHM,0.012729331989653933
2025-12-31,PLD,0.002926165084796065
2025-12-31,RL,0.012729331989653933
2025-12-31,SMCI,0.024751972384742013
2025-12-31,SOLV,0.007947092333925479
2025-12-31,SPG,0.002926165084796065
2025-12-31,STLD,0.003672368222824693
2025-12-31,STT,0.00884777508885013
2025-12-31,SYF,0.00884777508885013
2025-12-31,TEL,0.024751972384742013
2025-12-31,TPR,0.012729331989653933
2025-12-31,TRMB,0.024751972384742013
2025-12-31,TRV,0.00884777508885013
2025-12-31,TSN,0.008204841293644592
2025-12-31,UAL,0.004821340972819518
2025-12-31,UBER,0.004821340972819518
2025-12-31,UHS,0.007947092333925479
2025-12-31,VICI,0.002926165084796065
2025-12-31,VLO,0.005741249577825003
2025-12-31,VST,0.0033392307257895646
2025-12-31,WFC,0.00884777508885013
