session_date,available_at,clock_label,price,upper,lower,vwap,position,shares,day_target_shares,day_exposure,reason,equity_mtm,cash,variant
2025-04-02,10:00:00,09:30:00,555.3837,557.7698,555.3837,555.3837,0,0,302,1.6819329299852235,BC_stay_flat,100000.0,100000.0,C
2025-04-02,10:30:00,10:00:00,557.6407,558.896813744306,554.261507541277,556.1556244663591,0,0,302,1.6819329299852235,BC_stay_flat,100000.0,100000.0,C
2025-04-02,11:00:00,10:30:00,558.8339,559.5366618540828,553.6243966567401,556.7568006677504,0,0,302,1.6819329299852235,BC_stay_flat,100000.0,100000.0,C
2025-04-02,11:30:00,11:00:00,560.0867,559.5486438128803,553.6124659559202,557.4300935790885,1,302,302,1.6819329299852235,BC_enter_long,99998.641,-69147.54239999998,C
2025-04-02,12:00:00,11:30:00,559.1322,560.00378763003,553.1592692120294,557.7299880351084,0,0,302,1.6819329299852235,BC_exit_long,99709.02300000004,99709.02300000004,C
2025-04-02,12:30:00,12:00:00,561.1009,559.9278813759963,553.2348507444435,558.1063537794519,1,302,302,1.6819329299852235,BC_enter_long,99707.66400000005,-69744.80779999995,C
2025-04-02,13:00:00,12:30:00,562.4581,560.1289551079552,553.0346371917768,558.7649988348671,1,302,302,1.6819329299852235,BC_hold_long,100117.53840000002,-69744.80779999995,C
2025-04-02,13:30:00,13:00:00,562.7912,560.2127268088914,552.9512238602891,559.3025602341357,1,302,302,1.6819329299852235,BC_hold_long,100218.13460000005,-69744.80779999995,C
2025-04-02,14:00:00,13:30:00,560.6435,560.3289457927975,552.8355020530273,559.4644760554474,1,302,302,1.6819329299852235,BC_hold_long,99569.52920000005,-69744.80779999995,C
2025-04-02,14:30:00,14:00:00,557.7998,560.2143381392553,552.9496194230833,559.3122613011135,0,0,302,1.6819329299852235,BC_exit_long,98709.37280000004,98709.37280000004,C
2025-04-02,15:00:00,14:30:00,558.118,560.7137466693658,552.4523473275622,559.2054616665283,0,0,302,1.6819329299852235,BC_stay_flat,98709.37280000004,98709.37280000004,C
2025-04-02,15:30:00,15:00:00,559.689,560.9009610060879,552.2659338806138,559.2371037016827,0,0,302,1.6819329299852235,BC_stay_flat,98709.37280000004,98709.37280000004,C
2025-04-02,16:00:00,15:30:00,561.2997,561.1960117400398,551.9721453529634,559.6985848778005,0,0,302,1.6819329299852235,session_close_flatten,98709.37280000004,98709.37280000004,C
2025-04-03,10:00:00,09:30:00,541.041,561.2995,541.041,541.041,0,0,323,1.7745187617726499,BC_stay_flat,98709.37280000004,98709.37280000004,C
2025-04-03,10:30:00,10:00:00,539.8726,562.4234100693784,539.9576542499208,540.5717226977987,-1,-323,323,1.7745187617726499,BC_enter_short,98707.91930000007,273086.7691000001,C
2025-04-03,11:00:00,10:30:00,537.0588,563.2314866652505,539.178742867482,539.7877565078745,-1,-323,323,1.7745187617726499,BC_hold_short,99616.77670000007,273086.7691000001,C
2025-04-03,11:30:00,11:00:00,538.5701,563.3912415847277,539.0247538448856,539.5756134292741,-1,-323,323,1.7745187617726499,BC_hold_short,99128.62680000009,273086.7691000001,C
2025-04-03,12:00:00,11:30:00,540.499,563.6589550206911,538.766702759668,539.6940927775981,0,0,323,1.7745187617726499,BC_exit_short,98504.1386000001,98504.1386000001,C
2025-04-03,12:30:00,12:00:00,542.8456,563.7232369291256,538.7047409228567,540.000737143446,0,0,323,1.7745187617726499,BC_stay_flat,98504.1386000001,98504.1386000001,C
2025-04-03,13:00:00,12:30:00,540.33,564.0271745734286,538.4117730384895,540.0259529304623,0,0,323,1.7745187617726499,BC_stay_flat,98504.1386000001,98504.1386000001,C
2025-04-03,13:30:00,13:00:00,539.0225,564.0213415619182,538.4173955241332,539.9711174073393,0,0,323,1.7745187617726499,BC_stay_flat,98504.1386000001,98504.1386000001,C
2025-04-03,14:00:00,13:30:00,538.7889,563.9102567483136,538.5244710491203,539.908800158411,0,0,323,1.7745187617726499,BC_stay_flat,98504.1386000001,98504.1386000001,C
2025-04-03,14:30:00,14:00:00,537.6603,563.8129342915538,538.6182809301691,539.7735395568516,-1,-323,323,1.7745187617726499,BC_enter_short,98502.68510000012,272166.9620000001,C
2025-04-03,15:00:00,14:30:00,538.7093,564.3898050739659,538.062230648658,539.697693686592,0,0,323,1.7745187617726499,BC_exit_short,98162.40460000013,98162.40460000013,C
2025-04-03,15:30:00,15:00:00,536.1142,564.5239434345253,537.9329336285548,539.37496063551,-1,-323,323,1.7745187617726499,BC_enter_short,98160.9511000001,271325.8377000001,C
2025-04-03,16:00:00,15:30:00,533.6384,564.9328063464355,537.538827454003,537.86789182791,0,0,323,1.7745187617726499,session_close_flatten,98959.24560000008,98959.24560000008,C
2025-04-04,10:00:00,09:30:00,519.9768,533.6382,519.9768,519.9768,0,0,229,1.2057072750100704,BC_stay_flat,98959.24560000008,98959.24560000008,C
2025-04-04,10:30:00,10:00:00,513.2007,534.7886100288687,518.855841032859,517.5088611977078,-1,-229,229,1.2057072750100704,BC_enter_short,98958.21510000007,216481.17540000007,C
2025-04-04,11:00:00,10:30:00,512.2809,535.5173416253708,518.1457653231213,515.6730441365131,-1,-229,229,1.2057072750100704,BC_hold_short,99168.84930000007,216481.17540000007,C
2025-04-04,11:30:00,11:00:00,513.3946,535.5155111856305,518.1475489027054,514.9969519497896,-1,-229,229,1.2057072750100704,BC_hold_short,98913.81200000008,216481.17540000007,C
2025-04-04,12:00:00,11:30:00,512.1517,535.5636585090274,518.1006341744335,514.6461973942489,-1,-229,229,1.2057072750100704,BC_hold_short,99198.43610000006,216481.17540000007,C
2025-04-04,12:30:00,12:00:00,509.3675,535.844789492671,517.82670028204,514.2419391302242,-1,-229,229,1.2057072750100704,BC_hold_short,99836.01790000006,216481.17540000007,C
2025-04-04,13:00:00,12:30:00,509.0495,535.9379555137433,517.7359193568628,513.818409647921,-1,-229,229,1.2057072750100704,BC_hold_short,99908.83990000006,216481.17540000007,C
2025-04-04,13:30:00,13:00:00,507.9658,536.0587567117507,517.6182107288523,513.2736537399553,-1,-229,229,1.2057072750100704,BC_hold_short,100157.00720000007,216481.17540000007,C
2025-04-04,14:00:00,13:30:00,511.8136,536.0216140964144,517.6544024749943,513.1592879525364,-1,-229,229,1.2057072750100704,BC_hold_short,99275.86100000006,216481.17540000007,C
2025-04-04,14:30:00,14:00:00,505.9721,536.0058580247537,517.6697551834824,512.5910218019703,-1,-229,229,1.2057072750100704,BC_hold_short,100613.56450000007,216481.17540000007,C
2025-04-04,15:00:00,14:30:00,505.0922,536.4102348208684,517.2757306319455,511.9726628490157,-1,-229,229,1.2057072750100704,BC_hold_short,100815.06160000007,216481.17540000007,C
2025-04-04,15:30:00,15:00:00,507.3393,536.7140937803332,516.979650611074,511.5795889774762,-1,-229,229,1.2057072750100704,BC_hold_short,100300.47570000007,216481.17540000007,C
2025-04-04,16:00:00,15:30:00,502.6562,537.2156371275867,516.4909470198278,509.55477975160295,0,0,229,1.2057072750100704,session_close_flatten,101431.11740000008,101431.11740000008,C
2025-04-07,10:00:00,09:30:00,492.6188,502.3975,492.6188,492.6188,0,0,188,0.913748777447013,BC_stay_flat,101431.11740000008,101431.11740000008,C
2025-04-07,10:30:00,10:00:00,495.716,503.8888620781455,491.1564658974188,494.62011652379334,0,0,188,0.913748777447013,BC_stay_flat,101431.11740000008,101431.11740000008,C
2025-04-07,11:00:00,10:30:00,502.7257,504.6098559036323,490.4495055460662,496.5544237925616,0,0,188,0.913748777447013,BC_stay_flat,101431.11740000008,101431.11740000008,C
2025-04-07,11:30:00,11:00:00,491.1522,504.53285982572913,490.52500296693574,495.51942510064646,0,0,188,0.913748777447013,BC_stay_flat,101431.11740000008,101431.11740000008,C
2025-04-07,12:00:00,11:30:00,496.6606,504.6477804337566,490.4123191816427,495.61803711873046,0,0,188,0.913748777447013,BC_stay_flat,101431.11740000008,101431.11740000008,C
2025-04-07,12:30:00,12:00:00,496.3921,505.1090444662704,489.9600332244473,495.6545041507653,0,0,188,0.913748777447013,BC_stay_flat,101431.11740000008,101431.11740000008,C
2025-04-07,13:00:00,12:30:00,493.0314,505.26058695465997,489.8114403696271,495.5458495637227,0,0,188,0.913748777447013,BC_stay_flat,101431.11740000008,101431.11740000008,C
2025-04-07,13:30:00,13:00:00,502.7457,505.4783138936424,489.59795128297924,496.02353773815315,0,0,188,0.913748777447013,BC_stay_flat,101431.11740000008,101431.11740000008,C
2025-04-07,14:00:00,13:30:00,506.3052,505.0971760550519,489.9716706280815,496.595235738486,1,188,188,0.913748777447013,BC_enter_long,101430.27140000007,6244.893800000069,C
2025-04-07,14:30:00,14:00:00,502.2883,505.3890151444082,489.6855119151266,496.84862268091285,0,0,188,0.913748777447013,BC_exit_long,100674.24820000006,100674.24820000006,C
2025-04-07,15:00:00,14:30:00,500.2301,505.79398865059363,489.2884208415268,496.96463847238243,0,0,188,0.913748777447013,BC_stay_flat,100674.24820000006,100674.24820000006,C
2025-04-07,15:30:00,15:00:00,497.7891,505.94429405193245,489.1410409950088,497.00681422547297,0,0,188,0.913748777447013,BC_stay_flat,100674.24820000006,100674.24820000006,C
2025-04-07,16:00:00,15:30:00,501.5028,506.8507421187929,488.2522360965785,497.44855627038623,0,0,188,0.913748777447013,session_close_flatten,100674.24820000006,100674.24820000006,C
2025-04-08,10:00:00,09:30:00,520.0563,520.0563,501.5026,520.0563,0,0,176,0.9122184862461682,BC_stay_flat,100674.24820000006,100674.24820000006,C
2025-04-08,10:30:00,10:00:00,520.3049,521.804730637536,499.8165469502745,520.1426291770783,0,0,176,0.9122184862461682,BC_stay_flat,100674.24820000006,100674.24820000006,C
2025-04-08,11:00:00,10:30:00,514.8362,523.1021667973454,498.56539855061385,518.996638790308,0,0,176,0.9122184862461682,BC_stay_flat,100674.24820000006,100674.24820000006,C
2025-04-08,11:30:00,11:00:00,511.2817,522.3181072896721,499.3214856928191,517.3826930961924,0,0,176,0.9122184862461682,BC_stay_flat,100674.24820000006,100674.24820000006,C
2025-04-08,12:00:00,11:30:00,513.4045,522.6173489339553,499.0329198920851,516.8310230167209,0,0,176,0.9122184862461682,BC_stay_flat,100674.24820000006,100674.24820000006,C
2025-04-08,12:30:00,12:00:00,510.9883,523.0849972139224,498.5819555863185,516.2394329551173,0,0,176,0.9122184862461682,BC_stay_flat,100674.24820000006,100674.24820000006,C
2025-04-08,13:00:00,12:30:00,504.3365,523.0457485822886,498.61980397083136,513.6547623912602,0,0,176,0.9122184862461682,BC_stay_flat,100674.24820000006,100674.24820000006,C
2025-04-08,13:30:00,13:00:00,499.4744,523.9962097976327,497.7032517231339,511.4546985042807,0,0,176,0.9122184862461682,BC_stay_flat,100674.24820000006,100674.24820000006,C
2025-04-08,14:00:00,13:30:00,503.6505,523.878519654394,497.81674311402486,510.6147913942341,0,0,176,0.9122184862461682,BC_stay_flat,100674.24820000006,100674.24820000006,C
2025-04-08,14:30:00,14:00:00,499.7031,523.8659666256661,497.8288482967617,509.95485527973796,0,0,176,0.9122184862461682,BC_stay_flat,100674.24820000006,100674.24820000006,C
2025-04-08,15:00:00,14:30:00,499.0469,524.1060286052801,497.59735084747103,509.042766844271,0,0,176,0.9122184862461682,BC_stay_flat,100674.24820000006,100674.24820000006,C
2025-04-08,15:30:00,15:00:00,494.4271,524.0827677795579,497.61978181230666,507.39754010307485,-1,-176,176,0.9122184862461682,BC_enter_short,100673.45620000007,187692.62580000007,C
2025-04-08,16:00:00,15:30:00,493.6479,525.3183362124388,496.42829392615334,504.27580488348445,0,0,176,0.9122184862461682,session_close_flatten,100809.85620000007,100809.85620000007,C
2025-04-09,10:00:00,09:30:00,497.3466,497.3466,493.6476,497.3466,0,0,189,0.935121306922119,BC_stay_flat,100809.85620000007,100809.85620000007,C
2025-04-09,10:30:00,10:00:00,496.1535,499.01038504073745,491.99618930919416,496.9067668954941,0,0,189,0.935121306922119,BC_stay_flat,100809.85620000007,100809.85620000007,C
2025-04-09,11:00:00,10:30:00,490.317,500.5681753822103,490.4499849853459,495.3070802836349,-1,-189,189,0.935121306922119,BC_enter_short,100809.00570000007,193478.91870000007,C
2025-04-09,11:30:00,11:00:00,495.3581,500.07817236509925,490.93634362012824,495.31457667878016,0,0,189,0.935121306922119,BC_exit_short,99855.38730000007,99855.38730000007,C
2025-04-09,12:00:00,11:30:00,493.0811,500.1462902088065,490.86873240078296,495.0644852068134,0,0,189,0.935121306922119,BC_stay_flat,99855.38730000007,99855.38730000007,C
2025-04-09,12:30:00,12:00:00,496.233,500.77241542064615,490.2472639758974,495.14957542319337,0,0,189,0.935121306922119,BC_stay_flat,99855.38730000007,99855.38730000007,C
2025-04-09,13:00:00,12:30:00,498.4801,501.23082694181363,489.7922618762819,495.4132912187787,0,0,189,0.935121306922119,BC_stay_flat,99855.38730000007,99855.38730000007,C
2025-04-09,13:30:00,13:00:00,521.7765,502.4745092251854,488.5578294415391,506.47916999132303,1,189,189,0.935121306922119,BC_enter_long,99854.53680000007,1238.778300000064,C
2025-04-09,14:00:00,13:30:00,532.5198,502.0375652117845,488.9915236973151,512.7305392493802,1,189,189,0.935121306922119,BC_hold_long,101885.02050000007,1238.778300000064,C
2025-04-09,14:30:00,14:00:00,535.2393,502.3405503713953,488.69079198048524,515.5953728832438,1,189,189,0.935121306922119,BC_hold_long,102399.00600000005,1238.778300000064,C
2025-04-09,15:00:00,14:30:00,528.14,502.39454197119886,488.6372019415402,516.718365651807,1,189,189,0.935121306922119,BC_hold_long,101057.23830000006,1238.778300000064,C
2025-04-09,15:30:00,15:00:00,537.556,502.7606108817571,488.2738556572152,518.5347431127553,1,189,189,0.935121306922119,BC_hold_long,102836.86230000007,1238.778300000064,C
2025-04-09,16:00:00,15:30:00,545.4904,503.9907251305149,487.05289034524753,523.881491990171,0,0,189,0.935121306922119,session_close_flatten,104335.57560000005,104335.57560000005,C
2025-04-10,10:00:00,09:30:00,525.8864,545.4902,525.8864,525.8864,0,0,106,0.5362360017374127,BC_stay_flat,104335.57560000005,104335.57560000005,C
2025-04-10,10:30:00,10:00:00,525.2665,547.2104643143966,524.2279584599934,525.6588069774007,0,0,106,0.5362360017374127,BC_stay_flat,104335.57560000005,104335.57560000005,C
2025-04-10,11:00:00,10:30:00,523.3773,549.3756049431139,522.1406285487872,525.1129242203006,0,0,106,0.5362360017374127,BC_stay_flat,104335.57560000005,104335.57560000005,C
2025-04-10,11:30:00,11:00:00,520.812,548.4838084258131,523.0003757266757,524.3210843454102,-1,-106,106,0.5362360017374127,BC_enter_short,104335.09860000004,159541.17060000004,C
2025-04-10,12:00:00,11:30:00,515.3633,548.7967235773566,522.6987061044705,522.4702160503451,-1,-106,106,0.5362360017374127,BC_hold_short,104912.66080000004,159541.17060000004,C
2025-04-10,12:30:00,12:00:00,508.7562,549.3039347596401,522.2097230527294,518.7153104532167,-1,-106,106,0.5362360017374127,BC_hold_short,105613.01340000005,159541.17060000004,C
2025-04-10,13:00:00,12:30:00,516.7255,549.784909648326,521.746033415956,518.3596001630154,-1,-106,106,0.5362360017374127,BC_hold_short,104768.26760000005,159541.17060000004,C
2025-04-10,13:30:00,13:00:00,515.9996,552.9025426906077,518.7404417167347,518.0394088549087,-1,-106,106,0.5362360017374127,BC_hold_short,104845.21300000005,159541.17060000004,C
2025-04-10,14:00:00,13:30:00,521.1998,553.2931272933606,518.3638939242406,518.3352502897887,0,0,106,0.5362360017374127,BC_exit_short,104293.51480000005,104293.51480000005,C
2025-04-10,14:30:00,14:00:00,525.525,553.765658159109,517.9083448495235,518.9838987977374,0,0,106,0.5362360017374127,BC_stay_flat,104293.51480000005,104293.51480000005,C
2025-04-10,15:00:00,14:30:00,522.3631,553.2858858479887,518.3708751269047,519.2174173279584,0,0,106,0.5362360017374127,BC_stay_flat,104293.51480000005,104293.51480000005,C
2025-04-10,15:30:00,15:00:00,519.4001,554.454292531679,517.2444585851925,519.2295219206396,0,0,106,0.5362360017374127,BC_stay_flat,104293.51480000005,104293.51480000005,C
2025-04-10,16:00:00,15:30:00,521.5876,556.4873246011946,515.2844895222797,519.652360822587,0,0,106,0.5362360017374127,session_close_flatten,104293.51480000005,104293.51480000005,C
2025-04-11,10:00:00,09:30:00,522.1464,522.1464,521.5873,522.1464,0,0,102,0.5131430815702236,BC_stay_flat,104293.51480000005,104293.51480000005,C
2025-04-11,10:30:00,10:00:00,517.5607,523.827645402225,519.9078548290978,519.9948656361954,-1,-102,102,0.5131430815702236,BC_enter_short,104293.05580000005,157084.24720000004,C
2025-04-11,11:00:00,10:30:00,519.937,525.9363475694905,517.801410602099,519.9820237247478,0,0,102,0.5131430815702236,BC_exit_short,104050.21420000005,104050.21420000005,C
2025-04-11,11:30:00,11:00:00,519.9768,525.3637466735474,518.373398372756,519.9810951082737,0,0,102,0.5131430815702236,BC_stay_flat,104050.21420000005,104050.21420000005,C
2025-04-11,12:00:00,11:30:00,523.944,526.017058003498,517.7207865906038,520.370028720492,0,0,102,0.5131430815702236,BC_stay_flat,104050.21420000005,104050.21420000005,C
2025-04-11,12:30:00,12:00:00,524.5009,526.8499969119316,516.8887395702379,520.7473059298406,0,0,102,0.5131430815702236,BC_stay_flat,104050.21420000005,104050.21420000005,C
2025-04-11,13:00:00,12:30:00,528.7863,526.6612755002227,517.0772589042513,521.7901951432314,1,102,102,0.5131430815702236,BC_enter_long,104049.75520000004,50113.55260000005,C
2025-04-11,13:30:00,13:00:00,526.8027,529.7982163337922,513.9436770206238,522.2039647912202,0,0,102,0.5131430815702236,BC_exit_long,103846.96900000004,103846.96900000004,C
2025-04-11,14:00:00,13:30:00,531.6697,529.7503288104231,513.9915132673503,523.4489113221409,1,102,102,0.5131430815702236,BC_enter_long,103846.51000000004,49616.20060000003,C
2025-04-11,14:30:00,14:00:00,530.1584,529.947515431965,513.7945377878178,523.9418217692887,1,102,102,0.5131430815702236,BC_hold_long,103692.35740000004,49616.20060000003,C
2025-04-11,15:00:00,14:30:00,529.1342,529.6838798508783,514.0578910751775,524.2413508626569,0,0,102,0.5131430815702236,BC_exit_long,103587.43000000002,103587.43000000002,C
2025-04-11,15:30:00,15:00:00,531.441,531.0477206393167,512.6955106499337,524.7900082931432,1,102,102,0.5131430815702236,BC_enter_long,103586.97100000002,49379.989000000016,C
2025-04-11,16:00:00,15:30:00,530.8942,532.7093936355968,511.0356169273827,525.9187586862336,0,0,102,0.5131430815702236,session_close_flatten,103530.71800000002,103530.71800000002,C
2025-04-14,10:00:00,09:30:00,537.5858,537.5858,530.894,537.5858,0,0,98,0.5131809855868434,BC_stay_flat,103530.71800000002,103530.71800000002,C
2025-04-14,10:30:00,10:00:00,539.0872,539.630193524192,528.8750548276528,538.1065717566281,0,0,98,0.5131809855868434,BC_stay_flat,103530.71800000002,103530.71800000002,C
2025-04-14,11:00:00,10:30:00,539.4451,541.5969961159399,526.9327347456428,538.3653713125881,0,0,98,0.5131809855868434,BC_stay_flat,103530.71800000002,103530.71800000002,C
2025-04-14,11:30:00,11:00:00,535.4778,540.9944843085786,527.5277465622817,537.7960067864426,0,0,98,0.5131809855868434,BC_stay_flat,103530.71800000002,103530.71800000002,C
2025-04-14,12:00:00,11:30:00,532.6043,541.628361938041,526.9017593613254,536.6938513465425,0,0,98,0.5131809855868434,BC_stay_flat,103530.71800000002,103530.71800000002,C
2025-04-14,12:30:00,12:00:00,532.8231,542.5671024297548,525.9747041924428,535.9930817740649,0,0,98,0.5131809855868434,BC_stay_flat,103530.71800000002,103530.71800000002,C
2025-04-14,13:00:00,12:30:00,532.3071,542.6993529475081,525.8440999123965,535.6967266957955,0,0,98,0.5131809855868434,BC_stay_flat,103530.71800000002,103530.71800000002,C
2025-04-14,13:30:00,13:00:00,534.404,545.7871934528766,522.7946964548328,535.5820030079968,0,0,98,0.5131809855868434,BC_stay_flat,103530.71800000002,103530.71800000002,C
2025-04-14,14:00:00,13:30:00,535.965,546.094814429134,522.4909047055545,535.6046475576263,0,0,98,0.5131809855868434,BC_stay_flat,103530.71800000002,103530.71800000002,C
2025-04-14,14:30:00,14:00:00,537.2577,546.1806553808586,522.4061322911328,535.70011053277,0,0,98,0.5131809855868434,BC_stay_flat,103530.71800000002,103530.71800000002,C
2025-04-14,15:00:00,14:30:00,537.6753,545.8033953031825,522.7786962831092,535.8221886932921,0,0,98,0.5131809855868434,BC_stay_flat,103530.71800000002,103530.71800000002,C
2025-04-14,15:30:00,15:00:00,538.1376,547.3537441693815,521.24764596338,536.0070438576433,0,0,98,0.5131809855868434,BC_stay_flat,103530.71800000002,103530.71800000002,C
2025-04-14,16:00:00,15:30:00,536.0446,549.0183049994276,519.6038053758746,536.0140108874841,0,0,98,0.5131809855868434,session_close_flatten,103530.71800000002,103530.71800000002,C
2025-04-15,10:00:00,09:30:00,538.3414,538.3414,536.0444,538.3414,0,0,98,0.5112442493151098,BC_stay_flat,103530.71800000002,103530.71800000002,C
2025-04-15,10:30:00,10:00:00,536.4284,540.4221258818598,533.9725521783278,537.3284301342871,0,0,98,0.5112442493151098,BC_stay_flat,103530.71800000002,103530.71800000002,C
2025-04-15,11:00:00,10:30:00,537.5211,542.4059206154851,531.9972219181818,537.3746269287941,0,0,98,0.5112442493151098,BC_stay_flat,103530.71800000002,103530.71800000002,C
2025-04-15,11:30:00,11:00:00,537.198,541.8390788220696,532.5616451058585,537.3520609460254,0,0,98,0.5112442493151098,BC_stay_flat,103530.71800000002,103530.71800000002,C
2025-04-15,12:00:00,11:30:00,537.9139,542.7416116328145,531.6629632303496,537.418580585432,0,0,98,0.5112442493151098,BC_stay_flat,103530.71800000002,103530.71800000002,C
2025-04-15,12:30:00,12:00:00,537.8741,543.6586659119167,530.7498218468172,537.4475235350511,0,0,98,0.5112442493151098,BC_stay_flat,103530.71800000002,103530.71800000002,C
2025-04-15,13:00:00,12:30:00,535.9849,543.822654745219,530.5865327225658,537.3262911648752,0,0,98,0.5112442493151098,BC_stay_flat,103530.71800000002,103530.71800000002,C
2025-04-15,13:30:00,13:00:00,534.6625,546.7481239643434,527.673545922212,537.0699405710216,0,0,98,0.5112442493151098,BC_stay_flat,103530.71800000002,103530.71800000002,C
2025-04-15,14:00:00,13:30:00,535.1915,546.937158753038,527.4853177088795,536.8944312820324,0,0,98,0.5112442493151098,BC_stay_flat,103530.71800000002,103530.71800000002,C
2025-04-15,14:30:00,14:00:00,534.3842,546.9557483868884,527.4668073934484,536.6902803278125,0,0,98,0.5112442493151098,BC_stay_flat,103530.71800000002,103530.71800000002,C
2025-04-15,15:00:00,14:30:00,535.4778,546.5250914156994,527.8956268335414,536.5995212112496,0,0,98,0.5112442493151098,BC_stay_flat,103530.71800000002,103530.71800000002,C
2025-04-15,15:30:00,15:00:00,535.3884,548.1280891514192,526.299468783194,536.51044970487,0,0,98,0.5112442493151098,BC_stay_flat,103530.71800000002,103530.71800000002,C
2025-04-15,16:00:00,15:30:00,534.5432,549.8496975367874,524.585206172201,536.1080683198207,0,0,98,0.5112442493151098,session_close_flatten,103530.71800000002,103530.71800000002,C
2025-04-16,10:00:00,09:30:00,526.6883,534.543,526.6883,526.6883,0,0,100,0.5121245620783088,BC_stay_flat,103530.71800000002,103530.71800000002,C
2025-04-16,10:30:00,10:00:00,528.8658,536.7315466439425,524.5319123728704,527.4599737527669,0,0,100,0.5121245620783088,BC_stay_flat,103530.71800000002,103530.71800000002,C
2025-04-16,11:00:00,10:30:00,529.3132,538.6311364161173,522.6602356175781,527.7858232888426,0,0,100,0.5121245620783088,BC_stay_flat,103530.71800000002,103530.71800000002,C
2025-04-16,11:30:00,11:00:00,531.6697,538.016346547845,523.265991619579,528.5401675643685,0,0,100,0.5121245620783088,BC_stay_flat,103530.71800000002,103530.71800000002,C
2025-04-16,12:00:00,11:30:00,528.647,538.747891423796,522.5451962353194,528.5541693378511,0,0,100,0.5121245620783088,BC_stay_flat,103530.71800000002,103530.71800000002,C
2025-04-16,12:30:00,12:00:00,528.4581,539.6919235914432,521.6150358973795,528.544298497751,0,0,100,0.5121245620783088,BC_stay_flat,103530.71800000002,103530.71800000002,C
2025-04-16,13:00:00,12:30:00,527.7323,539.8775726539545,521.4321148056606,528.470682301177,0,0,100,0.5121245620783088,BC_stay_flat,103530.71800000002,103530.71800000002,C
2025-04-16,13:30:00,13:00:00,528.5874,542.8438983920663,518.5093769524807,528.4800103548499,0,0,100,0.5121245620783088,BC_stay_flat,103530.71800000002,103530.71800000002,C
2025-04-16,14:00:00,13:30:00,521.155,542.9384600925871,518.4162047637279,526.5809583114116,0,0,100,0.5121245620783088,BC_stay_flat,103530.71800000002,103530.71800000002,C
2025-04-16,14:30:00,14:00:00,522.9149,543.0867694829059,518.2700746663158,526.0890868315327,0,0,100,0.5121245620783088,BC_stay_flat,103530.71800000002,103530.71800000002,C
2025-04-16,15:00:00,14:30:00,519.9221,542.4664172822417,518.8813112664941,525.5049056491501,0,0,100,0.5121245620783088,BC_stay_flat,103530.71800000002,103530.71800000002,C
2025-04-16,15:30:00,15:00:00,517.9037,544.085750673567,517.285772739172,524.4680441424007,0,0,100,0.5121245620783088,BC_stay_flat,103530.71800000002,103530.71800000002,C
2025-04-16,16:00:00,15:30:00,522.6614,545.9110787912297,515.4872664202529,524.0084287686558,0,0,100,0.5121245620783088,session_close_flatten,103530.71800000002,103530.71800000002,C
2025-04-17,10:00:00,09:30:00,525.6442,525.6442,522.6612,525.6442,0,0,100,0.5079107666834958,BC_stay_flat,103530.71800000002,103530.71800000002,C
2025-04-17,10:30:00,10:00:00,522.214,527.8679758773161,520.450043920338,524.3249611302791,0,0,100,0.5079107666834958,BC_stay_flat,103530.71800000002,103530.71800000002,C
2025-04-17,11:00:00,10:30:00,522.0549,529.6852550433752,518.6430777069422,523.69145044408,0,0,100,0.5079107666834958,BC_stay_flat,103530.71800000002,103530.71800000002,C
2025-04-17,11:30:00,11:00:00,523.7239,529.3134289006882,519.0127937580812,523.6978289909418,0,0,100,0.5079107666834958,BC_stay_flat,103530.71800000002,103530.71800000002,C
2025-04-17,12:00:00,11:30:00,523.6458,529.8952662310074,518.4342583204801,523.6919116837275,0,0,100,0.5079107666834958,BC_stay_flat,103530.71800000002,103530.71800000002,C
2025-04-17,12:30:00,12:00:00,526.4994,530.8101231663937,517.5245931445355,524.4426564457634,0,0,100,0.5079107666834958,BC_stay_flat,103530.71800000002,103530.71800000002,C
2025-04-17,13:00:00,12:30:00,527.0065,530.8616627367031,517.4733460582642,524.7355089418284,0,0,100,0.5079107666834958,BC_stay_flat,103530.71800000002,103530.71800000002,C
2025-04-17,13:30:00,13:00:00,524.7345,533.8369130394153,514.5149801264877,524.7354548311994,0,0,100,0.5079107666834958,BC_stay_flat,103530.71800000002,103530.71800000002,C
2025-04-17,14:00:00,13:30:00,526.5586,534.179065109847,514.1747697489845,524.8516445386166,0,0,100,0.5079107666834958,BC_stay_flat,103530.71800000002,103530.71800000002,C
2025-04-17,14:30:00,14:00:00,527.1059,534.2859951698545,514.068446510795,525.0386102775046,0,0,100,0.5079107666834958,BC_stay_flat,103530.71800000002,103530.71800000002,C
2025-04-17,15:00:00,14:30:00,525.525,533.8658571920855,514.486200230186,525.0821516601027,0,0,100,0.5079107666834958,BC_stay_flat,103530.71800000002,103530.71800000002,C
2025-04-17,15:30:00,15:00:00,524.1926,535.5601800618234,512.8014925433426,524.9983120217205,0,0,100,0.5079107666834958,BC_stay_flat,103530.71800000002,103530.71800000002,C
2025-04-17,16:00:00,15:30:00,523.4071,537.0271877463764,511.3428100413428,524.6644956349228,0,0,100,0.5079107666834958,session_close_flatten,103530.71800000002,103530.71800000002,C
2025-04-21,10:00:00,09:30:00,514.4386,523.4069,514.4386,514.4386,0,0,102,0.5108840524978369,BC_stay_flat,103530.71800000002,103530.71800000002,C
2025-04-21,10:30:00,10:00:00,512.619,525.6344590447111,512.2492089996548,513.6049317707169,0,0,102,0.5108840524978369,BC_stay_flat,103530.71800000002,103530.71800000002,C
2025-04-21,11:00:00,10:30:00,511.6943,527.3998820999373,510.51403553339316,513.0069575744901,0,0,102,0.5108840524978369,BC_stay_flat,103530.71800000002,103530.71800000002,C
2025-04-21,11:30:00,11:00:00,510.1432,526.918230265316,510.9874345189434,512.4407686930335,-1,-102,102,0.5108840524978369,BC_enter_short,103530.25900000002,155564.8654,C
2025-04-21,12:00:00,11:30:00,508.1447,527.4400763526644,510.474529987897,511.5795203394953,-1,-102,102,0.5108840524978369,BC_hold_short,103734.106,155564.8654,C
2025-04-21,12:30:00,12:00:00,508.7114,528.1973583533814,509.7302236131547,511.1994436131262,-1,-102,102,0.5108840524978369,BC_hold_short,103676.30260000001,155564.8654,C
2025-04-21,13:00:00,12:30:00,508.3236,528.2628367263395,509.66586717743553,510.82839187024297,-1,-102,102,0.5108840524978369,BC_hold_short,103715.85820000002,155564.8654,C
2025-04-21,13:30:00,13:00:00,507.0013,531.118871139768,506.85876940093317,510.30653389541703,0,0,102,0.5108840524978369,BC_exit_short,103850.2738,103850.2738,C
2025-04-21,14:00:00,13:30:00,506.0935,531.524967380523,506.4596314041677,510.01118954637786,-1,-102,102,0.5108840524978369,BC_enter_short,103849.8148,155471.3518,C
2025-04-21,14:30:00,14:00:00,507.031,531.6424832713748,506.34412908586125,509.7425722997189,0,0,102,0.5108840524978369,BC_exit_short,103753.73079999999,103753.73079999999,C
2025-04-21,15:00:00,14:30:00,505.8677,531.140594981737,506.83741778549,509.4192125335176,-1,-102,102,0.5108840524978369,BC_enter_short,103753.27179999999,155351.77719999998,C
2025-04-21,15:30:00,15:00:00,507.5083,532.8999024858938,505.10825508356925,509.2322188162613,0,0,102,0.5108840524978369,BC_exit_short,103585.47159999998,103585.47159999998,C
2025-04-21,16:00:00,15:30:00,510.9486,534.411880215587,503.6221842914293,509.6615207560916,0,0,102,0.5108840524978369,session_close_flatten,103585.47159999998,103585.47159999998,C
2025-04-22,10:00:00,09:30:00,518.9427,518.9427,510.9484,518.9427,0,0,101,0.5075569859210025,BC_stay_flat,103585.47159999998,103585.47159999998,C
2025-04-22,10:30:00,10:00:00,520.0762,521.2678770835753,508.65904221431475,519.4310577884434,0,0,101,0.5075569859210025,BC_stay_flat,103585.47159999998,103585.47159999998,C
2025-04-22,11:00:00,10:30:00,521.687,522.9655152519593,506.9875561216985,520.0462101319889,0,0,101,0.5075569859210025,BC_stay_flat,103585.47159999998,103585.47159999998,C
2025-04-22,11:30:00,11:00:00,521.9554,522.5484928116489,507.398154341195,520.4799741336885,0,0,101,0.5075569859210025,BC_stay_flat,103585.47159999998,103585.47159999998,C
2025-04-22,12:00:00,11:30:00,523.2083,523.151220457246,506.80471170069995,521.0422774414017,1,101,101,0.5075569859210025,BC_enter_long,103585.01709999997,50740.978799999975,C
2025-04-22,12:30:00,12:00:00,525.8481,523.7882950662299,506.1774512109755,522.2518643691966,1,101,101,0.5075569859210025,BC_hold_long,103851.63689999998,50740.978799999975,C
2025-04-22,13:00:00,12:30:00,524.5903,523.9594710884824,506.0089121512908,522.5108363367668,1,101,101,0.5075569859210025,BC_hold_long,103724.59909999996,50740.978799999975,C
2025-04-22,13:30:00,13:00:00,519.6039,526.8595272714717,503.1535312650995,521.9091518906512,0,0,101,0.5075569859210025,BC_exit_long,103220.51819999996,103220.51819999996,C
2025-04-22,14:00:00,13:30:00,518.8582,527.3652556471686,502.65559362304975,521.6281136860385,0,0,101,0.5075569859210025,BC_stay_flat,103220.51819999996,103220.51819999996,C
2025-04-22,14:30:00,14:00:00,522.383,527.1600046240345,502.8576827590347,521.6881848303628,0,0,101,0.5075569859210025,BC_stay_flat,103220.51819999996,103220.51819999996,C
2025-04-22,15:00:00,14:30:00,523.8521,526.7797658042169,503.2320640088407,521.8080586311879,0,0,101,0.5075569859210025,BC_stay_flat,103220.51819999996,103220.51819999996,C
2025-04-22,15:30:00,15:00:00,521.6522,528.3372470776358,501.6985756975429,521.7958020069852,0,0,101,0.5075569859210025,BC_stay_flat,103220.51819999996,103220.51819999996,C
2025-04-22,16:00:00,15:30:00,524.2423,529.4535833979779,500.5994365117702,522.2038146950177,0,0,101,0.5075569859210025,session_close_flatten,103220.51819999996,103220.51819999996,C
2025-04-23,10:00:00,09:30:00,541.036,541.036,524.2421,541.036,0,0,94,0.4968626653704683,BC_stay_flat,103220.51819999996,103220.51819999996,C
2025-04-23,10:30:00,10:00:00,540.6183,543.3975443934271,521.9538585667988,540.9135765133221,0,0,94,0.4968626653704683,BC_stay_flat,103220.51819999996,103220.51819999996,C
2025-04-23,11:00:00,10:30:00,539.5545,545.2669538523324,520.1424760700769,540.7469803807824,0,0,94,0.4968626653704683,BC_stay_flat,103220.51819999996,103220.51819999996,C
2025-04-23,11:30:00,11:00:00,535.5176,544.771361380607,520.622685220894,539.7449062081912,0,0,94,0.4968626653704683,BC_stay_flat,103220.51819999996,103220.51819999996,C
2025-04-23,12:00:00,11:30:00,534.3394,545.4361815074764,519.9785012859394,539.0031053921456,0,0,94,0.4968626653704683,BC_stay_flat,103220.51819999996,103220.51819999996,C
2025-04-23,12:30:00,12:00:00,533.2506,546.3538341900511,519.0893327844279,538.437668422872,0,0,94,0.4968626653704683,BC_stay_flat,103220.51819999996,103220.51819999996,C
2025-04-23,13:00:00,12:30:00,535.2989,546.4497349052014,518.9964088527454,538.1979532896117,0,0,94,0.4968626653704683,BC_stay_flat,103220.51819999996,103220.51819999996,C
2025-04-23,13:30:00,13:00:00,535.3685,549.1886199170482,516.3425395533473,538.0431108875066,0,0,94,0.4968626653704683,BC_stay_flat,103220.51819999996,103220.51819999996,C
2025-04-23,14:00:00,13:30:00,535.2193,549.6937262036495,515.8531118989748,537.8962837191272,0,0,94,0.4968626653704683,BC_stay_flat,103220.51819999996,103220.51819999996,C
2025-04-23,14:30:00,14:00:00,533.5986,549.8260493346195,515.7248961128566,537.6304746974052,0,0,94,0.4968626653704683,BC_stay_flat,103220.51819999996,103220.51819999996,C
2025-04-23,15:00:00,14:30:00,533.2506,549.5528997100266,515.9895671011286,537.4281466680324,0,0,94,0.4968626653704683,BC_stay_flat,103220.51819999996,103220.51819999996,C
2025-04-23,15:30:00,15:00:00,531.5703,550.9511374770873,514.6347310027854,537.0751936966791,0,0,94,0.4968626653704683,BC_stay_flat,103220.51819999996,103220.51819999996,C
2025-04-23,16:00:00,15:30:00,532.664,552.1275548852763,513.4948299009262,536.2919203680522,0,0,94,0.4968626653704683,session_close_flatten,103220.51819999996,103220.51819999996,C
2025-04-24,10:00:00,09:30:00,536.4012,536.4012,532.3655,536.4012,0,0,95,0.493805535881365,BC_stay_flat,103220.51819999996,103220.51819999996,C
2025-04-24,10:30:00,10:00:00,539.0388,538.6163901523701,530.1669761841295,537.7359146023565,1,95,95,0.493805535881365,BC_enter_long,103220.09069999997,52011.40469999996,C
2025-04-24,11:00:00,10:30:00,539.3954,540.4628045056257,528.334453623818,538.2936466962615,0,0,95,0.493805535881365,BC_exit_long,103253.54019999996,103253.54019999996,C
2025-04-24,11:30:00,11:00:00,539.336,540.1709102067919,528.6241518093289,538.4881998008065,0,0,95,0.493805535881365,BC_stay_flat,103253.54019999996,103253.54019999996,C
2025-04-24,12:00:00,11:30:00,539.7335,540.979319632887,527.821824580516,538.6452198448768,0,0,95,0.493805535881365,BC_stay_flat,103253.54019999996,103253.54019999996,C
2025-04-24,12:30:00,12:00:00,541.3442,541.8304012970871,526.9771461649892,538.9664402949664,0,0,95,0.493805535881365,BC_stay_flat,103253.54019999996,103253.54019999996,C
2025-04-24,13:00:00,12:30:00,542.3385,541.6867972372943,527.119669796729,539.357821409014,1,95,95,0.493805535881365,BC_enter_long,103253.11269999997,51730.95519999997,C
2025-04-24,13:30:00,13:00:00,541.8632,544.3743110341836,524.4523759386283,539.5516093123713,0,0,95,0.493805535881365,BC_exit_long,103207.53169999996,103207.53169999996,C
2025-04-24,14:00:00,13:30:00,542.1496,545.033819990753,523.7978289029048,539.7029744272385,0,0,95,0.493805535881365,BC_stay_flat,103207.53169999996,103207.53169999996,C
2025-04-24,14:30:00,14:00:00,542.3683,545.475961086101,523.3590143266221,539.969063124193,0,0,95,0.493805535881365,BC_stay_flat,103207.53169999996,103207.53169999996,C
2025-04-24,15:00:00,14:30:00,542.9649,545.207843878915,523.6251143112272,540.193589774496,0,0,95,0.493805535881365,BC_stay_flat,103207.53169999996,103207.53169999996,C
2025-04-24,15:30:00,15:00:00,541.8016,546.604717959301,522.2387498358277,540.3608348593358,0,0,95,0.493805535881365,BC_stay_flat,103207.53169999996,103207.53169999996,C
2025-04-24,16:00:00,15:30:00,543.5217,547.5824876580874,521.2683365433531,541.1248576029817,0,0,95,0.493805535881365,session_close_flatten,103207.53169999996,103207.53169999996,C
2025-04-25,10:00:00,09:30:00,542.4578,543.5712,542.4578,542.4578,0,0,98,0.5175614234566042,BC_stay_flat,103207.53169999996,103207.53169999996,C
2025-04-25,10:30:00,10:00:00,541.5616,545.9230711730374,540.1107461781469,541.9858261290051,0,0,98,0.5175614234566042,BC_stay_flat,103207.53169999996,103207.53169999996,C
2025-04-25,11:00:00,10:30:00,543.4222,547.6180525588753,538.4192366323824,542.2839724094298,0,0,98,0.5175614234566042,BC_stay_flat,103207.53169999996,103207.53169999996,C
2025-04-25,11:30:00,11:00:00,543.3825,547.42641181137,538.6104848410479,542.4132076576888,0,0,98,0.5175614234566042,BC_stay_flat,103207.53169999996,103207.53169999996,C
2025-04-25,12:00:00,11:30:00,543.9493,548.4128224124349,537.6260947104627,542.5517578606175,0,0,98,0.5175614234566042,BC_stay_flat,103207.53169999996,103207.53169999996,C
2025-04-25,12:30:00,12:00:00,545.2269,549.3012607523863,536.7394761638479,542.7987740827758,0,0,98,0.5175614234566042,BC_stay_flat,103207.53169999996,103207.53169999996,C
2025-04-25,13:00:00,12:30:00,545.9379,549.306187509574,536.7345594981651,543.0804956834799,0,0,98,0.5175614234566042,BC_stay_flat,103207.53169999996,103207.53169999996,C
2025-04-25,13:30:00,13:00:00,547.8469,551.9013915109066,534.1446712680417,543.6335975074376,0,0,98,0.5175614234566042,BC_stay_flat,103207.53169999996,103207.53169999996,C
2025-04-25,14:00:00,13:30:00,544.8043,552.5736828766134,533.4737569605871,543.8477276677839,0,0,98,0.5175614234566042,BC_stay_flat,103207.53169999996,103207.53169999996,C
2025-04-25,14:30:00,14:00:00,546.6229,552.9565729666574,533.0916511465058,544.1216031019263,0,0,98,0.5175614234566042,BC_stay_flat,103207.53169999996,103207.53169999996,C
2025-04-25,15:00:00,14:30:00,546.7432,552.8033347570041,533.2445754774573,544.3179064774931,0,0,98,0.5175614234566042,BC_stay_flat,103207.53169999996,103207.53169999996,C
2025-04-25,15:30:00,15:00:00,546.4151,553.9484459613027,532.1018098109924,544.439678959217,0,0,98,0.5175614234566042,BC_stay_flat,103207.53169999996,103207.53169999996,C
2025-04-25,16:00:00,15:30:00,547.4989,554.8861220968323,531.1660543228577,545.0398018169954,0,0,98,0.5175614234566042,session_close_flatten,103207.53169999996,103207.53169999996,C
2025-04-28,10:00:00,09:30:00,547.1111,547.4987,547.1111,547.1111,0,0,109,0.5798437623281165,BC_stay_flat,103207.53169999996,103207.53169999996,C
2025-04-28,10:30:00,10:00:00,547.8369,549.4225482492894,545.1886137330886,547.3533419607396,0,0,109,0.5798437623281165,BC_stay_flat,103207.53169999996,103207.53169999996,C
2025-04-28,11:00:00,10:30:00,547.4641,551.065515749258,543.5468093668462,547.3751714245036,0,0,109,0.5798437623281165,BC_stay_flat,103207.53169999996,103207.53169999996,C
2025-04-28,11:30:00,11:00:00,544.0686,550.9533887710629,543.6588569650962,546.6264692737549,0,0,109,0.5798437623281165,BC_stay_flat,103207.53169999996,103207.53169999996,C
2025-04-28,12:00:00,11:30:00,544.2972,551.8943109436124,542.7186009154691,546.2845628356588,0,0,109,0.5798437623281165,BC_stay_flat,103207.53169999996,103207.53169999996,C
2025-04-28,12:30:00,12:00:00,542.945,552.6718762300794,541.9415861039257,545.8701171745297,0,0,109,0.5798437623281165,BC_stay_flat,103207.53169999996,103207.53169999996,C
2025-04-28,13:00:00,12:30:00,543.303,552.7041797035632,541.9093054995853,545.6352535555803,0,0,109,0.5798437623281165,BC_stay_flat,103207.53169999996,103207.53169999996,C
2025-04-28,13:30:00,13:00:00,542.2887,555.3742550363329,539.2411204383341,545.3781885960282,0,0,109,0.5798437623281165,BC_stay_flat,103207.53169999996,103207.53169999996,C
2025-04-28,14:00:00,13:30:00,544.6055,556.1214458506114,538.4944585954662,545.3228941723712,0,0,109,0.5798437623281165,BC_stay_flat,103207.53169999996,103207.53169999996,C
2025-04-28,14:30:00,14:00:00,545.4606,556.198874919659,538.4170843420868,545.3336196706547,0,0,109,0.5798437623281165,BC_stay_flat,103207.53169999996,103207.53169999996,C
2025-04-28,15:00:00,14:30:00,545.5103,555.9870256226786,538.6287836610171,545.3436458154231,0,0,109,0.5798437623281165,BC_stay_flat,103207.53169999996,103207.53169999996,C
2025-04-28,15:30:00,15:00:00,547.3186,557.2857598174843,537.330968901041,545.5579318164432,0,0,109,0.5798437623281165,BC_stay_flat,103207.53169999996,103207.53169999996,C
2025-04-28,16:00:00,15:30:00,547.7574,557.9561323763069,536.6610709303841,545.9866354182933,0,0,109,0.5798437623281165,session_close_flatten,103207.53169999996,103207.53169999996,C
2025-04-29,10:00:00,09:30:00,547.4393,547.7075,547.4393,547.4393,0,0,109,0.5804502832348659,BC_stay_flat,103207.53169999996,103207.53169999996,C
2025-04-29,10:30:00,10:00:00,546.773,549.4380131430903,545.709634250135,547.1145522252592,0,0,109,0.5804502832348659,BC_stay_flat,103207.53169999996,103207.53169999996,C
2025-04-29,11:00:00,10:30:00,549.8255,550.4982651590345,544.6499014156713,547.7305205101945,0,0,109,0.5804502832348659,BC_stay_flat,103207.53169999996,103207.53169999996,C
2025-04-29,11:30:00,11:00:00,549.0698,551.2645926655525,543.8839491624357,547.9489407187982,0,0,109,0.5804502832348659,BC_stay_flat,103207.53169999996,103207.53169999996,C
2025-04-29,12:00:00,11:30:00,548.5826,551.9850144416993,543.1638801605716,548.0164851592051,0,0,109,0.5804502832348659,BC_stay_flat,103207.53169999996,103207.53169999996,C
2025-04-29,12:30:00,12:00:00,549.7361,552.8808905477587,542.2684427448198,548.1709662289152,0,0,109,0.5804502832348659,BC_stay_flat,103207.53169999996,103207.53169999996,C
2025-04-29,13:00:00,12:30:00,547.9066,553.1545014093595,541.994965864282,548.1409328363383,0,0,109,0.5804502832348659,BC_stay_flat,103207.53169999996,103207.53169999996,C
2025-04-29,13:30:00,13:00:00,549.4933,555.1266502076377,540.0237827827553,548.2728290354581,0,0,109,0.5804502832348659,BC_stay_flat,103207.53169999996,103207.53169999996,C
2025-04-29,14:00:00,13:30:00,551.6351,555.4257775367167,539.7248019295774,548.7659715152262,0,0,109,0.5804502832348659,BC_stay_flat,103207.53169999996,103207.53169999996,C
2025-04-29,14:30:00,14:00:00,551.7346,555.7610983332113,539.3896453321081,549.1552066393461,0,0,109,0.5804502832348659,BC_stay_flat,103207.53169999996,103207.53169999996,C
2025-04-29,15:00:00,14:30:00,551.1778,555.709069009796,539.4416491779381,549.2870097114655,0,0,109,0.5804502832348659,BC_stay_flat,103207.53169999996,103207.53169999996,C
2025-04-29,15:30:00,15:00:00,551.5059,557.1025237856479,538.0488767454372,549.491337991736,0,0,109,0.5804502832348659,BC_stay_flat,103207.53169999996,103207.53169999996,C
2025-04-29,16:00:00,15:30:00,551.1579,557.5096007011499,537.6419991663123,549.862087541774,0,0,109,0.5804502832348659,session_close_flatten,103207.53169999996,103207.53169999996,C
2025-04-30,10:00:00,09:30:00,538.6397,551.1577,538.6397,538.6397,0,0,113,0.5908952935478113,BC_stay_flat,103207.53169999996,103207.53169999996,C
2025-04-30,10:30:00,10:00:00,543.1936,552.9282112822594,536.9094009115125,540.4001320438517,0,0,113,0.5908952935478113,BC_stay_flat,103207.53169999996,103207.53169999996,C
2025-04-30,11:00:00,10:30:00,543.7753,553.742482696328,536.1136233868721,541.142719365726,0,0,113,0.5908952935478113,BC_stay_flat,103207.53169999996,103207.53169999996,C
2025-04-30,11:30:00,11:00:00,545.8732,554.1902157108019,535.6760593709901,541.8985161179447,0,0,113,0.5908952935478113,BC_stay_flat,103207.53169999996,103207.53169999996,C
2025-04-30,12:00:00,11:30:00,546.2958,555.0408358532314,534.844758677319,542.3380542803673,0,0,113,0.5908952935478113,BC_stay_flat,103207.53169999996,103207.53169999996,C
2025-04-30,12:30:00,12:00:00,544.9634,555.8424008780211,534.0613989519932,542.5826067135483,0,0,113,0.5908952935478113,BC_stay_flat,103207.53169999996,103207.53169999996,C
2025-04-30,13:00:00,12:30:00,546.4151,555.4826260057937,534.4130025479225,542.8253939191356,0,0,113,0.5908952935478113,BC_stay_flat,103207.53169999996,103207.53169999996,C
2025-04-30,13:30:00,13:00:00,546.8129,557.2132412575942,532.7216933635542,543.0776368828009,0,0,113,0.5908952935478113,BC_stay_flat,103207.53169999996,103207.53169999996,C
2025-04-30,14:00:00,13:30:00,547.4045,557.9844096769593,531.9680398700871,543.3467513847662,0,0,113,0.5908952935478113,BC_stay_flat,103207.53169999996,103207.53169999996,C
2025-04-30,14:30:00,14:00:00,547.2901,558.030178910456,531.9233101562504,543.9002551493882,0,0,113,0.5908952935478113,BC_stay_flat,103207.53169999996,103207.53169999996,C
2025-04-30,15:00:00,14:30:00,546.4549,557.8881057429043,532.062156530615,544.0823710776325,0,0,113,0.5908952935478113,BC_stay_flat,103207.53169999996,103207.53169999996,C
2025-04-30,15:30:00,15:00:00,546.7198,558.9642131226891,531.0104899092195,544.29977601906,0,0,113,0.5908952935478113,BC_stay_flat,103207.53169999996,103207.53169999996,C
2025-04-30,16:00:00,15:30:00,551.3766,559.2898427183329,530.6922560757655,546.604995794802,0,0,113,0.5908952935478113,session_close_flatten,103207.53169999996,103207.53169999996,C
2025-05-01,10:00:00,09:30:00,557.2927,557.2927,551.3764,557.2927,0,0,191,1.0362024146492625,BC_stay_flat,103207.53169999996,103207.53169999996,C
2025-05-01,10:30:00,10:00:00,558.8538,559.3239686360653,549.3666956059059,557.9347967966065,0,0,191,1.0362024146492625,BC_stay_flat,103207.53169999996,103207.53169999996,C
2025-05-01,11:00:00,10:30:00,560.1761,559.7231509489936,548.9717510702137,558.4602263259421,1,191,191,1.0362024146492625,BC_enter_long,103206.67219999996,-3786.9629000000364,C
2025-05-01,11:30:00,11:00:00,560.1562,560.7343865146275,547.971250927773,558.769518508797,0,0,191,1.0362024146492625,BC_exit_long,103202.01179999995,103202.01179999995,C
2025-05-01,12:00:00,11:30:00,557.1617,561.4434595487419,547.2697055156635,558.5336674293101,0,0,191,1.0362024146492625,BC_stay_flat,103202.01179999995,103202.01179999995,C
2025-05-01,12:30:00,12:00:00,557.1137,562.4077514234426,546.3156507031355,558.394191561949,0,0,191,1.0362024146492625,BC_stay_flat,103202.01179999995,103202.01179999995,C
2025-05-01,13:00:00,12:30:00,556.5669,562.1496628225185,546.5709993981006,558.2680437115641,0,0,191,1.0362024146492625,BC_stay_flat,103202.01179999995,103202.01179999995,C
2025-05-01,13:30:00,13:00:00,558.1478,562.0643430258248,546.6554134274783,558.2601494604429,0,0,191,1.0362024146492625,BC_stay_flat,103202.01179999995,103202.01179999995,C
2025-05-01,14:00:00,13:30:00,557.412,562.0279437889836,546.6914262447503,558.2185495974308,0,0,191,1.0362024146492625,BC_stay_flat,103202.01179999995,103202.01179999995,C
2025-05-01,14:30:00,14:00:00,558.6996,561.8481047717671,546.8693560649192,558.2553514310442,0,0,191,1.0362024146492625,BC_stay_flat,103202.01179999995,103202.01179999995,C
2025-05-01,15:00:00,14:30:00,558.5555,562.2109408033808,546.5103719531562,558.2761641637163,0,0,191,1.0362024146492625,BC_stay_flat,103202.01179999995,103202.01179999995,C
2025-05-01,15:30:00,15:00:00,558.9134,562.5649654337636,546.1601056995129,558.3341473875914,0,0,191,1.0362024146492625,BC_stay_flat,103202.01179999995,103202.01179999995,C
2025-05-01,16:00:00,15:30:00,555.2842,562.603313675988,546.1221645677808,557.6467018841959,0,0,191,1.0362024146492625,session_close_flatten,103202.01179999995,103202.01179999995,C
2025-05-02,10:00:00,09:30:00,560.2656,560.2656,555.284,560.2656,0,0,256,1.389807993577931,BC_stay_flat,103202.01179999995,103202.01179999995,C
2025-05-02,10:30:00,10:00:00,563.0621,562.3726332707109,553.1957014096646,561.2871037630063,1,256,256,1.389807993577931,BC_enter_long,103200.85979999995,-40943.03780000005,C
2025-05-02,11:00:00,10:30:00,562.5327,562.7251342983174,552.8463346439495,561.5636186365696,0,0,256,1.389807993577931,BC_exit_long,103064.18139999994,103064.18139999994,C
2025-05-02,11:30:00,11:00:00,561.5135,563.5451207970297,552.0336390528745,561.5545719502934,0,0,256,1.389807993577931,BC_stay_flat,103064.18139999994,103064.18139999994,C
2025-05-02,12:00:00,11:30:00,563.0596,563.6471207712793,551.9325460111077,561.7270804447974,0,0,256,1.389807993577931,BC_stay_flat,103064.18139999994,103064.18139999994,C
2025-05-02,12:30:00,12:00:00,564.0341,564.1172156083287,551.4666310209743,562.2349909583193,0,0,256,1.389807993577931,BC_stay_flat,103064.18139999994,103064.18139999994,C
2025-05-02,13:00:00,12:30:00,564.2726,564.5034645425854,551.0838164180254,562.4212377878075,0,0,256,1.389807993577931,BC_stay_flat,103064.18139999994,103064.18139999994,C
2025-05-02,13:30:00,13:00:00,563.5469,564.3717349543382,551.2143747330109,562.5066384548642,0,0,256,1.389807993577931,BC_stay_flat,103064.18139999994,103064.18139999994,C
2025-05-02,14:00:00,13:30:00,564.0092,564.6780295269164,550.9108035777598,562.5891964010199,0,0,256,1.389807993577931,BC_stay_flat,103064.18139999994,103064.18139999994,C
2025-05-02,14:30:00,14:00:00,564.4517,564.9188328353356,550.6721413712772,562.7148297330192,0,0,256,1.389807993577931,BC_stay_flat,103064.18139999994,103064.18139999994,C
2025-05-02,15:00:00,14:30:00,563.8203,565.0326419893248,550.5593441510593,562.8189110927545,0,0,256,1.389807993577931,BC_stay_flat,103064.18139999994,103064.18139999994,C
2025-05-02,15:30:00,15:00:00,564.392,565.1887770795008,550.4045973355966,563.0125979034734,0,0,256,1.389807993577931,BC_stay_flat,103064.18139999994,103064.18139999994,C
2025-05-02,16:00:00,15:30:00,563.3977,565.4216423172186,550.1738026184823,563.1118709389392,0,0,256,1.389807993577931,session_close_flatten,103064.18139999994,103064.18139999994,C
2025-05-05,10:00:00,09:30:00,560.5838,563.5267,560.5838,560.5838000000001,0,0,258,1.4085621553319925,BC_stay_flat,103064.18139999994,103064.18139999994,C
2025-05-05,10:30:00,10:00:00,560.4987,565.4934017461454,558.6273689412395,560.5493043818019,0,0,258,1.4085621553319925,BC_stay_flat,103064.18139999994,103064.18139999994,C
2025-05-05,11:00:00,10:30:00,561.6874,565.9931074977671,558.1302727981003,560.8393948352449,0,0,258,1.4085621553319925,BC_stay_flat,103064.18139999994,103064.18139999994,C
2025-05-05,11:30:00,11:00:00,561.598,566.7477112489325,557.3796098067593,560.9900988849824,0,0,258,1.4085621553319925,BC_stay_flat,103064.18139999994,103064.18139999994,C
2025-05-05,12:00:00,11:30:00,561.7869,566.9900606718317,557.1385260028923,561.082239770727,0,0,258,1.4085621553319925,BC_stay_flat,103064.18139999994,103064.18139999994,C
2025-05-05,12:30:00,12:00:00,562.473,567.4899730201852,556.6412243419294,561.2217785747067,0,0,258,1.4085621553319925,BC_stay_flat,103064.18139999994,103064.18139999994,C
2025-05-05,13:00:00,12:30:00,562.3537,567.5652464993875,556.5663439626846,561.2969698913657,0,0,258,1.4085621553319925,BC_stay_flat,103064.18139999994,103064.18139999994,C
2025-05-05,13:30:00,13:00:00,561.8665,567.5335270915575,556.5978977225599,561.3347333137862,0,0,258,1.4085621553319925,BC_stay_flat,103064.18139999994,103064.18139999994,C
2025-05-05,14:00:00,13:30:00,562.4531,567.4996244410885,556.6316233235475,561.3919906527957,0,0,258,1.4085621553319925,BC_stay_flat,103064.18139999994,103064.18139999994,C
2025-05-05,14:30:00,14:00:00,562.9005,567.890125571807,556.2431615030829,561.4937392173528,0,0,258,1.4085621553319925,BC_stay_flat,103064.18139999994,103064.18139999994,C
2025-05-05,15:00:00,14:30:00,562.5526,568.0381895306532,556.0958707772077,561.5743917556881,0,0,258,1.4085621553319925,BC_stay_flat,103064.18139999994,103064.18139999994,C
2025-05-05,15:30:00,15:00:00,561.4191,568.0584772030202,556.0756890529547,561.5548664571432,0,0,258,1.4085621553319925,BC_stay_flat,103064.18139999994,103064.18139999994,C
2025-05-05,16:00:00,15:30:00,560.2955,568.2634154816799,555.8718210214726,561.2984707799554,0,0,258,1.4085621553319925,session_close_flatten,103064.18139999994,103064.18139999994,C
2025-05-06,10:00:00,09:30:00,554.2603,560.2953,554.2603,554.2603,0,0,259,1.3936309126714477,BC_stay_flat,103064.18139999994,103064.18139999994,C
2025-05-06,10:30:00,10:00:00,557.402,562.1450264705629,552.4304971290994,555.5896080063919,0,0,259,1.3936309126714477,BC_stay_flat,103064.18139999994,103064.18139999994,C
2025-05-06,11:00:00,10:30:00,557.6506,562.687935136566,551.8934361898207,556.015185247794,0,0,259,1.3936309126714477,BC_stay_flat,103064.18139999994,103064.18139999994,C
2025-05-06,11:30:00,11:00:00,558.3865,563.4133146661043,551.1758697999977,556.404591388864,0,0,259,1.3936309126714477,BC_stay_flat,103064.18139999994,103064.18139999994,C
2025-05-06,12:00:00,11:30:00,557.1783,563.4538398350751,551.1357811319127,556.4911573427834,0,0,259,1.3936309126714477,BC_stay_flat,103064.18139999994,103064.18139999994,C
2025-05-06,12:30:00,12:00:00,557.2629,564.0161562622272,550.579521474535,556.6710018030841,0,0,259,1.3936309126714477,BC_stay_flat,103064.18139999994,103064.18139999994,C
2025-05-06,13:00:00,12:30:00,556.0648,564.0440669446159,550.5519114210615,556.6196048624203,0,0,259,1.3936309126714477,BC_stay_flat,103064.18139999994,103064.18139999994,C
2025-05-06,13:30:00,13:00:00,556.4861,564.133853074087,550.4630923874975,556.6087385408498,0,0,259,1.3936309126714477,BC_stay_flat,103064.18139999994,103064.18139999994,C
2025-05-06,14:00:00,13:30:00,555.2743,564.2582334152688,550.3400517601399,556.5230132828376,0,0,259,1.3936309126714477,BC_stay_flat,103064.18139999994,103064.18139999994,C
2025-05-06,14:30:00,14:00:00,557.2629,564.7746723103563,549.8291754830716,556.587817187535,0,0,259,1.3936309126714477,BC_stay_flat,103064.18139999994,103064.18139999994,C
2025-05-06,15:00:00,14:30:00,557.8099,564.9148128299811,549.6905444318216,556.6860209822642,0,0,259,1.3936309126714477,BC_stay_flat,103064.18139999994,103064.18139999994,C
2025-05-06,15:30:00,15:00:00,557.601,564.8196451808457,549.7846870201319,556.7506610275051,0,0,259,1.3936309126714477,BC_stay_flat,103064.18139999994,103064.18139999994,C
2025-05-06,16:00:00,15:30:00,555.6223,564.9107001361842,549.6946128273582,556.4927502967586,0,0,259,1.3936309126714477,session_close_flatten,103064.18139999994,103064.18139999994,C
2025-05-07,10:00:00,09:30:00,558.1379,558.1379,555.6121,558.1379,0,0,252,1.3692830961262838,BC_stay_flat,103064.18139999994,103064.18139999994,C
2025-05-07,10:30:00,10:00:00,558.6449,560.0648136051378,553.6939064591758,558.3135125056104,0,0,252,1.3692830961262838,BC_stay_flat,103064.18139999994,103064.18139999994,C
2025-05-07,11:00:00,10:30:00,556.2288,560.7044333325574,553.057181270019,557.7475540490017,0,0,252,1.3692830961262838,BC_stay_flat,103064.18139999994,103064.18139999994,C
2025-05-07,11:30:00,11:00:00,555.9305,561.4560245924622,552.3089912649014,557.3147963903579,0,0,252,1.3692830961262838,BC_stay_flat,103064.18139999994,103064.18139999994,C
2025-05-07,12:00:00,11:30:00,556.6862,561.4625061012084,552.3025390876068,557.2168681120521,0,0,252,1.3692830961262838,BC_stay_flat,103064.18139999994,103064.18139999994,C
2025-05-07,12:30:00,12:00:00,556.0299,562.0257950810812,551.7417992184562,557.1130440614661,0,0,252,1.3692830961262838,BC_stay_flat,103064.18139999994,103064.18139999994,C
2025-05-07,13:00:00,12:30:00,558.0484,561.827515887103,551.9391811187941,557.1838718703825,0,0,252,1.3692830961262838,BC_stay_flat,103064.18139999994,103064.18139999994,C
2025-05-07,13:30:00,13:00:00,558.0683,561.8493290563604,551.9174666629601,557.2445234178795,0,0,252,1.3692830961262838,BC_stay_flat,103064.18139999994,103064.18139999994,C
2025-05-07,14:00:00,13:30:00,556.1194,561.925242992375,551.8418962682451,557.1080495137875,0,0,252,1.3692830961262838,BC_stay_flat,103064.18139999994,103064.18139999994,C
2025-05-07,14:30:00,14:00:00,554.7772,562.5229451607172,551.2468989442378,556.6314980729123,0,0,252,1.3692830961262838,BC_stay_flat,103064.18139999994,103064.18139999994,C
2025-05-07,15:00:00,14:30:00,557.601,562.7828776382117,550.9881427664563,556.7923740505627,0,0,252,1.3692830961262838,BC_stay_flat,103064.18139999994,103064.18139999994,C
2025-05-07,15:30:00,15:00:00,554.8069,562.6664300734559,551.1040633588295,556.5750082333151,0,0,252,1.3692830961262838,BC_stay_flat,103064.18139999994,103064.18139999994,C
2025-05-07,16:00:00,15:30:00,558.0484,562.5522184516524,551.2177581267974,556.9903375116561,0,0,252,1.3692830961262838,session_close_flatten,103064.18139999994,103064.18139999994,C
2025-05-08,10:00:00,09:30:00,560.8523,560.8523,557.9487,560.8523,0,0,289,1.5752055863018652,BC_stay_flat,103064.18139999994,103064.18139999994,C
2025-05-08,10:30:00,10:00:00,561.2301,562.6593505529753,556.151004765681,561.0345398621315,0,0,289,1.5752055863018652,BC_stay_flat,103064.18139999994,103064.18139999994,C
2025-05-08,11:00:00,10:30:00,559.0824,563.3686879480694,555.4453396958328,560.2981290008671,0,0,289,1.5752055863018652,BC_stay_flat,103064.18139999994,103064.18139999994,C
2025-05-08,11:30:00,11:00:00,562.9503,563.9661054844644,554.8510150620765,561.0554443629397,0,0,289,1.5752055863018652,BC_stay_flat,103064.18139999994,103064.18139999994,C
2025-05-08,12:00:00,11:30:00,565.1277,564.1482895372973,554.6697741980579,562.3068387809037,1,289,289,1.5752055863018652,BC_enter_long,103062.88089999995,-60259.02440000007,C
2025-05-08,12:30:00,12:00:00,565.5553,564.7757926057747,554.0455197886474,562.6053682339943,1,289,289,1.5752055863018652,BC_hold_long,103186.45729999994,-60259.02440000007,C
2025-05-08,13:00:00,12:30:00,566.8677,564.4868750404822,554.3329415928587,562.9270537137091,1,289,289,1.5752055863018652,BC_hold_long,103565.74089999993,-60259.02440000007,C
2025-05-08,13:30:00,13:00:00,565.963,564.4423254775022,554.3772605173783,563.1046012541321,1,289,289,1.5752055863018652,BC_hold_long,103304.28259999993,-60259.02440000007,C
2025-05-08,14:00:00,13:30:00,564.4243,564.3820688370216,554.4372052019637,563.1686051464867,1,289,289,1.5752055863018652,BC_hold_long,102859.59829999994,-60259.02440000007,C
2025-05-08,14:30:00,14:00:00,564.7897,565.212876723707,553.6106985079091,563.2746937894127,0,0,289,1.5752055863018652,BC_exit_long,102963.89839999995,102963.89839999995,C
2025-05-08,15:00:00,14:30:00,565.0681,565.0437545442488,553.778945121447,563.3672612406068,1,289,289,1.5752055863018652,BC_enter_long,102962.59789999995,-60342.08300000003,C
2025-05-08,15:30:00,15:00:00,565.8536,564.9737666353648,553.8485706944856,563.6938782340457,1,289,289,1.5752055863018652,BC_hold_long,103189.6074,-60342.08300000003,C
2025-05-08,16:00:00,15:30:00,561.7571,564.9882172137139,553.8341949285235,563.2785907326925,0,0,289,1.5752055863018652,session_close_flatten,102027.33609999999,102027.33609999999,C
2025-05-09,10:00:00,09:30:00,563.6462,563.6462,561.8364,563.6462,0,0,285,1.5783509634645678,BC_stay_flat,102027.33609999999,102027.33609999999,C
2025-05-09,10:30:00,10:00:00,561.2102,565.2266447145217,560.2610299029323,562.5065596799046,0,0,285,1.5783509634645678,BC_stay_flat,102027.33609999999,102027.33609999999,C
2025-05-09,11:00:00,10:30:00,561.2947,566.027260869024,559.4629844303869,561.9979153218958,0,0,285,1.5783509634645678,BC_stay_flat,102027.33609999999,102027.33609999999,C
2025-05-09,11:30:00,11:00:00,561.2898,566.7790399237858,558.7136192475419,561.8664403926299,0,0,285,1.5783509634645678,BC_stay_flat,102027.33609999999,102027.33609999999,C
2025-05-09,12:00:00,11:30:00,562.3104,567.1124529919621,558.3812767285344,561.9185751481311,0,0,285,1.5783509634645678,BC_stay_flat,102027.33609999999,102027.33609999999,C
2025-05-09,12:30:00,12:00:00,560.6335,567.8613376219392,557.6347966768251,561.7846426396342,0,0,285,1.5783509634645678,BC_stay_flat,102027.33609999999,102027.33609999999,C
2025-05-09,13:00:00,12:30:00,560.1562,567.62635055119,557.8690292324183,561.6465298560023,0,0,285,1.5783509634645678,BC_stay_flat,102027.33609999999,102027.33609999999,C
2025-05-09,13:30:00,13:00:00,560.7507,567.5513015210508,557.9438372891689,561.5542652391276,0,0,285,1.5783509634645678,BC_stay_flat,102027.33609999999,102027.33609999999,C
2025-05-09,14:00:00,13:30:00,561.9659,567.3799300773946,558.1146584797784,561.5869941038491,0,0,285,1.5783509634645678,BC_stay_flat,102027.33609999999,102027.33609999999,C
2025-05-09,14:30:00,14:00:00,561.0809,568.199187556172,557.2980315380031,561.5616284658222,0,0,285,1.5783509634645678,BC_stay_flat,102027.33609999999,102027.33609999999,C
2025-05-09,15:00:00,14:30:00,561.6154,568.1520331978049,557.34503448941,561.5638287403478,0,0,285,1.5783509634645678,BC_stay_flat,102027.33609999999,102027.33609999999,C
2025-05-09,15:30:00,15:00:00,561.767,568.0360313373441,557.4606638818809,561.5806026254616,0,0,285,1.5783509634645678,BC_stay_flat,102027.33609999999,102027.33609999999,C
2025-05-09,16:00:00,15:30:00,561.0114,567.6963256611036,557.7992788041469,561.4530972678128,0,0,285,1.5783509634645678,session_close_flatten,102027.33609999999,102027.33609999999,C
2025-05-12,10:00:00,09:30:00,575.5974,575.5974,561.1205,575.5974,0,0,360,2.03619218306514,BC_stay_flat,102027.33609999999,102027.33609999999,C
2025-05-12,10:30:00,10:00:00,574.8917,577.2436218352858,559.5156824325014,575.3591915495202,0,0,360,2.03619218306514,BC_stay_flat,102027.33609999999,102027.33609999999,C
2025-05-12,11:00:00,10:30:00,575.8164,577.9811477357431,558.796706109767,575.4780904385829,0,0,360,2.03619218306514,BC_stay_flat,102027.33609999999,102027.33609999999,C
2025-05-12,11:30:00,11:00:00,575.571,578.6252600467793,558.168793923185,575.4933320739964,0,0,360,2.03619218306514,BC_stay_flat,102027.33609999999,102027.33609999999,C
2025-05-12,12:00:00,11:30:00,574.8917,578.7315761013191,558.06515183293,575.423772305768,0,0,360,2.03619218306514,BC_stay_flat,102027.33609999999,102027.33609999999,C
2025-05-12,12:30:00,12:00:00,576.0054,579.6639487397048,557.1562293794282,575.4781346629403,0,0,360,2.03619218306514,BC_stay_flat,102027.33609999999,102027.33609999999,C
2025-05-12,13:00:00,12:30:00,577.8149,579.4278017894178,557.3864369773403,575.6734200750853,0,0,360,2.03619218306514,BC_stay_flat,102027.33609999999,102027.33609999999,C
2025-05-12,13:30:00,13:00:00,577.994,579.2021181495461,557.6064444284626,575.9388889278176,0,0,360,2.03619218306514,BC_stay_flat,102027.33609999999,102027.33609999999,C
2025-05-12,14:00:00,13:30:00,578.2574,578.8659209299051,557.9341859227495,576.0588153583002,0,0,360,2.03619218306514,BC_stay_flat,102027.33609999999,102027.33609999999,C
2025-05-12,14:30:00,14:00:00,578.7098,579.8420293759095,556.9826276647096,576.2124080481772,0,0,360,2.03619218306514,BC_stay_flat,102027.33609999999,102027.33609999999,C
2025-05-12,15:00:00,14:30:00,578.2325,579.6619157864319,557.1582112017174,576.3448703734765,0,0,360,2.03619218306514,BC_stay_flat,102027.33609999999,102027.33609999999,C
2025-05-12,15:30:00,15:00:00,578.1431,579.6635134065882,557.1566537634438,576.4669103601444,0,0,360,2.03619218306514,BC_stay_flat,102027.33609999999,102027.33609999999,C
2025-05-12,16:00:00,15:30:00,579.6644,579.6466705227989,557.1730730304059,577.2288675659853,0,0,360,2.03619218306514,session_close_flatten,102027.33609999999,102027.33609999999,C
2025-05-13,10:00:00,09:30:00,581.9811,581.9811,579.6641,581.9811,0,0,318,1.819410563171165,BC_stay_flat,102027.33609999999,102027.33609999999,C
2025-05-13,10:30:00,10:00:00,583.5719,583.6057461543309,578.045921933962,582.822218040869,0,0,318,1.819410563171165,BC_stay_flat,102027.33609999999,102027.33609999999,C
2025-05-13,11:00:00,10:30:00,583.6118,584.187268119162,577.4667151412086,582.9874539992238,0,0,318,1.819410563171165,BC_stay_flat,102027.33609999999,102027.33609999999,C
2025-05-13,11:30:00,11:00:00,584.3873,584.8031140101118,576.8533210737447,583.2152556625429,0,0,318,1.819410563171165,BC_stay_flat,102027.33609999999,102027.33609999999,C
2025-05-13,12:00:00,11:30:00,584.3574,584.8593047546931,576.7973540373821,583.3751167349953,0,0,318,1.819410563171165,BC_stay_flat,102027.33609999999,102027.33609999999,C
2025-05-13,12:30:00,12:00:00,584.2779,585.5690557511514,576.0904287221338,583.4559375031902,0,0,318,1.819410563171165,BC_stay_flat,102027.33609999999,102027.33609999999,C
2025-05-13,13:00:00,12:30:00,584.6408,585.5617297430973,576.0977255636725,583.5503087402841,0,0,318,1.819410563171165,BC_stay_flat,102027.33609999999,102027.33609999999,C
2025-05-13,13:30:00,13:00:00,584.9936,585.7459151214108,575.9142734695181,583.6579984274407,0,0,318,1.819410563171165,BC_stay_flat,102027.33609999999,102027.33609999999,C
2025-05-13,14:00:00,13:30:00,584.5762,585.471208978042,576.187885944838,583.744696236168,0,0,318,1.819410563171165,BC_stay_flat,102027.33609999999,102027.33609999999,C
2025-05-13,14:30:00,14:00:00,584.5662,586.2219982054257,575.4400857812568,583.8081077695559,0,0,318,1.819410563171165,BC_stay_flat,102027.33609999999,102027.33609999999,C
2025-05-13,15:00:00,14:30:00,585.2275,585.887733341508,575.7730198602235,583.9007264876388,0,0,318,1.819410563171165,BC_stay_flat,102027.33609999999,102027.33609999999,C
2025-05-13,15:30:00,15:00:00,585.1529,586.0591158700861,575.6023196447288,583.9886854517764,0,0,318,1.819410563171165,BC_stay_flat,102027.33609999999,102027.33609999999,C
2025-05-13,16:00:00,15:30:00,583.4924,585.9444747962807,575.716504306173,583.8840246918261,0,0,318,1.819410563171165,session_close_flatten,102027.33609999999,102027.33609999999,C
2025-05-14,10:00:00,09:30:00,584.1653,584.1653,583.4922,584.1653,0,0,325,1.8632495348610962,BC_stay_flat,102027.33609999999,102027.33609999999,C
2025-05-14,10:30:00,10:00:00,584.1983,585.8778844430931,581.781588869236,584.1780134974786,0,0,325,1.8632495348610962,BC_stay_flat,102027.33609999999,102027.33609999999,C
2025-05-14,11:00:00,10:30:00,584.1983,586.3824065790321,581.27764806507,584.1822527952716,0,0,325,1.8632495348610962,BC_stay_flat,102027.33609999999,102027.33609999999,C
2025-05-14,11:30:00,11:00:00,584.5165,586.7448283667436,580.9156438750923,584.2565625481952,0,0,325,1.8632495348610962,BC_stay_flat,102027.33609999999,102027.33609999999,C
2025-05-14,12:00:00,11:30:00,584.6061,586.708220442681,580.9522096179543,584.2996706552282,0,0,325,1.8632495348610962,BC_stay_flat,102027.33609999999,102027.33609999999,C
2025-05-14,12:30:00,12:00:00,584.5861,587.3309642152431,580.3301833971422,584.322125799552,0,0,325,1.8632495348610962,BC_stay_flat,102027.33609999999,102027.33609999999,C
2025-05-14,13:00:00,12:30:00,584.1188,587.5075996082991,580.1537515308672,584.3031792347114,0,0,325,1.8632495348610962,BC_stay_flat,102027.33609999999,102027.33609999999,C
2025-05-14,13:30:00,13:00:00,583.014,587.7231385505609,579.9384609417035,584.1289663191254,0,0,325,1.8632495348610962,BC_stay_flat,102027.33609999999,102027.33609999999,C
2025-05-14,14:00:00,13:30:00,583.9896,587.4059685541426,580.2552654814185,584.1179877230201,0,0,325,1.8632495348610962,BC_stay_flat,102027.33609999999,102027.33609999999,C
2025-05-14,14:30:00,14:00:00,583.5023,588.0338659918051,579.6280915337773,584.0715815476076,0,0,325,1.8632495348610962,BC_stay_flat,102027.33609999999,102027.33609999999,C
2025-05-14,15:00:00,14:30:00,584.2978,587.7189209512111,579.9426736813566,584.0919785366677,0,0,325,1.8632495348610962,BC_stay_flat,102027.33609999999,102027.33609999999,C
2025-05-14,15:30:00,15:00:00,583.6515,587.7560090427382,579.9056283242993,584.0523637972545,0,0,325,1.8632495348610962,BC_stay_flat,102027.33609999999,102027.33609999999,C
2025-05-14,16:00:00,15:30:00,584.2382,587.6062344026153,580.0552303877384,584.0999681913765,0,0,325,1.8632495348610962,session_close_flatten,102027.33609999999,102027.33609999999,C
2025-05-15,10:00:00,09:30:00,582.7765,584.2379,582.7765,582.7765,0,0,351,2.007409454143722,BC_stay_flat,102027.33609999999,102027.33609999999,C
2025-05-15,10:30:00,10:00:00,582.5179,585.7478530518174,581.2703239119672,582.6673694520739,0,0,351,2.007409454143722,BC_stay_flat,102027.33609999999,102027.33609999999,C
2025-05-15,11:00:00,10:30:00,583.2537,586.2246948982008,580.7946748274268,582.8164823739066,0,0,351,2.007409454143722,BC_stay_flat,102027.33609999999,102027.33609999999,C
2025-05-15,11:30:00,11:00:00,585.0037,586.6145143624165,580.4058304491564,583.4083089271522,0,0,351,2.007409454143722,BC_stay_flat,102027.33609999999,102027.33609999999,C
2025-05-15,12:00:00,11:30:00,585.7196,586.5533777286313,580.4668141570929,583.7169538196316,0,0,351,2.007409454143722,BC_stay_flat,102027.33609999999,102027.33609999999,C
2025-05-15,12:30:00,12:00:00,585.7892,587.0494598931662,579.9719728817153,583.9781192336699,0,0,351,2.007409454143722,BC_stay_flat,102027.33609999999,102027.33609999999,C
2025-05-15,13:00:00,12:30:00,586.8232,587.1220230234929,579.8995912592275,584.2291879821777,0,0,351,2.007409454143722,BC_stay_flat,102027.33609999999,102027.33609999999,C
2025-05-15,13:30:00,13:00:00,587.3005,587.453490534995,579.568952873363,584.5254891632504,0,0,351,2.007409454143722,BC_stay_flat,102027.33609999999,102027.33609999999,C
2025-05-15,14:00:00,13:30:00,586.4753,587.0443052182301,579.9771146628592,584.6877947653555,0,0,351,2.007409454143722,BC_stay_flat,102027.33609999999,102027.33609999999,C
2025-05-15,14:30:00,14:00:00,586.0975,587.6900775991891,579.3329576029153,584.8190959870952,0,0,351,2.007409454143722,BC_stay_flat,102027.33609999999,102027.33609999999,C
2025-05-15,15:00:00,14:30:00,586.3856,587.2907811880484,579.7312552226813,584.9323109126728,0,0,351,2.007409454143722,BC_stay_flat,102027.33609999999,102027.33609999999,C
2025-05-15,15:30:00,15:00:00,585.5307,587.4456161344716,579.5768075770317,584.9899460788594,0,0,351,2.007409454143722,BC_stay_flat,102027.33609999999,102027.33609999999,C
2025-05-15,16:00:00,15:30:00,587.0917,587.130504685578,579.8911308129879,585.4608663069878,0,0,351,2.007409454143722,session_close_flatten,102027.33609999999,102027.33609999999,C
2025-05-16,10:00:00,09:30:00,587.2608,587.2608,587.0915,587.2608,0,0,349,2.0107914408518885,BC_stay_flat,102027.33609999999,102027.33609999999,C
2025-05-16,10:30:00,10:00:00,587.4696,588.7278778551391,585.6248450851982,587.347217752321,0,0,349,2.0107914408518885,BC_stay_flat,102027.33609999999,102027.33609999999,C
2025-05-16,11:00:00,10:30:00,587.1315,589.2176475852747,585.1352165495972,587.2810005850611,0,0,349,2.0107914408518885,BC_stay_flat,102027.33609999999,102027.33609999999,C
2025-05-16,11:30:00,11:00:00,587.5391,589.7385157737057,584.6144985210003,587.3191896489593,0,0,349,2.0107914408518885,BC_stay_flat,102027.33609999999,102027.33609999999,C
2025-05-16,12:00:00,11:30:00,587.6585,589.6847624678502,584.668236330445,587.3650485432408,0,0,349,2.0107914408518885,BC_stay_flat,102027.33609999999,102027.33609999999,C
2025-05-16,12:30:00,12:00:00,588.6876,590.089626781363,584.2634887342888,587.5344209430406,0,0,349,2.0107914408518885,BC_stay_flat,102027.33609999999,102027.33609999999,C
2025-05-16,13:00:00,12:30:00,588.8521,590.1820105740984,584.1711315746543,587.6759173652216,0,0,349,2.0107914408518885,BC_stay_flat,102027.33609999999,102027.33609999999,C
2025-05-16,13:30:00,13:00:00,589.7465,590.4019290868594,583.9512764616711,587.8876246177141,0,0,349,2.0107914408518885,BC_stay_flat,102027.33609999999,102027.33609999999,C
2025-05-16,14:00:00,13:30:00,589.4214,590.1665085055089,584.1866291741899,588.0399403555069,0,0,349,2.0107914408518885,BC_stay_flat,102027.33609999999,102027.33609999999,C
2025-05-16,14:30:00,14:00:00,589.8957,590.6478000310385,583.7054763990335,588.1808319142782,0,0,349,2.0107914408518885,BC_stay_flat,102027.33609999999,102027.33609999999,C
2025-05-16,15:00:00,14:30:00,590.2138,590.2578719781211,584.0952920405329,588.3691606310335,0,0,349,2.0107914408518885,BC_stay_flat,102027.33609999999,102027.33609999999,C
2025-05-16,15:30:00,15:00:00,590.4027,590.3773452274023,583.9758532339066,588.5496901651753,1,349,349,2.0107914408518885,BC_enter_long,102025.76559999998,-104024.77670000002,C
2025-05-16,16:00:00,15:30:00,590.8402,590.0891531912932,584.2639621878285,589.084433697431,0,0,349,2.0107914408518885,session_close_flatten,102166.41259999998,102166.41259999998,C
2025-05-19,10:00:00,09:30:00,587.9369,590.8102,587.9369,587.9369,0,0,352,2.0287094832399863,BC_stay_flat,102166.41259999998,102166.41259999998,C
2025-05-19,10:30:00,10:00:00,588.8815,592.2451656177831,586.5089130814837,588.3533089683359,0,0,352,2.0287094832399863,BC_stay_flat,102166.41259999998,102166.41259999998,C
2025-05-19,11:00:00,10:30:00,588.623,592.7609380804042,585.9956489862146,588.3941465816996,0,0,352,2.0287094832399863,BC_stay_flat,102166.41259999998,102166.41259999998,C
2025-05-19,11:30:00,11:00:00,588.9709,593.0882103652457,585.6699683317411,588.4574331267693,0,0,352,2.0287094832399863,BC_stay_flat,102166.41259999998,102166.41259999998,C
2025-05-19,12:00:00,11:30:00,589.7763,593.060345067168,585.6976981119132,588.603892267656,0,0,352,2.0287094832399863,BC_stay_flat,102166.41259999998,102166.41259999998,C
2025-05-19,12:30:00,12:00:00,590.6313,593.4373075459196,585.3225689229223,588.7797058510786,0,0,352,2.0287094832399863,BC_stay_flat,102166.41259999998,102166.41259999998,C
2025-05-19,13:00:00,12:30:00,591.1683,593.5696846035754,585.1908356574685,589.0299195711705,0,0,352,2.0287094832399863,BC_stay_flat,102166.41259999998,102166.41259999998,C
2025-05-19,13:30:00,13:00:00,591.6987,593.7769673828288,584.9845609610304,589.3706888452602,0,0,352,2.0287094832399863,BC_stay_flat,102166.41259999998,102166.41259999998,C
2025-05-19,14:00:00,13:30:00,590.9397,593.695465605004,585.0656663694997,589.4965985786566,0,0,352,2.0287094832399863,BC_stay_flat,102166.41259999998,102166.41259999998,C
2025-05-19,14:30:00,14:00:00,590.3729,594.2797064524046,584.4842668732248,589.5732133409019,0,0,352,2.0287094832399863,BC_stay_flat,102166.41259999998,102166.41259999998,C
2025-05-19,15:00:00,14:30:00,591.0291,593.914113981066,584.8480813508052,589.668663826286,0,0,352,2.0287094832399863,BC_stay_flat,102166.41259999998,102166.41259999998,C
2025-05-19,15:30:00,15:00:00,590.1641,594.1553541818442,584.608014378703,589.7073102634866,0,0,352,2.0287094832399863,BC_stay_flat,102166.41259999998,102166.41259999998,C
2025-05-19,16:00:00,15:30:00,591.4567,593.8630129022346,584.8989339086567,590.0479041641479,0,0,352,2.0287094832399863,session_close_flatten,102166.41259999998,102166.41259999998,C
2025-05-20,10:00:00,09:30:00,589.4383,591.4565,589.4383,589.4383,0,0,349,2.0155690897111516,BC_stay_flat,102166.41259999998,102166.41259999998,C
2025-05-20,10:30:00,10:00:00,589.488,592.909491103534,587.9902668716428,589.456983058234,0,0,349,2.0155690897111516,BC_stay_flat,102166.41259999998,102166.41259999998,C
2025-05-20,11:00:00,10:30:00,589.483,593.2745251300025,587.6264784341097,589.4632987011636,0,0,349,2.0155690897111516,BC_stay_flat,102166.41259999998,102166.41259999998,C
2025-05-20,11:30:00,11:00:00,590.0547,593.6854729383009,587.2169328842475,589.5577918673898,0,0,349,2.0155690897111516,BC_stay_flat,102166.41259999998,102166.41259999998,C
2025-05-20,12:00:00,11:30:00,589.836,593.7530482315605,587.1495881750747,589.5947449714778,0,0,349,2.0155690897111516,BC_stay_flat,102166.41259999998,102166.41259999998,C
2025-05-20,12:30:00,12:00:00,589.2891,594.1028423951543,586.8009875981282,589.55858647839,0,0,349,2.0155690897111516,BC_stay_flat,102166.41259999998,102166.41259999998,C
2025-05-20,13:00:00,12:30:00,590.0051,594.4151368891818,586.4897587323386,589.6052589370685,0,0,349,2.0155690897111516,BC_stay_flat,102166.41259999998,102166.41259999998,C
2025-05-20,13:30:00,13:00:00,590.0845,594.5383103877949,586.3670055330288,589.6558571191717,0,0,349,2.0155690897111516,BC_stay_flat,102166.41259999998,102166.41259999998,C
2025-05-20,14:00:00,13:30:00,589.5576,594.2368939951336,586.6673934163007,589.6453629228905,0,0,349,2.0155690897111516,BC_stay_flat,102166.41259999998,102166.41259999998,C
2025-05-20,14:30:00,14:00:00,587.3701,594.7733672828327,586.1327507118976,589.3073328078062,0,0,349,2.0155690897111516,BC_stay_flat,102166.41259999998,102166.41259999998,C
2025-05-20,15:00:00,14:30:00,587.4646,594.4974961748896,586.4076804774595,589.0775963897871,0,0,349,2.0155690897111516,BC_stay_flat,102166.41259999998,102166.41259999998,C
2025-05-20,15:30:00,15:00:00,588.0463,594.6515246103281,586.2541776262161,588.9105153088784,0,0,349,2.0155690897111516,BC_stay_flat,102166.41259999998,102166.41259999998,C
2025-05-20,16:00:00,15:30:00,589.4184,594.4786006124948,586.4265115633899,589.0100533018888,0,0,349,2.0155690897111516,session_close_flatten,102166.41259999998,102166.41259999998,C
2025-05-21,10:00:00,09:30:00,586.6244,589.4679,586.6244,586.6244,0,0,344,1.9784600889354975,BC_stay_flat,102166.41259999998,102166.41259999998,C
2025-05-21,10:30:00,10:00:00,586.2956,590.5635828623774,585.5340025386074,586.4845437304438,0,0,344,1.9784600889354975,BC_stay_flat,102166.41259999998,102166.41259999998,C
2025-05-21,11:00:00,10:30:00,587.3204,590.8815615831334,585.2175576969523,586.6704278132387,0,0,344,1.9784600889354975,BC_stay_flat,102166.41259999998,102166.41259999998,C
2025-05-21,11:30:00,11:00:00,588.4042,591.1679750178805,584.9325258753545,587.0502937556481,0,0,344,1.9784600889354975,BC_stay_flat,102166.41259999998,102166.41259999998,C
2025-05-21,12:00:00,11:30:00,588.3744,591.1866667366693,584.9139243224635,587.207344975733,0,0,344,1.9784600889354975,BC_stay_flat,102166.41259999998,102166.41259999998,C
2025-05-21,12:30:00,12:00:00,588.3943,591.6216861138873,584.4810034099779,587.3348666526929,0,0,344,1.9784600889354975,BC_stay_flat,102166.41259999998,102166.41259999998,C
2025-05-21,13:00:00,12:30:00,588.3148,591.8492829475301,584.254504467495,587.4369418392827,0,0,344,1.9784600889354975,BC_stay_flat,102166.41259999998,102166.41259999998,C
2025-05-21,13:30:00,13:00:00,581.1359,591.9466184530014,584.1576384931209,585.7332133528736,-1,-344,344,1.9784600889354975,BC_enter_short,102164.8646,302075.6142,C
2025-05-21,14:00:00,13:30:00,582.9654,591.562333184663,584.540070030051,585.1389131537476,-1,-344,344,1.9784600889354975,BC_hold_short,101535.5166,302075.6142,C
2025-05-21,14:30:00,14:00:00,581.8618,592.245159388151,583.860537672266,584.8508000292676,-1,-344,344,1.9784600889354975,BC_hold_short,101915.155,302075.6142,C
2025-05-21,15:00:00,14:30:00,580.7183,592.0287521072485,584.0759010386429,584.5305133308296,-1,-344,344,1.9784600889354975,BC_hold_short,102308.519,302075.6142,C
2025-05-21,15:30:00,15:00:00,578.9882,592.120003650087,583.9850896788272,583.8908465534234,-1,-344,344,1.9784600889354975,BC_hold_short,102903.6734,302075.6142,C
2025-05-21,16:00:00,15:30:00,579.6544,591.4856322582459,584.6164009633195,583.0727492259227,0,0,344,1.9784600889354975,session_close_flatten,102714.06060000001,102714.06060000001,C
2025-05-22,10:00:00,09:30:00,581.0166,581.0166,579.5349,581.0166,0,0,304,1.7225612955264689,BC_stay_flat,102714.06060000001,102714.06060000001,C
2025-05-22,10:30:00,10:00:00,579.5351,582.0035810858493,578.5504358988202,580.4422291878059,0,0,304,1.7225612955264689,BC_stay_flat,102714.06060000001,102714.06060000001,C
2025-05-22,11:00:00,10:30:00,579.7439,582.2445080054563,578.3101233875052,580.2538791629626,0,0,304,1.7225612955264689,BC_stay_flat,102714.06060000001,102714.06060000001,C
2025-05-22,11:30:00,11:00:00,579.1866,582.604971270076,577.9505793710088,580.0597363814634,0,0,304,1.7225612955264689,BC_stay_flat,102714.06060000001,102714.06060000001,C
2025-05-22,12:00:00,11:30:00,580.9768,582.8247740847008,577.7313370942935,580.1880127466711,0,0,304,1.7225612955264689,BC_stay_flat,102714.06060000001,102714.06060000001,C
2025-05-22,12:30:00,12:00:00,581.0067,583.2513898313624,577.3058092968436,580.2931412822213,0,0,304,1.7225612955264689,BC_stay_flat,102714.06060000001,102714.06060000001,C
2025-05-22,13:00:00,12:30:00,579.7589,583.4293794817052,577.1282735530929,580.2467297679616,0,0,304,1.7225612955264689,BC_stay_flat,102714.06060000001,102714.06060000001,C
2025-05-22,13:30:00,13:00:00,581.3248,583.7843900436251,576.7741683338941,580.3526391760905,0,0,304,1.7225612955264689,BC_stay_flat,102714.06060000001,102714.06060000001,C
2025-05-22,14:00:00,13:30:00,582.001,583.3309794755914,577.2264226209562,580.4814814837042,0,0,304,1.7225612955264689,BC_stay_flat,102714.06060000001,102714.06060000001,C
2025-05-22,14:30:00,14:00:00,582.17,583.9862042559843,576.5728687851752,580.6213171307875,0,0,304,1.7225612955264689,BC_stay_flat,102714.06060000001,102714.06060000001,C
2025-05-22,15:00:00,14:30:00,582.5031,583.864528435784,576.6942343094859,580.7498620017142,0,0,304,1.7225612955264689,BC_stay_flat,102714.06060000001,102714.06060000001,C
2025-05-22,15:30:00,15:00:00,583.1593,584.050216364567,576.5090199193316,580.9633198900369,0,0,304,1.7225612955264689,BC_stay_flat,102714.06060000001,102714.06060000001,C
2025-05-22,16:00:00,15:30:00,579.7538,583.348930053539,577.2085178203089,580.6826363008079,0,0,304,1.7225612955264689,session_close_flatten,102714.06060000001,102714.06060000001,C
2025-05-23,10:00:00,09:30:00,573.4699,579.7635,573.4699,573.4699,0,0,322,1.7985416212228542,BC_stay_flat,102714.06060000001,102714.06060000001,C
2025-05-23,10:30:00,10:00:00,574.4045,580.6472440925209,572.5957493569128,573.7989583362854,0,0,322,1.7985416212228542,BC_stay_flat,102714.06060000001,102714.06060000001,C
2025-05-23,11:00:00,10:30:00,573.8925,580.9118995438114,572.3339668625232,573.8150679819522,0,0,322,1.7985416212228542,BC_stay_flat,102714.06060000001,102714.06060000001,C
2025-05-23,11:30:00,11:00:00,575.1304,581.3866401986749,571.8643797362719,573.9936077513054,0,0,322,1.7985416212228542,BC_stay_flat,102714.06060000001,102714.06060000001,C
2025-05-23,12:00:00,11:30:00,574.7327,581.3640943062366,571.8866808826565,574.0791121759715,0,0,322,1.7985416212228542,BC_stay_flat,102714.06060000001,102714.06060000001,C
2025-05-23,12:30:00,12:00:00,575.3193,581.7156292937509,571.5389619694507,574.1930708883747,0,0,322,1.7985416212228542,BC_stay_flat,102714.06060000001,102714.06060000001,C
2025-05-23,13:00:00,12:30:00,575.6871,581.964542834646,571.292750499764,574.3092592415475,0,0,322,1.7985416212228542,BC_stay_flat,102714.06060000001,102714.06060000001,C
2025-05-23,13:30:00,13:00:00,577.7255,582.3047522345033,570.9562342297412,574.6102912749634,0,0,322,1.7985416212228542,BC_stay_flat,102714.06060000001,102714.06060000001,C
2025-05-23,14:00:00,13:30:00,577.5267,581.8663447704062,571.3898825787579,574.8057173585469,0,0,322,1.7985416212228542,BC_stay_flat,102714.06060000001,102714.06060000001,C
2025-05-23,14:30:00,14:00:00,577.3775,582.4994946884456,570.7636057948915,575.0542788942525,0,0,322,1.7985416212228542,BC_stay_flat,102714.06060000001,102714.06060000001,C
2025-05-23,15:00:00,14:30:00,577.3974,582.448492366093,570.8140544635287,575.1757198337898,0,0,322,1.7985416212228542,BC_stay_flat,102714.06060000001,102714.06060000001,C
2025-05-23,15:30:00,15:00:00,576.4628,582.6382933090382,570.6263138972964,575.2804428543732,0,0,322,1.7985416212228542,BC_stay_flat,102714.06060000001,102714.06060000001,C
2025-05-23,16:00:00,15:30:00,575.8164,581.9492980966517,571.3078297491012,575.381925296381,0,0,322,1.7985416212228542,session_close_flatten,102714.06060000001,102714.06060000001,C
2025-05-27,10:00:00,09:30:00,582.9554,582.9554,575.8063,582.9554,0,0,315,1.788457999617731,BC_stay_flat,102714.06060000001,102714.06060000001,C
2025-05-27,10:30:00,10:00:00,584.5256,583.9055497527045,574.8678024519016,583.6195936875437,1,315,315,1.788457999617731,BC_enter_long,102712.64310000002,-81412.9209,C
2025-05-27,11:00:00,10:30:00,584.7104,584.0588326465884,574.7163993497422,583.837424295554,1,315,315,1.788457999617731,BC_hold_long,102770.85510000002,-81412.9209,C
2025-05-27,11:30:00,11:00:00,585.4412,584.6327115158024,574.1495582700811,584.1041202337416,1,315,315,1.788457999617731,BC_hold_long,103001.0571,-81412.9209,C
2025-05-27,12:00:00,11:30:00,585.6102,584.5671331584406,574.2143324042817,584.2914237833357,1,315,315,1.788457999617731,BC_hold_long,103054.29209999999,-81412.9209,C
2025-05-27,12:30:00,12:00:00,585.998,584.9122336733008,573.8734640452446,584.4930366506228,1,315,315,1.788457999617731,BC_hold_long,103176.44910000003,-81412.9209,C
2025-05-27,13:00:00,12:30:00,586.5829,585.1980850840049,573.5911181862865,584.7694858683352,1,315,315,1.788457999617731,BC_hold_long,103360.69260000001,-81412.9209,C
2025-05-27,13:30:00,13:00:00,586.8034,585.7243646032788,573.0712927197776,584.8999474249974,1,315,315,1.788457999617731,BC_hold_long,103430.1501,-81412.9209,C
2025-05-27,14:00:00,13:30:00,587.6237,585.2255364702786,573.5640034513342,585.0848151610326,1,315,315,1.788457999617731,BC_hold_long,103688.5446,-81412.9209,C
2025-05-27,14:30:00,14:00:00,587.3204,585.8181063122806,572.9787006164778,585.2619173914346,1,315,315,1.788457999617731,BC_hold_long,103593.00509999998,-81412.9209,C
2025-05-27,15:00:00,14:30:00,586.9725,585.7941098412417,573.0024028057052,585.3855624154579,1,315,315,1.788457999617731,BC_hold_long,103483.4166,-81412.9209,C
2025-05-27,15:30:00,15:00:00,586.9526,586.0012897780649,572.7977636294382,585.5468639794124,1,315,315,1.788457999617731,BC_hold_long,103477.14809999999,-81412.9209,C
2025-05-27,16:00:00,15:30:00,587.7778,585.3021968381458,573.4882832113668,586.0581306160801,0,0,315,1.788457999617731,session_close_flatten,103735.6056,103735.6056,C
2025-05-28,10:00:00,09:30:00,587.39,587.7776,587.39,587.39,0,0,299,1.694859236532492,BC_stay_flat,103735.6056,103735.6056,C
2025-05-28,10:30:00,10:00:00,586.8481,588.6107167649182,586.5574326198459,587.2057822639856,0,0,299,1.694859236532492,BC_stay_flat,103735.6056,103735.6056,C
2025-05-28,11:00:00,10:30:00,585.9831,588.7597458482024,586.4085018112709,586.9176777218751,-1,-299,299,1.694859236532492,BC_enter_short,103734.26009999998,278943.207,C
2025-05-28,11:30:00,11:00:00,585.988,589.3352606742843,585.83336649871,586.7567574927554,0,0,299,1.694859236532492,BC_exit_short,103731.44949999999,103731.44949999999,C
2025-05-28,12:00:00,11:30:00,585.7296,589.3728298815041,585.7958220658685,586.6190304782473,-1,-299,299,1.694859236532492,BC_enter_short,103730.10400000002,278863.25440000003,C
2025-05-28,12:30:00,12:00:00,586.4653,589.7423059161273,585.4265896759692,586.6037411627146,0,0,299,1.694859236532492,BC_exit_short,103508.78420000005,103508.78420000005,C
2025-05-28,13:00:00,12:30:00,586.6144,590.1633997392832,585.005773536015,586.6046206207651,0,0,299,1.694859236532492,BC_stay_flat,103508.78420000005,103508.78420000005,C
2025-05-28,13:30:00,13:00:00,586.8979,590.6780002839056,584.4915123360207,586.630153926719,0,0,299,1.694859236532492,BC_stay_flat,103508.78420000005,103508.78420000005,C
2025-05-28,14:00:00,13:30:00,586.3535,590.325914824694,584.8433656184295,586.6092792517435,0,0,299,1.694859236532492,BC_stay_flat,103508.78420000005,103508.78420000005,C
2025-05-28,14:30:00,14:00:00,586.7338,590.7509104137898,584.418650285489,586.6185753430483,0,0,299,1.694859236532492,BC_stay_flat,103508.78420000005,103508.78420000005,C
2025-05-28,15:00:00,14:30:00,586.3759,590.66022572432,584.5092751744736,586.5825572954834,0,0,299,1.694859236532492,BC_stay_flat,103508.78420000005,103508.78420000005,C
2025-05-28,15:30:00,15:00:00,586.0471,590.8835100235722,584.2861381162772,586.5109054166041,0,0,299,1.694859236532492,BC_stay_flat,103508.78420000005,103508.78420000005,C
2025-05-28,16:00:00,15:30:00,584.3773,590.3879472128135,584.7813741365193,586.0180798779073,0,0,299,1.694859236532492,session_close_flatten,103508.78420000005,103508.78420000005,C
2025-05-29,10:00:00,09:30:00,587.8027,587.8027,584.3771,587.8027,0,0,291,1.6540539549111561,BC_stay_flat,103508.78420000005,103508.78420000005,C
2025-05-29,10:30:00,10:00:00,586.653,588.636447620057,583.5482112991812,587.3071183101096,0,0,291,1.6540539549111561,BC_stay_flat,103508.78420000005,103508.78420000005,C
2025-05-29,11:00:00,10:30:00,587.5591,588.74183926093,583.443433860327,587.3542723601137,0,0,291,1.6540539549111561,BC_stay_flat,103508.78420000005,103508.78420000005,C
2025-05-29,11:30:00,11:00:00,587.3304,589.2945888086989,582.8939056295932,587.350776221834,0,0,291,1.6540539549111561,BC_stay_flat,103508.78420000005,103508.78420000005,C
2025-05-29,12:00:00,11:30:00,583.7708,589.4074772413999,582.781675088758,586.6733367629392,0,0,291,1.6540539549111561,BC_stay_flat,103508.78420000005,103508.78420000005,C
2025-05-29,12:30:00,12:00:00,585.6202,589.6750119839973,582.5156994866925,586.5076765312357,0,0,291,1.6540539549111561,BC_stay_flat,103508.78420000005,103508.78420000005,C
2025-05-29,13:00:00,12:30:00,586.3858,590.2373079097771,581.9566805123852,586.4981417185069,0,0,291,1.6540539549111561,BC_stay_flat,103508.78420000005,103508.78420000005,C
2025-05-29,13:30:00,13:00:00,585.9584,590.7331631787763,581.4637149916118,586.4577529327471,0,0,291,1.6540539549111561,BC_stay_flat,103508.78420000005,103508.78420000005,C
2025-05-29,14:00:00,13:30:00,585.2324,590.2733697744657,581.9208288092418,586.3704048980059,0,0,291,1.6540539549111561,BC_stay_flat,103508.78420000005,103508.78420000005,C
2025-05-29,14:30:00,14:00:00,584.6955,590.5702331853142,581.6256954607086,586.2377543853396,0,0,291,1.6540539549111561,BC_stay_flat,103508.78420000005,103508.78420000005,C
2025-05-29,15:00:00,14:30:00,585.4362,590.7175471425926,581.4792400205689,586.1831552393876,0,0,291,1.6540539549111561,BC_stay_flat,103508.78420000005,103508.78420000005,C
2025-05-29,15:30:00,15:00:00,585.5704,590.7541571016682,581.4428434172262,586.123240250501,0,0,291,1.6540539549111561,BC_stay_flat,103508.78420000005,103508.78420000005,C
2025-05-29,16:00:00,15:30:00,586.6841,590.6217700997552,581.5744588933981,586.224493031109,0,0,291,1.6540539549111561,session_close_flatten,103508.78420000005,103508.78420000005,C
2025-05-30,10:00:00,09:30:00,584.0691,586.6838,584.0691,584.0691,0,0,294,1.6598332929314492,BC_stay_flat,103508.78420000005,103508.78420000005,C
2025-05-30,10:30:00,10:00:00,586.1671,587.5696970535371,583.1871511635876,584.9791531183289,0,0,294,1.6598332929314492,BC_stay_flat,103508.78420000005,103508.78420000005,C
2025-05-30,11:00:00,10:30:00,585.3219,587.5062743661656,583.2502911922243,585.0528691532598,0,0,294,1.6598332929314492,BC_stay_flat,103508.78420000005,103508.78420000005,C
2025-05-30,11:30:00,11:00:00,585.65,588.0497612508377,582.7092264899225,585.1345859495937,0,0,294,1.6598332929314492,BC_stay_flat,103508.78420000005,103508.78420000005,C
2025-05-30,12:00:00,11:30:00,584.6805,588.2535161126849,582.506379711505,585.0657452327071,0,0,294,1.6598332929314492,BC_stay_flat,103508.78420000005,103508.78420000005,C
2025-05-30,12:30:00,12:00:00,581.7524,588.3567434639568,582.4036124181986,584.2875594546474,-1,-294,294,1.6598332929314492,BC_enter_short,103507.46120000008,274542.66680000006,C
2025-05-30,13:00:00,12:30:00,580.7183,588.765326997909,581.996849836804,583.3994591919138,-1,-294,294,1.6598332929314492,BC_hold_short,103811.48660000006,274542.66680000006,C
2025-05-30,13:30:00,13:00:00,582.5479,589.358306586196,581.4065130072391,583.3161469783589,0,0,294,1.6598332929314492,BC_exit_short,103272.26120000007,103272.26120000007,C
2025-05-30,14:00:00,13:30:00,582.5379,589.0661160435486,581.6974013311924,583.2550217526848,0,0,294,1.6598332929314492,BC_stay_flat,103272.26120000007,103272.26120000007,C
2025-05-30,14:30:00,14:00:00,584.9739,589.3733892628022,581.3914975502742,583.4795460742358,0,0,294,1.6598332929314492,BC_stay_flat,103272.26120000007,103272.26120000007,C
2025-05-30,15:00:00,14:30:00,585.2822,589.4468147688578,581.3183992829639,583.5828323111724,0,0,294,1.6598332929314492,BC_stay_flat,103272.26120000007,103272.26120000007,C
2025-05-30,15:30:00,15:00:00,587.2408,589.4150962700801,581.3499764204857,583.9161838149088,0,0,294,1.6598332929314492,BC_stay_flat,103272.26120000007,103272.26120000007,C
2025-05-30,16:00:00,15:30:00,586.0278,589.509646616499,581.2558474608356,584.5325743580354,0,0,294,1.6598332929314492,session_close_flatten,103272.26120000007,103272.26120000007,C
2025-06-02,10:00:00,09:30:00,582.9853,586.0276,582.9853,582.9853,0,0,294,1.6604313097717809,BC_stay_flat,103272.26120000007,103272.26120000007,C
2025-06-02,10:30:00,10:00:00,585.2324,586.8819565959883,582.1353787054754,584.0482247817573,0,0,294,1.6604313097717809,BC_stay_flat,103272.26120000007,103272.26120000007,C
2025-06-02,11:00:00,10:30:00,585.998,586.7643063621613,582.2524181706178,584.4942508306078,0,0,294,1.6604313097717809,BC_stay_flat,103272.26120000007,103272.26120000007,C
2025-06-02,11:30:00,11:00:00,585.1926,587.3303357631714,581.689327251083,584.599559892446,0,0,294,1.6604313097717809,BC_stay_flat,103272.26120000007,103272.26120000007,C
2025-06-02,12:00:00,11:30:00,586.5051,587.5401752490698,581.4805771245733,584.7932802677421,0,0,294,1.6604313097717809,BC_stay_flat,103272.26120000007,103272.26120000007,C
2025-06-02,12:30:00,12:00:00,586.0278,587.6409679600475,581.3803076682418,584.8689773552317,0,0,294,1.6604313097717809,BC_stay_flat,103272.26120000007,103272.26120000007,C
2025-06-02,13:00:00,12:30:00,586.6343,588.0877598401685,580.9358352606796,584.9741389715787,0,0,294,1.6604313097717809,BC_stay_flat,103272.26120000007,103272.26120000007,C
2025-06-02,13:30:00,13:00:00,586.4753,588.5931027250386,580.4331158096863,585.0584878106437,0,0,294,1.6604313097717809,BC_stay_flat,103272.26120000007,103272.26120000007,C
2025-06-02,14:00:00,13:30:00,586.5498,588.392202350916,580.6329732308692,585.1248978623,0,0,294,1.6604313097717809,BC_stay_flat,103272.26120000007,103272.26120000007,C
2025-06-02,14:30:00,14:00:00,588.1258,588.5885145853731,580.4376801305125,585.4328536860603,0,0,294,1.6604313097717809,BC_stay_flat,103272.26120000007,103272.26120000007,C
2025-06-02,15:00:00,14:30:00,588.4738,588.7236478119381,580.3032484337306,585.6437246017148,0,0,294,1.6604313097717809,BC_stay_flat,103272.26120000007,103272.26120000007,C
2025-06-02,15:30:00,15:00:00,588.9312,588.8435924575138,580.1839264680343,585.9782545255546,1,294,294,1.6604313097717809,BC_enter_long,103270.93820000006,-69874.83459999994,C
2025-06-02,16:00:00,15:30:00,589.3289,588.7949891232677,580.2322774832364,586.6739226335376,0,0,294,1.6604313097717809,session_close_flatten,103386.48020000005,103386.48020000005,C
2025-06-03,10:00:00,09:30:00,589.1102,589.3287,589.1102,589.1102,0,0,411,2.3445184731067688,BC_stay_flat,103386.48020000005,103386.48020000005,C
2025-06-03,10:30:00,10:00:00,590.4475,590.2985131575489,588.1407464111857,589.7206942689309,1,411,411,2.3445184731067688,BC_enter_long,103384.63070000004,-139289.29179999995,C
2025-06-03,11:00:00,10:30:00,591.0192,590.2710745556323,588.1681748399434,590.0648988991206,1,411,411,2.3445184731067688,BC_hold_long,103619.59940000004,-139289.29179999995,C
2025-06-03,11:30:00,11:00:00,591.5661,590.7962232026066,587.6432208975192,590.394630828213,1,411,411,2.3445184731067688,BC_hold_long,103844.37530000004,-139289.29179999995,C
2025-06-03,12:00:00,11:30:00,592.2322,591.0523358572837,587.3872031993833,590.6915067350938,1,411,411,2.3445184731067688,BC_hold_long,104118.14240000007,-139289.29179999995,C
2025-06-03,12:30:00,12:00:00,592.6548,591.1410040778057,587.2985678535646,590.9476011750622,1,411,411,2.3445184731067688,BC_hold_long,104291.83100000006,-139289.29179999995,C
2025-06-03,13:00:00,12:30:00,593.1172,591.5017721919519,586.9379334981052,591.1724165635155,1,411,411,2.3445184731067688,BC_hold_long,104481.87740000006,-139289.29179999995,C
2025-06-03,13:30:00,13:00:00,593.3409,591.9853829200483,586.4545020739254,591.3714731594421,1,411,411,2.3445184731067688,BC_hold_long,104573.81810000006,-139289.29179999995,C
2025-06-03,14:00:00,13:30:00,592.7394,591.7694670879803,586.6703378528595,591.5044741448304,1,411,411,2.3445184731067688,BC_hold_long,104326.60160000008,-139289.29179999995,C
2025-06-03,14:30:00,14:00:00,592.7692,592.0475962907478,586.392311769507,591.6972212522137,1,411,411,2.3445184731067688,BC_hold_long,104338.84940000004,-139289.29179999995,C
2025-06-03,15:00:00,14:30:00,592.958,592.243524502389,586.196456200373,591.7882292937927,1,411,411,2.3445184731067688,BC_hold_long,104416.44620000003,-139289.29179999995,C
2025-06-03,15:30:00,15:00:00,592.8188,592.4037097705459,586.0363303226395,591.8915192232014,1,411,411,2.3445184731067688,BC_hold_long,104359.23500000004,-139289.29179999995,C
2025-06-03,16:00:00,15:30:00,592.6896,592.2722923387836,586.1676990299652,592.0448841023593,0,0,411,2.3445184731067688,session_close_flatten,104304.20210000004,104304.20210000004,C
2025-06-04,10:00:00,09:30:00,593.3658,593.3658,592.6894,593.3658,0,0,414,2.3557007701621147,BC_stay_flat,104304.20210000004,104304.20210000004,C
2025-06-04,10:30:00,10:00:00,594.1711,594.3226167873775,591.7336739240775,593.7840418555367,0,0,414,2.3557007701621147,BC_stay_flat,104304.20210000004,104304.20210000004,C
2025-06-04,11:00:00,10:30:00,594.1811,594.3332151725,591.7230876204529,593.8647465174369,0,0,414,2.3557007701621147,BC_stay_flat,104304.20210000004,104304.20210000004,C
2025-06-04,11:30:00,11:00:00,593.5646,594.8448312910044,591.2120547124108,593.8227104227682,0,0,414,2.3557007701621147,BC_stay_flat,104304.20210000004,104304.20210000004,C
2025-06-04,12:00:00,11:30:00,593.4354,595.1527981650268,590.9044389014149,593.7688701634668,0,0,414,2.3557007701621147,BC_stay_flat,104304.20210000004,104304.20210000004,C
2025-06-04,12:30:00,12:00:00,592.5106,595.278267217332,590.779112876003,593.6131274847634,0,0,414,2.3557007701621147,BC_stay_flat,104304.20210000004,104304.20210000004,C
2025-06-04,13:00:00,12:30:00,593.3757,595.6483453740192,590.4094565853304,593.5941846715388,0,0,414,2.3557007701621147,BC_stay_flat,104304.20210000004,104304.20210000004,C
2025-06-04,13:30:00,13:00:00,593.9106,596.125670033681,589.9326760460067,593.618400698874,0,0,414,2.3557007701621147,BC_stay_flat,104304.20210000004,104304.20210000004,C
2025-06-04,14:00:00,13:30:00,594.1612,595.8953979674314,590.1626856164644,593.6550900202639,0,0,414,2.3557007701621147,BC_stay_flat,104304.20210000004,104304.20210000004,C
2025-06-04,14:30:00,14:00:00,594.1711,596.1783046551786,589.8801014246944,593.6968667074281,0,0,414,2.3557007701621147,BC_stay_flat,104304.20210000004,104304.20210000004,C
2025-06-04,15:00:00,14:30:00,593.5944,596.3409984349237,589.71759310571,593.6884491113519,0,0,414,2.3557007701621147,BC_stay_flat,104304.20210000004,104304.20210000004,C
2025-06-04,15:30:00,15:00:00,593.6243,596.4976991527946,589.5610710168831,593.6833958616552,0,0,414,2.3557007701621147,BC_stay_flat,104304.20210000004,104304.20210000004,C
2025-06-04,16:00:00,15:30:00,592.5305,596.4770135636976,589.5817330256988,593.4421771923045,0,0,414,2.3557007701621147,session_close_flatten,104304.20210000004,104304.20210000004,C
2025-06-05,10:00:00,09:30:00,590.8601,592.5303,590.8601,590.8601,0,0,415,2.3534060590816113,BC_stay_flat,104304.20210000004,104304.20210000004,C
2025-06-05,10:30:00,10:00:00,592.7493,593.5408190615863,589.8524293479156,591.5387249300263,0,0,415,2.3534060590816113,BC_stay_flat,104304.20210000004,104304.20210000004,C
2025-06-05,11:00:00,10:30:00,593.9524,593.5521158034018,589.8411644488906,592.5599970943931,1,415,415,2.3534060590816113,BC_enter_long,104302.33460000003,-142187.91139999998,C
2025-06-05,11:30:00,11:00:00,595.2648,593.9959837871818,589.3985476218977,593.0541896743521,1,415,415,2.3534060590816113,BC_hold_long,104846.98060000004,-142187.91139999998,C
2025-06-05,12:00:00,11:30:00,595.3643,594.287809800334,589.1075441958895,593.3056511294867,1,415,415,2.3534060590816113,BC_hold_long,104888.27309999999,-142187.91139999998,C
2025-06-05,12:30:00,12:00:00,594.4893,594.4705864844481,588.925282715163,593.4407072195112,1,415,415,2.3534060590816113,BC_hold_long,104525.14809999999,-142187.91139999998,C
2025-06-05,13:00:00,12:30:00,591.2877,594.8069685497208,588.5898488297985,593.1124362374178,0,0,415,2.3534060590816113,BC_exit_long,103194.61660000001,103194.61660000001,C
2025-06-05,13:30:00,13:00:00,593.0576,595.2417301429746,588.1563127246135,593.1073853602848,0,0,415,2.3534060590816113,BC_stay_flat,103194.61660000001,103194.61660000001,C
2025-06-05,14:00:00,13:30:00,592.4212,595.1003406954898,588.2973036293483,593.0681173862721,0,0,415,2.3534060590816113,BC_stay_flat,103194.61660000001,103194.61660000001,C
2025-06-05,14:30:00,14:00:00,591.934,595.3482496118261,588.0500935084526,592.9441914381325,0,0,415,2.3534060590816113,BC_stay_flat,103194.61660000001,103194.61660000001,C
2025-06-05,15:00:00,14:30:00,591.8644,595.5080149195724,587.8907785405743,592.8746463376822,0,0,415,2.3534060590816113,BC_stay_flat,103194.61660000001,103194.61660000001,C
2025-06-05,15:30:00,15:00:00,589.104,595.6390019808756,587.7601607002032,592.2767792071757,0,0,415,2.3534060590816113,BC_stay_flat,103194.61660000001,103194.61660000001,C
2025-06-05,16:00:00,15:30:00,589.6669,595.6914313276085,587.7078791391531,591.7558524195986,0,0,415,2.3534060590816113,session_close_flatten,103194.61660000001,103194.61660000001,C
2025-06-06,10:00:00,09:30:00,596.9532,596.9532,589.6667,596.9532,0,0,404,2.3373049889100352,BC_stay_flat,103194.61660000001,103194.61660000001,C
2025-06-06,10:30:00,10:00:00,595.7272,598.0886756640186,588.545084121683,596.5701104478757,0,0,404,2.3373049889100352,BC_stay_flat,103194.61660000001,103194.61660000001,C
2025-06-06,11:00:00,10:30:00,595.8813,598.1708845138953,588.4638787253177,596.4504707532445,0,0,404,2.3373049889100352,BC_stay_flat,103194.61660000001,103194.61660000001,C
2025-06-06,11:30:00,11:00:00,595.0759,598.584734508932,588.0550802451884,596.1006672472139,0,0,404,2.3373049889100352,BC_stay_flat,103194.61660000001,103194.61660000001,C
2025-06-06,12:00:00,11:30:00,595.3146,598.8335396214003,587.8093120851178,596.0105799644775,0,0,404,2.3373049889100352,BC_stay_flat,103194.61660000001,103194.61660000001,C
2025-06-06,12:30:00,12:00:00,595.1754,598.9494437488353,587.694822700789,595.9514383231414,0,0,404,2.3373049889100352,BC_stay_flat,103194.61660000001,103194.61660000001,C
2025-06-06,13:00:00,12:30:00,594.2009,598.9816389325629,587.6630204962871,595.7613567658409,0,0,404,2.3373049889100352,BC_stay_flat,103194.61660000001,103194.61660000001,C
2025-06-06,13:30:00,13:00:00,594.8174,599.512448686578,587.1386898854823,595.6894557126501,0,0,404,2.3373049889100352,BC_stay_flat,103194.61660000001,103194.61660000001,C
2025-06-06,14:00:00,13:30:00,595.5433,599.3844546482431,587.2651216094507,595.6818236256596,0,0,404,2.3373049889100352,BC_stay_flat,103194.61660000001,103194.61660000001,C
2025-06-06,14:30:00,14:00:00,596.1597,599.626697368886,587.0258357396699,595.7256332507623,0,0,404,2.3373049889100352,BC_stay_flat,103194.61660000001,103194.61660000001,C
2025-06-06,15:00:00,14:30:00,596.2492,599.7615533695807,586.8926258114799,595.7695447286587,0,0,404,2.3373049889100352,BC_stay_flat,103194.61660000001,103194.61660000001,C
2025-06-06,15:30:00,15:00:00,595.8912,600.010321686308,586.6468939980158,595.7786386860425,0,0,404,2.3373049889100352,BC_stay_flat,103194.61660000001,103194.61660000001,C
2025-06-06,16:00:00,15:30:00,595.7222,599.9083082548917,586.7476622382379,595.7677703973991,0,0,404,2.3373049889100352,session_close_flatten,103194.61660000001,103194.61660000001,C
2025-06-09,10:00:00,09:30:00,595.5532,595.722,595.5532,595.5532,0,0,392,2.265272136302029,BC_stay_flat,103194.61660000001,103194.61660000001,C
2025-06-09,10:30:00,10:00:00,596.3287,596.9273954213099,594.348146131876,595.9031353437422,0,0,392,2.265272136302029,BC_stay_flat,103194.61660000001,103194.61660000001,C
2025-06-09,11:00:00,10:30:00,596.11,597.0042106644814,594.2713526545837,595.9692976166373,0,0,392,2.265272136302029,BC_stay_flat,103194.61660000001,103194.61660000001,C
2025-06-09,11:30:00,11:00:00,595.7968,597.4638208268108,593.811872724469,595.944658669453,0,0,392,2.265272136302029,BC_stay_flat,103194.61660000001,103194.61660000001,C
2025-06-09,12:00:00,11:30:00,596.4133,597.6864465002543,593.5893101328214,595.9994898447071,0,0,392,2.265272136302029,BC_stay_flat,103194.61660000001,103194.61660000001,C
2025-06-09,12:30:00,12:00:00,596.3785,597.737467701733,593.5383033883863,596.0374952469381,0,0,392,2.265272136302029,BC_stay_flat,103194.61660000001,103194.61660000001,C
2025-06-09,13:00:00,12:30:00,597.2584,597.8271407708158,593.4486557284943,596.1894513486525,0,0,392,2.265272136302029,BC_stay_flat,103194.61660000001,103194.61660000001,C
2025-06-09,13:30:00,13:00:00,597.3976,598.2481046782892,593.0278111026785,596.3012615855413,0,0,392,2.265272136302029,BC_stay_flat,103194.61660000001,103194.61660000001,C
2025-06-09,14:00:00,13:30:00,597.4722,598.0921875642655,593.1836840370197,596.3855194025083,0,0,392,2.265272136302029,BC_stay_flat,103194.61660000001,103194.61660000001,C
2025-06-09,14:30:00,14:00:00,597.5417,598.2556262113081,593.0202917009134,596.4605989627078,0,0,392,2.265272136302029,BC_stay_flat,103194.61660000001,103194.61660000001,C
2025-06-09,15:00:00,14:30:00,597.5616,598.3607756062238,592.915172100462,596.5750390248254,0,0,392,2.265272136302029,BC_stay_flat,103194.61660000001,103194.61660000001,C
2025-06-09,15:30:00,15:00:00,597.0745,598.6208622721426,592.655159131048,596.6133066433582,0,0,392,2.265272136302029,BC_stay_flat,103194.61660000001,103194.61660000001,C
2025-06-09,16:00:00,15:30:00,596.2592,598.4994055251243,592.7765814628543,596.5280227129382,0,0,392,2.265272136302029,session_close_flatten,103194.61660000001,103194.61660000001,C
2025-06-10,10:00:00,09:30:00,597.1441,597.1441,596.2589,597.1441,0,0,391,2.2654344422294934,BC_stay_flat,103194.61660000001,103194.61660000001,C
2025-06-10,10:30:00,10:00:00,597.7606,598.3393857103769,595.0653861683218,597.3828001952064,0,0,391,2.2654344422294934,BC_stay_flat,103194.61660000001,103194.61660000001,C
2025-06-10,11:00:00,10:30:00,597.6487,598.4194746076868,594.9854159939331,597.4591143477152,0,0,391,2.2654344422294934,BC_stay_flat,103194.61660000001,103194.61660000001,C
2025-06-10,11:30:00,11:00:00,597.7054,598.8325116006722,594.5729912825498,597.5094289338867,0,0,391,2.2654344422294934,BC_stay_flat,103194.61660000001,103194.61660000001,C
2025-06-10,12:00:00,11:30:00,597.8052,599.0413925906555,594.3644199355023,597.5947992017516,0,0,391,2.2654344422294934,BC_stay_flat,103194.61660000001,103194.61660000001,C
2025-06-10,12:30:00,12:00:00,598.4566,599.0280154165536,594.3777772794251,597.704799718065,0,0,391,2.2654344422294934,BC_stay_flat,103194.61660000001,103194.61660000001,C
2025-06-10,13:00:00,12:30:00,598.7449,599.1419626203511,594.2639989897385,597.8022960943631,0,0,391,2.2654344422294934,BC_stay_flat,103194.61660000001,103194.61660000001,C
2025-06-10,13:30:00,13:00:00,598.4863,599.5354218534593,593.8711230163715,597.87554832288,0,0,391,2.2654344422294934,BC_stay_flat,103194.61660000001,103194.61660000001,C
2025-06-10,14:00:00,13:30:00,597.85,599.43953863311,593.9668641004648,597.8733922885643,0,0,391,2.2654344422294934,BC_stay_flat,103194.61660000001,103194.61660000001,C
2025-06-10,14:30:00,14:00:00,597.4736,599.6494647136358,593.7572492121059,597.8199189629779,0,0,391,2.2654344422294934,BC_stay_flat,103194.61660000001,103194.61660000001,C
2025-06-10,15:00:00,14:30:00,599.0233,599.708684901719,593.6981168113934,597.9554504370062,0,0,391,2.2654344422294934,BC_stay_flat,103194.61660000001,103194.61660000001,C
2025-06-10,15:30:00,15:00:00,599.2122,599.9972599339349,593.4099695597058,598.1012688125496,0,0,391,2.2654344422294934,BC_stay_flat,103194.61660000001,103194.61660000001,C
2025-06-10,16:00:00,15:30:00,599.5602,599.723347513845,593.6834759349662,598.3992437168134,0,0,391,2.2654344422294934,session_close_flatten,103194.61660000001,103194.61660000001,C
2025-06-11,10:00:00,09:30:00,600.1868,600.1868,599.6395,600.1868,0,0,388,2.2610593115933604,BC_stay_flat,103194.61660000001,103194.61660000001,C
2025-06-11,10:30:00,10:00:00,601.3102,601.4288215530493,598.3986110250013,600.5747557092908,0,0,388,2.2610593115933604,BC_stay_flat,103194.61660000001,103194.61660000001,C
2025-06-11,11:00:00,10:30:00,601.2406,601.5016486082357,598.3258503795515,600.7188476400468,0,0,388,2.2610593115933604,BC_stay_flat,103194.61660000001,103194.61660000001,C
2025-06-11,11:30:00,11:00:00,600.7534,601.8792804746829,597.9485628690957,600.7261338813272,0,0,388,2.2610593115933604,BC_stay_flat,103194.61660000001,103194.61660000001,C
2025-06-11,12:00:00,11:30:00,600.1419,602.1122969833134,597.7157588442038,600.6441974336295,0,0,388,2.2610593115933604,BC_stay_flat,103194.61660000001,103194.61660000001,C
2025-06-11,12:30:00,12:00:00,599.7839,602.1636909749719,597.6644117178406,600.477102129948,0,0,388,2.2610593115933604,BC_stay_flat,103194.61660000001,103194.61660000001,C
2025-06-11,13:00:00,12:30:00,599.963,602.2685440739174,597.5596542326292,600.4249254734251,0,0,388,2.2610593115933604,BC_stay_flat,103194.61660000001,103194.61660000001,C
2025-06-11,13:30:00,13:00:00,600.9025,602.6396677508569,597.1888689769752,600.4641875261198,0,0,388,2.2610593115933604,BC_stay_flat,103194.61660000001,103194.61660000001,C
2025-06-11,14:00:00,13:30:00,599.0034,602.5359363858361,597.2925057511519,600.3361173903893,0,0,388,2.2610593115933604,BC_stay_flat,103194.61660000001,103194.61660000001,C
2025-06-11,14:30:00,14:00:00,597.1541,602.5781638126457,597.250316830805,599.6391739622886,-1,-388,388,2.2610593115933604,BC_enter_short,103192.87060000005,334888.66140000004,C
2025-06-11,15:00:00,14:30:00,597.3131,602.755815723514,597.0728269176527,599.3470176252899,0,0,388,2.2610593115933604,BC_exit_short,103129.43260000004,103129.43260000004,C
2025-06-11,15:30:00,15:00:00,596.9949,603.10173044642,596.7272276284216,599.1265516221374,0,0,388,2.2610593115933604,BC_stay_flat,103129.43260000004,103129.43260000004,C
2025-06-11,16:00:00,15:30:00,597.9296,602.9512004464463,596.8776203626824,598.9204393956986,0,0,388,2.2610593115933604,session_close_flatten,103129.43260000004,103129.43260000004,C
2025-06-12,10:00:00,09:30:00,597.3827,597.9293,597.3827,597.3827,0,0,473,2.741101415928252,BC_stay_flat,103129.43260000004,103129.43260000004,C
2025-06-12,10:30:00,10:00:00,599.0829,599.2226526288209,596.0905296958233,598.1815585190345,0,0,473,2.741101415928252,BC_stay_flat,103129.43260000004,103129.43260000004,C
2025-06-12,11:00:00,10:30:00,599.262,599.2635190031372,596.0497006797034,598.4647740719074,0,0,473,2.741101415928252,BC_stay_flat,103129.43260000004,103129.43260000004,C
2025-06-12,11:30:00,11:00:00,598.9736,599.5261552216634,595.7873045513636,598.6188485638676,0,0,473,2.741101415928252,BC_stay_flat,103129.43260000004,103129.43260000004,C
2025-06-12,12:00:00,11:30:00,599.063,599.7233407474226,595.5902992837191,598.6733999209948,0,0,473,2.741101415928252,BC_stay_flat,103129.43260000004,103129.43260000004,C
2025-06-12,12:30:00,12:00:00,599.5403,599.7985678543179,595.5151409460523,598.7985892271771,0,0,473,2.741101415928252,BC_stay_flat,103129.43260000004,103129.43260000004,C
2025-06-12,13:00:00,12:30:00,599.0134,599.8960698310367,595.4177281012434,598.8227072033214,0,0,473,2.741101415928252,BC_stay_flat,103129.43260000004,103129.43260000004,C
2025-06-12,13:30:00,13:00:00,599.5303,600.0242801769532,595.2896349594429,598.8711538780933,0,0,473,2.741101415928252,BC_stay_flat,103129.43260000004,103129.43260000004,C
2025-06-12,14:00:00,13:30:00,599.6895,600.0874173591326,595.226555494428,598.9177605744096,0,0,473,2.741101415928252,BC_stay_flat,103129.43260000004,103129.43260000004,C
2025-06-12,14:30:00,14:00:00,599.3812,600.1807342820998,595.1333238775832,598.9506377586581,0,0,473,2.741101415928252,BC_stay_flat,103129.43260000004,103129.43260000004,C
2025-06-12,15:00:00,14:30:00,599.8684,600.263150953084,595.0509825482027,599.0251730052938,0,0,473,2.741101415928252,BC_stay_flat,103129.43260000004,103129.43260000004,C
2025-06-12,15:30:00,15:00:00,599.8187,600.5044475917466,594.8099064920451,599.0853025549345,0,0,473,2.741101415928252,BC_stay_flat,103129.43260000004,103129.43260000004,C
2025-06-12,16:00:00,15:30:00,600.3059,600.3364733649,594.9777271644288,599.3072620656657,0,0,473,2.741101415928252,session_close_flatten,103129.43260000004,103129.43260000004,C
2025-06-13,10:00:00,09:30:00,595.3643,600.3057,595.3643,595.3643,0,0,475,2.7439753617804366,BC_stay_flat,103129.43260000004,103129.43260000004,C
2025-06-13,10:30:00,10:00:00,593.4453,601.6168954043677,594.0638976648488,594.6182150892531,-1,-475,475,2.7439753617804366,BC_enter_short,103127.29510000005,385013.81260000006,C
2025-06-13,11:00:00,10:30:00,595.7869,601.6861890733213,593.9951743848416,594.9378569551201,0,0,475,2.7439753617804366,BC_exit_short,102012.8976000001,102012.8976000001,C
2025-06-13,11:30:00,11:00:00,597.1541,601.8880396173375,593.7949853680742,595.2868090243092,0,0,475,2.7439753617804366,BC_stay_flat,102012.8976000001,102012.8976000001,C
2025-06-13,12:00:00,11:30:00,597.8102,602.224542410238,593.4612524887375,595.6735777028139,0,0,475,2.7439753617804366,BC_stay_flat,102012.8976000001,102012.8976000001,C
2025-06-13,12:30:00,12:00:00,597.4732,602.3365347899299,593.3501819712651,595.8231393290405,0,0,475,2.7439753617804366,BC_stay_flat,102012.8976000001,102012.8976000001,C
2025-06-13,13:00:00,12:30:00,597.5616,602.3045168704805,593.3819363360836,595.9623683491877,0,0,475,2.7439753617804366,BC_stay_flat,102012.8976000001,102012.8976000001,C
2025-06-13,13:30:00,13:00:00,596.0703,602.5404118829222,593.1479830870044,595.9736420874499,0,0,475,2.7439753617804366,BC_stay_flat,102012.8976000001,102012.8976000001,C
2025-06-13,14:00:00,13:30:00,596.3096,602.5653235596623,593.1232764700521,596.0019249081165,0,0,475,2.7439753617804366,BC_stay_flat,102012.8976000001,102012.8976000001,C
2025-06-13,14:30:00,14:00:00,593.7137,602.6244099936835,593.0646764044013,595.6930612176303,0,0,475,2.7439753617804366,BC_stay_flat,102012.8976000001,102012.8976000001,C
2025-06-13,15:00:00,14:30:00,593.6641,602.7175417435168,592.9723112660271,595.369130443663,0,0,475,2.7439753617804366,BC_stay_flat,102012.8976000001,102012.8976000001,C
2025-06-13,15:30:00,15:00:00,592.9183,602.9078025097581,592.783616626095,595.0992300939765,0,0,475,2.7439753617804366,BC_stay_flat,102012.8976000001,102012.8976000001,C
2025-06-13,16:00:00,15:30:00,593.5944,602.8390675153552,592.8517858302657,594.7775910388584,0,0,475,2.7439753617804366,session_close_flatten,102012.8976000001,102012.8976000001,C
2025-06-16,10:00:00,09:30:00,599.764,599.764,593.5942,599.764,0,0,436,2.5662782178741965,BC_stay_flat,102012.8976000001,102012.8976000001,C
2025-06-16,10:30:00,10:00:00,600.6539,601.1422785763489,592.2300998390951,600.0835610348166,0,0,436,2.5662782178741965,BC_stay_flat,102012.8976000001,102012.8976000001,C
2025-06-16,11:00:00,10:30:00,600.4749,601.1420823851664,592.2302940120499,600.1696236022647,0,0,436,2.5662782178741965,BC_stay_flat,102012.8976000001,102012.8976000001,C
2025-06-16,11:30:00,11:00:00,599.9182,601.3496539778615,592.0248577179265,600.128658650013,0,0,436,2.5662782178741965,BC_stay_flat,102012.8976000001,102012.8976000001,C
2025-06-16,12:00:00,11:30:00,599.6994,601.7627733643768,591.6159881096422,600.0705426732499,0,0,436,2.5662782178741965,BC_stay_flat,102012.8976000001,102012.8976000001,C
2025-06-16,12:30:00,12:00:00,599.6099,601.8065942184779,591.5726180426935,600.036018851689,0,0,436,2.5662782178741965,BC_stay_flat,102012.8976000001,102012.8976000001,C
2025-06-16,13:00:00,12:30:00,599.2719,601.7534901422813,591.6251758348028,599.9768234990048,0,0,436,2.5662782178741965,BC_stay_flat,102012.8976000001,102012.8976000001,C
2025-06-16,13:30:00,13:00:00,599.9579,601.7295877866775,591.6488323057694,599.9752304774768,0,0,436,2.5662782178741965,BC_stay_flat,102012.8976000001,102012.8976000001,C
2025-06-16,14:00:00,13:30:00,598.8741,601.7865472384317,591.592458798529,599.883484258743,0,0,436,2.5662782178741965,BC_stay_flat,102012.8976000001,102012.8976000001,C
2025-06-16,14:30:00,14:00:00,599.1426,601.9074770021622,591.4727730448694,599.8387938936911,0,0,436,2.5662782178741965,BC_stay_flat,102012.8976000001,102012.8976000001,C
2025-06-16,15:00:00,14:30:00,599.063,602.0026071486485,591.3786215065988,599.7828976902721,0,0,436,2.5662782178741965,BC_stay_flat,102012.8976000001,102012.8976000001,C
2025-06-16,15:30:00,15:00:00,598.6057,602.3161793459104,591.0682750410291,599.660362298626,0,0,436,2.5662782178741965,BC_stay_flat,102012.8976000001,102012.8976000001,C
2025-06-16,16:00:00,15:30:00,599.242,602.2471450674511,591.1365991606738,599.576863188271,0,0,436,2.5662782178741965,session_close_flatten,102012.8976000001,102012.8976000001,C
2025-06-17,10:00:00,09:30:00,597.5616,599.2418,597.5616,597.5616,0,0,556,3.262742407977029,BC_stay_flat,102012.8976000001,102012.8976000001,C
2025-06-17,10:30:00,10:00:00,597.7108,600.5670969352739,596.2400190336565,597.6149444770654,0,0,556,3.262742407977029,BC_stay_flat,102012.8976000001,102012.8976000001,C
2025-06-17,11:00:00,10:30:00,597.0446,600.5405575559457,596.2664839998429,597.4912968377256,0,0,556,3.262742407977029,BC_stay_flat,102012.8976000001,102012.8976000001,C
2025-06-17,11:30:00,11:00:00,597.0148,600.6545604121875,596.1528007935304,597.4052848915969,0,0,556,3.262742407977029,BC_stay_flat,102012.8976000001,102012.8976000001,C
2025-06-17,12:00:00,11:30:00,597.2932,601.0485170021393,595.7599488092027,597.3894725298447,0,0,556,3.262742407977029,BC_stay_flat,102012.8976000001,102012.8976000001,C
2025-06-17,12:30:00,12:00:00,597.7108,601.0702131208019,595.7383135237773,597.4312390664383,0,0,556,3.262742407977029,BC_stay_flat,102012.8976000001,102012.8976000001,C
2025-06-17,13:00:00,12:30:00,596.3287,600.9983313513278,595.8099937456473,597.2541560239401,0,0,556,3.262742407977029,BC_stay_flat,102012.8976000001,102012.8976000001,C
2025-06-17,13:30:00,13:00:00,595.3941,600.9369783344397,595.8711747362531,596.9986961596352,-1,-556,556,3.262742407977029,BC_enter_short,102010.3956000001,433049.5152000001,C
2025-06-17,14:00:00,13:30:00,594.5191,600.9833293901836,595.8249536431452,596.6147678579936,-1,-556,556,3.262742407977029,BC_hold_short,102496.8956000001,433049.5152000001,C
2025-06-17,14:30:00,14:00:00,593.9623,601.1072615249849,595.7013689987441,596.2332413905236,-1,-556,556,3.262742407977029,BC_hold_short,102806.47640000004,433049.5152000001,C
2025-06-17,15:00:00,14:30:00,594.7379,601.2335338582615,595.5754507174952,596.0838218619369,-1,-556,556,3.262742407977029,BC_hold_short,102375.24280000012,433049.5152000001,C
2025-06-17,15:30:00,15:00:00,594.8572,601.5809300214471,595.2290286102472,595.9744773865807,-1,-556,556,3.262742407977029,BC_hold_short,102308.91200000007,433049.5152000001,C
2025-06-17,16:00:00,15:30:00,594.1215,601.4059558400202,595.403512185679,595.619941645848,0,0,556,3.262742407977029,session_close_flatten,102715.62600000009,102715.62600000009,C
2025-06-18,10:00:00,09:30:00,595.76,595.76,594.1212,595.76,0,0,537,3.117072186206873,BC_stay_flat,102715.62600000009,102715.62600000009,C
2025-06-18,10:30:00,10:00:00,597.3151,597.0489628194351,592.8357828235562,596.4629455741511,1,537,537,3.117072186206873,BC_enter_long,102713.20950000011,-218044.9991999999,C
2025-06-18,11:00:00,10:30:00,597.4224,596.9861037369513,592.8984689950283,596.6703901987177,1,537,537,3.117072186206873,BC_hold_long,102770.82960000011,-218044.9991999999,C
2025-06-18,11:30:00,11:00:00,596.7166,597.1019213388453,592.7829699809649,596.6761379566642,0,0,537,3.117072186206873,BC_exit_long,102389.39850000005,102389.39850000005,C
2025-06-18,12:00:00,11:30:00,596.2882,597.4550429982015,592.4308196788253,596.6270935013325,0,0,537,3.117072186206873,BC_stay_flat,102389.39850000005,102389.39850000005,C
2025-06-18,12:30:00,12:00:00,596.0355,597.5214232491472,592.3646220248233,596.5714753637012,0,0,537,3.117072186206873,BC_stay_flat,102389.39850000005,102389.39850000005,C
2025-06-18,13:00:00,12:30:00,595.9907,597.5379346608545,592.3481560322472,596.5184413844602,0,0,537,3.117072186206873,BC_stay_flat,102389.39850000005,102389.39850000005,C
2025-06-18,13:30:00,13:00:00,595.4091,597.5640325533559,592.3221299291009,596.4291008754989,0,0,537,3.117072186206873,BC_stay_flat,102389.39850000005,102389.39850000005,C
2025-06-18,14:00:00,13:30:00,596.1895,597.6329860457844,592.2533661120171,596.4014708363455,0,0,537,3.117072186206873,BC_stay_flat,102389.39850000005,102389.39850000005,C
2025-06-18,14:30:00,14:00:00,595.9211,597.8234009759452,592.063474969938,596.3251827976385,0,0,537,3.117072186206873,BC_stay_flat,102389.39850000005,102389.39850000005,C
2025-06-18,15:00:00,14:30:00,593.5944,597.8677780868643,592.0192199303385,595.7993357662264,0,0,537,3.117072186206873,BC_stay_flat,102389.39850000005,102389.39850000005,C
2025-06-18,15:30:00,15:00:00,593.4354,598.1808396488442,591.7070195293761,595.3704536133698,0,0,537,3.117072186206873,BC_stay_flat,102389.39850000005,102389.39850000005,C
2025-06-18,16:00:00,15:30:00,594.0717,597.9383027093124,591.9488893050558,595.1294923877315,0,0,537,3.117072186206873,session_close_flatten,102389.39850000005,102389.39850000005,C
2025-06-20,10:00:00,09:30:00,595.5987,595.5987,594.0317,595.5987,0,0,539,3.1374048267734547,BC_stay_flat,102389.39850000005,102389.39850000005,C
2025-06-20,10:30:00,10:00:00,594.4918,596.915151733127,592.7187118067797,595.1640492921207,0,0,539,3.1374048267734547,BC_stay_flat,102389.39850000005,102389.39850000005,C
2025-06-20,11:00:00,10:30:00,592.597,596.9255517060442,592.7083391958389,594.4271112389392,-1,-539,539,3.1374048267734547,BC_enter_short,102386.97300000006,421796.75600000005,C
2025-06-20,11:30:00,11:00:00,593.4695,596.9743849403897,592.6596344400784,594.2485326445739,0,0,539,3.1374048267734547,BC_exit_short,101914.27000000003,101914.27000000003,C
2025-06-20,12:00:00,11:30:00,593.0059,597.0391899345271,592.5949999456848,594.0869199949224,0,0,539,3.1374048267734547,BC_stay_flat,101914.27000000003,101914.27000000003,C
2025-06-20,12:30:00,12:00:00,593.32,597.2213591364062,592.4133100248036,594.0152092140023,0,0,539,3.1374048267734547,BC_stay_flat,101914.27000000003,101914.27000000003,C
2025-06-20,13:00:00,12:30:00,593.6342,597.2900779524767,592.34477200561,593.985600860711,0,0,539,3.1374048267734547,BC_stay_flat,101914.27000000003,101914.27000000003,C
2025-06-20,13:30:00,13:00:00,591.7194,597.2938186983367,592.3410411015257,593.7652074135668,-1,-539,539,3.1374048267734547,BC_enter_short,101911.8445,420848.60109999997,C
2025-06-20,14:00:00,13:30:00,592.3477,597.3158213657641,592.3190963223708,593.627786849545,0,0,539,3.1374048267734547,BC_exit_short,101570.76529999998,101570.76529999998,C
2025-06-20,14:30:00,14:00:00,593.2851,597.4481598694813,592.1871059967731,593.6026670239327,0,0,539,3.1374048267734547,BC_stay_flat,101570.76529999998,101570.76529999998,C
2025-06-20,15:00:00,14:30:00,591.8491,597.6892736196078,591.9466266087541,593.493814834952,-1,-539,539,3.1374048267734547,BC_enter_short,101568.33979999996,420575.0047,C
2025-06-20,15:30:00,15:00:00,591.8192,598.0233173383508,591.6134617477169,593.3577441120095,0,0,539,3.1374048267734547,BC_exit_short,101582.0304,101582.0304,C
2025-06-20,16:00:00,15:30:00,592.597,597.816013438274,591.8202202382564,593.1633134404728,0,0,539,3.1374048267734547,session_close_flatten,101582.0304,101582.0304,C
2025-06-23,10:00:00,09:30:00,595.1,595.1,592.6368,595.1,0,0,532,3.118603588970868,BC_stay_flat,101582.0304,101582.0304,C
2025-06-23,10:30:00,10:00:00,595.9451,596.3416601523495,591.4002792482341,595.4813942294905,0,0,532,3.118603588970868,BC_stay_flat,101582.0304,101582.0304,C
2025-06-23,11:00:00,10:30:00,594.8107,596.5487925717076,591.1940041781876,595.3296707546655,0,0,532,3.118603588970868,BC_stay_flat,101582.0304,101582.0304,C
2025-06-23,11:30:00,11:00:00,594.7809,596.5114373432184,591.2312047882953,595.2418228818664,0,0,532,3.118603588970868,BC_stay_flat,101582.0304,101582.0304,C
2025-06-23,12:00:00,11:30:00,594.2025,596.6798325101728,591.0635066318857,595.0912078538048,0,0,532,3.118603588970868,BC_stay_flat,101582.0304,101582.0304,C
2025-06-23,12:30:00,12:00:00,592.597,596.715324623306,591.0281614254458,594.7495725152985,0,0,532,3.118603588970868,BC_stay_flat,101582.0304,101582.0304,C
2025-06-23,13:00:00,12:30:00,591.9388,596.6863025267314,591.0570633956074,593.9046396180871,0,0,532,3.118603588970868,BC_stay_flat,101582.0304,101582.0304,C
2025-06-23,13:30:00,13:00:00,596.2269,596.9598509320323,590.7846472444351,594.275517826704,0,0,532,3.118603588970868,BC_stay_flat,101582.0304,101582.0304,C
2025-06-23,14:00:00,13:30:00,596.925,596.9362664063023,590.8081341505991,594.5821323246672,0,0,532,3.118603588970868,BC_stay_flat,101582.0304,101582.0304,C
2025-06-23,14:30:00,14:00:00,596.7654,597.0471809066177,590.6976787405158,594.7314344738008,0,0,532,3.118603588970868,BC_stay_flat,101582.0304,101582.0304,C
2025-06-23,15:00:00,14:30:00,596.8054,597.368140982992,590.3780471616379,594.8716750218939,0,0,532,3.118603588970868,BC_stay_flat,101582.0304,101582.0304,C
2025-06-23,15:30:00,15:00:00,597.5632,597.5614967376882,590.185491732761,595.0783582684878,1,532,532,3.118603588970868,BC_enter_long,101579.63639999999,-216323.98600000006,C
2025-06-23,16:00:00,15:30:00,598.4907,597.3871350101105,590.3591317533862,595.6128741339235,0,0,532,3.118603588970868,session_close_flatten,102070.6191999999,102070.6191999999,C
2025-06-24,10:00:00,09:30:00,602.2103,602.2103,598.4906,602.2103,0,0,502,2.9631200486275064,BC_stay_flat,102070.6191999999,102070.6191999999,C
2025-06-24,10:30:00,10:00:00,602.9533,603.3620809672855,597.3459332910791,602.4980101252736,0,0,502,2.9631200486275064,BC_stay_flat,102070.6191999999,102070.6191999999,C
2025-06-24,11:00:00,10:30:00,603.3273,603.4750248067868,597.233687076975,602.6779022143129,0,0,502,2.9631200486275064,BC_stay_flat,102070.6191999999,102070.6191999999,C
2025-06-24,11:30:00,11:00:00,604.1051,603.4988029395971,597.2100558156488,602.9179970206278,1,502,502,2.9631200486275064,BC_enter_long,102068.36019999991,-201192.4000000001,C
2025-06-24,12:00:00,11:30:00,604.11,603.6141764400687,597.0953949479731,603.0546106345223,1,502,502,2.9631200486275064,BC_hold_long,102070.81999999992,-201192.4000000001,C
2025-06-24,12:30:00,12:00:00,604.8231,603.8013585064556,596.9093690576469,603.2190905645638,1,502,502,2.9631200486275064,BC_hold_long,102428.7961999999,-201192.4000000001,C
2025-06-24,13:00:00,12:30:00,604.9627,603.7748156362109,596.9357479793267,603.4127053979852,1,502,502,2.9631200486275064,BC_hold_long,102498.87539999993,-201192.4000000001,C
2025-06-24,13:30:00,13:00:00,604.6735,603.9163208002863,596.795116856693,603.5259403272163,1,502,502,2.9631200486275064,BC_hold_long,102353.6969999999,-201192.4000000001,C
2025-06-24,14:00:00,13:30:00,605.5012,603.9374176404871,596.7741503263134,603.6679253116149,1,502,502,2.9631200486275064,BC_hold_long,102769.20239999992,-201192.4000000001,C
2025-06-24,14:30:00,14:00:00,605.3317,603.9218374715534,596.7896342605025,603.7938504367414,1,502,502,2.9631200486275064,BC_hold_long,102684.11339999989,-201192.4000000001,C
2025-06-24,15:00:00,14:30:00,605.6359,604.223846831188,596.4894903359411,603.9202301909937,1,502,502,2.9631200486275064,BC_hold_long,102836.82179999989,-201192.4000000001,C
2025-06-24,15:30:00,15:00:00,605.8004,604.440539290521,596.2741363308673,604.0777110726258,1,502,502,2.9631200486275064,BC_hold_long,102919.40079999986,-201192.4000000001,C
2025-06-24,16:00:00,15:30:00,605.1024,604.3017919157802,596.4120266983305,604.3084606661303,0,0,502,2.9631200486275064,session_close_flatten,102566.6453999999,102566.6453999999,C
2025-06-25,10:00:00,09:30:00,606.5084,606.5084,605.1022,606.5084,0,0,471,2.790648664815219,BC_stay_flat,102566.6453999999,102566.6453999999,C
2025-06-25,10:30:00,10:00:00,606.0497,607.62350921338,603.9896761862219,606.3491134401489,0,0,471,2.790648664815219,BC_stay_flat,102566.6453999999,102566.6453999999,C
2025-06-25,11:00:00,10:30:00,606.0497,607.7221223916222,603.891291644304,606.2833018682193,0,0,471,2.790648664815219,BC_stay_flat,102566.6453999999,102566.6453999999,C
2025-06-25,11:30:00,11:00:00,605.4912,607.7618059278059,603.8517001150713,606.1210892450889,0,0,471,2.790648664815219,BC_stay_flat,102566.6453999999,102566.6453999999,C
2025-06-25,12:00:00,11:30:00,605.212,607.8293716608758,603.784291034298,605.9978743666651,0,0,471,2.790648664815219,BC_stay_flat,102566.6453999999,102566.6453999999,C
2025-06-25,12:30:00,12:00:00,605.2719,608.0381117481907,603.5760349144118,605.9469219548811,0,0,471,2.790648664815219,BC_stay_flat,102566.6453999999,102566.6453999999,C
2025-06-25,13:00:00,12:30:00,605.0524,607.9874180279929,603.6266111003605,605.8829336387726,0,0,471,2.790648664815219,BC_stay_flat,102566.6453999999,102566.6453999999,C
2025-06-25,13:30:00,13:00:00,605.3417,608.0926780998325,603.5215950757805,605.8324892429719,0,0,471,2.790648664815219,BC_stay_flat,102566.6453999999,102566.6453999999,C
2025-06-25,14:00:00,13:30:00,604.5638,608.2177020536333,603.3968609921347,605.6903571037975,0,0,471,2.790648664815219,BC_stay_flat,102566.6453999999,102566.6453999999,C
2025-06-25,14:30:00,14:00:00,604.7311,608.1876256971879,603.4268676160382,605.6363707904104,0,0,471,2.790648664815219,BC_stay_flat,102566.6453999999,102566.6453999999,C
2025-06-25,15:00:00,14:30:00,604.7333,608.4997902250312,603.1154268469409,605.5904088219119,0,0,471,2.790648664815219,BC_stay_flat,102566.6453999999,102566.6453999999,C
2025-06-25,15:30:00,15:00:00,605.3167,608.7400996253333,602.8756746080544,605.5694754068684,0,0,471,2.790648664815219,BC_stay_flat,102566.6453999999,102566.6453999999,C
2025-06-25,16:00:00,15:30:00,605.4115,608.5596501170783,603.0557057410678,605.5381242087784,0,0,471,2.790648664815219,session_close_flatten,102566.6453999999,102566.6453999999,C
2025-06-26,10:00:00,09:30:00,607.5355,607.5355,605.4413,607.5355,0,0,471,2.7954728167698173,BC_stay_flat,102566.6453999999,102566.6453999999,C
2025-06-26,10:30:00,10:00:00,608.2635,608.6264223289005,604.3541381254945,607.8188331467724,0,0,471,2.7954728167698173,BC_stay_flat,102566.6453999999,102566.6453999999,C
2025-06-26,11:00:00,10:30:00,608.7123,608.7244711619797,604.2564272707988,608.0761875910603,0,0,471,2.7954728167698173,BC_stay_flat,102566.6453999999,102566.6453999999,C
2025-06-26,11:30:00,11:00:00,608.3633,608.8492696114422,604.1320590067542,608.1259479258619,0,0,471,2.7954728167698173,BC_stay_flat,102566.6453999999,102566.6453999999,C
2025-06-26,12:00:00,11:30:00,608.842,608.9463753459355,604.0352879997446,608.2160675628227,0,0,471,2.7954728167698173,BC_stay_flat,102566.6453999999,102566.6453999999,C
2025-06-26,12:30:00,12:00:00,609.201,609.0937288033412,603.8884424758021,608.3232842059933,1,471,471,2.7954728167698173,BC_enter_long,102564.52589999992,-184369.1451000001,C
2025-06-26,13:00:00,12:30:00,609.1511,609.1204747820891,603.8617886915491,608.3793919927729,1,471,471,2.7954728167698173,BC_hold_long,102541.0229999999,-184369.1451000001,C
2025-06-26,13:30:00,13:00:00,609.54,609.1660942906553,603.8163264353161,608.4613637582406,1,471,471,2.7954728167698173,BC_hold_long,102724.19489999986,-184369.1451000001,C
2025-06-26,14:00:00,13:30:00,609.5999,609.3286608940491,603.654320205729,608.553608738206,1,471,471,2.7954728167698173,BC_hold_long,102752.4077999999,-184369.1451000001,C
2025-06-26,14:30:00,14:00:00,610.0536,609.2858393379146,603.6969941541882,608.7297429420357,1,471,471,2.7954728167698173,BC_hold_long,102966.10049999985,-184369.1451000001,C
2025-06-26,15:00:00,14:30:00,609.7613,609.6405516473305,603.3435045527759,608.8322188020062,1,471,471,2.7954728167698173,BC_hold_long,102828.42719999989,-184369.1451000001,C
2025-06-26,15:30:00,15:00:00,609.904,609.8373392896775,603.1473952455725,608.9356686301161,1,471,471,2.7954728167698173,BC_hold_long,102895.63889999987,-184369.1451000001,C
2025-06-26,16:00:00,15:30:00,610.2381,609.6076174363197,603.376325238199,609.282052315279,0,0,471,2.7954728167698173,session_close_flatten,103022.66759999987,103022.66759999987,C
2025-06-27,10:00:00,09:30:00,612.7512,612.7512,610.1782,612.7512,0,0,474,2.823600878944531,BC_stay_flat,103022.66759999987,103022.66759999987,C
2025-06-27,10:30:00,10:00:00,613.1999,613.7639919025521,609.1696609060353,612.9626619107371,0,0,474,2.823600878944531,BC_stay_flat,103022.66759999987,103022.66759999987,C
2025-06-27,11:00:00,10:30:00,613.1151,613.8060952462379,609.127734358255,612.9982373311315,0,0,474,2.823600878944531,BC_stay_flat,103022.66759999987,103022.66759999987,C
2025-06-27,11:30:00,11:00:00,613.6486,613.8096065207598,609.1242378279056,613.0880484460121,0,0,474,2.823600878944531,BC_stay_flat,103022.66759999987,103022.66759999987,C
2025-06-27,12:00:00,11:30:00,614.1971,613.9346618531844,608.9997076146,613.2531671444261,1,474,474,2.823600878944531,BC_enter_long,103020.53459999987,-188108.89080000014,C
2025-06-27,12:30:00,12:00:00,614.596,614.1739589400835,608.7614153587067,613.4028708664669,1,474,474,2.823600878944531,BC_hold_long,103209.61319999988,-188108.89080000014,C
2025-06-27,13:00:00,12:30:00,614.242,614.4344980650219,608.5019702620925,613.4888790348199,0,0,474,2.823600878944531,BC_exit_long,103039.68419999984,103039.68419999984,C
2025-06-27,13:30:00,13:00:00,613.6885,614.3774209830322,608.5588076720392,613.5022858144262,0,0,474,2.823600878944531,BC_stay_flat,103039.68419999984,103039.68419999984,C
2025-06-27,14:00:00,13:30:00,612.422,614.5928398352852,608.3442933838356,613.2979203527672,0,0,474,2.823600878944531,BC_stay_flat,103039.68419999984,103039.68419999984,C
2025-06-27,14:30:00,14:00:00,610.6968,614.6184253384292,608.3188153166292,612.9598029856725,0,0,474,2.823600878944531,BC_stay_flat,103039.68419999984,103039.68419999984,C
2025-06-27,15:00:00,14:30:00,609.3705,614.960280661062,607.9783954766932,612.2657120114825,0,0,474,2.823600878944531,BC_stay_flat,103039.68419999984,103039.68419999984,C
2025-06-27,15:30:00,15:00:00,610.7367,615.1133485300138,607.8259703541397,612.0779373234682,0,0,474,2.823600878944531,BC_stay_flat,103039.68419999984,103039.68419999984,C
2025-06-27,16:00:00,15:30:00,612.9905,614.9474204718831,607.9912016647266,612.3010070328572,0,0,474,2.823600878944531,session_close_flatten,103039.68419999984,103039.68419999984,C
2025-06-30,10:00:00,09:30:00,614.6858,614.6858,613.2098,614.6858,0,0,495,2.9547244893255664,BC_stay_flat,103039.68419999984,103039.68419999984,C
2025-06-30,10:30:00,10:00:00,615.0248,615.6437679614803,612.2541323368365,614.8222915658346,0,0,495,2.9547244893255664,BC_stay_flat,103039.68419999984,103039.68419999984,C
2025-06-30,11:00:00,10:30:00,614.3517,615.6912620806386,612.2067522618287,614.7239875330614,0,0,495,2.9547244893255664,BC_stay_flat,103039.68419999984,103039.68419999984,C
2025-06-30,11:30:00,11:00:00,614.5162,615.6737744293929,612.2241979212581,614.6813918081668,0,0,495,2.9547244893255664,BC_stay_flat,103039.68419999984,103039.68419999984,C
2025-06-30,12:00:00,11:30:00,614.7755,615.8560833316546,612.0423267840134,614.6932963554761,0,0,495,2.9547244893255664,BC_stay_flat,103039.68419999984,103039.68419999984,C
2025-06-30,12:30:00,12:00:00,614.5162,616.1144805402175,611.7845500457458,614.6783904882675,0,0,495,2.9547244893255664,BC_stay_flat,103039.68419999984,103039.68419999984,C
2025-06-30,13:00:00,12:30:00,614.955,616.2788018660488,611.6206232926814,614.7054338252555,0,0,495,2.9547244893255664,BC_stay_flat,103039.68419999984,103039.68419999984,C
2025-06-30,13:30:00,13:00:00,614.8104,616.2272278433367,611.6720734744694,614.713326861205,0,0,495,2.9547244893255664,BC_stay_flat,103039.68419999984,103039.68419999984,C
2025-06-30,14:00:00,13:30:00,614.1273,616.4531441860041,611.4466996081726,614.6391469620067,0,0,495,2.9547244893255664,BC_stay_flat,103039.68419999984,103039.68419999984,C
2025-06-30,14:30:00,14:00:00,614.3367,616.6477645495958,611.2525465722084,614.6040151086411,0,0,495,2.9547244893255664,BC_stay_flat,103039.68419999984,103039.68419999984,C
2025-06-30,15:00:00,14:30:00,615.2143,617.0923167654391,610.8090618270479,614.6781283392054,0,0,495,2.9547244893255664,BC_stay_flat,103039.68419999984,103039.68419999984,C
2025-06-30,15:30:00,15:00:00,616.1866,617.1216430579843,610.7798059535814,614.9341531496634,0,0,495,2.9547244893255664,BC_stay_flat,103039.68419999984,103039.68419999984,C
2025-06-30,16:00:00,15:30:00,616.2415,616.8155607758766,611.0851532627187,615.3675275293898,0,0,495,2.9547244893255664,session_close_flatten,103039.68419999984,103039.68419999984,C
2025-07-01,10:00:00,09:30:00,615.4553,616.1417,615.4553,615.4553,0,0,492,2.9430031035712427,BC_stay_flat,103039.68419999984,103039.68419999984,C
2025-07-01,10:30:00,10:00:00,615.324,617.0689007632806,614.529132165677,615.3942874115611,0,0,492,2.9430031035712427,BC_stay_flat,103039.68419999984,103039.68419999984,C
2025-07-01,11:00:00,10:30:00,614.7456,617.1323180118465,614.4657855657937,615.1894709486354,0,0,492,2.9430031035712427,BC_stay_flat,103039.68419999984,103039.68419999984,C
2025-07-01,11:30:00,11:00:00,615.5831,617.1261559277722,614.4719407851248,615.2974373560112,0,0,492,2.9430031035712427,BC_stay_flat,103039.68419999984,103039.68419999984,C
2025-07-01,12:00:00,11:30:00,615.2741,617.2576179276069,614.3406252378297,615.2944096349629,0,0,492,2.9430031035712427,BC_stay_flat,103039.68419999984,103039.68419999984,C
2025-07-01,12:30:00,12:00:00,615.5932,617.5249194637224,614.0736214834978,615.335799986324,0,0,492,2.9430031035712427,BC_stay_flat,103039.68419999984,103039.68419999984,C
2025-07-01,13:00:00,12:30:00,615.4138,617.6317383768297,613.9669215698057,615.3427238288938,0,0,492,2.9430031035712427,BC_stay_flat,103039.68419999984,103039.68419999984,C
2025-07-01,13:30:00,13:00:00,616.3611,617.5594025792295,614.039176783197,615.4285451104994,0,0,492,2.9430031035712427,BC_stay_flat,103039.68419999984,103039.68419999984,C
2025-07-01,14:00:00,13:30:00,616.9096,617.8114074932881,613.7874526100345,615.5340476534931,0,0,492,2.9430031035712427,BC_stay_flat,103039.68419999984,103039.68419999984,C
2025-07-01,14:30:00,14:00:00,616.2813,617.9863603482829,613.6126946576728,615.5967729783835,0,0,492,2.9430031035712427,BC_stay_flat,103039.68419999984,103039.68419999984,C
2025-07-01,15:00:00,14:30:00,615.9822,618.4433395669162,613.1562245273477,615.6207103226174,0,0,492,2.9430031035712427,BC_stay_flat,103039.68419999984,103039.68419999984,C
2025-07-01,15:30:00,15:00:00,616.6553,618.5783454732014,613.0213690216182,615.7591655953931,0,0,492,2.9430031035712427,BC_stay_flat,103039.68419999984,103039.68419999984,C
2025-07-01,16:00:00,15:30:00,615.9423,618.3357178884984,613.2637263120462,615.7934039542622,0,0,492,2.9430031035712427,session_close_flatten,103039.68419999984,103039.68419999984,C
2025-07-02,10:00:00,09:30:00,615.5932,615.9422,615.5932,615.5932,0,0,495,2.958394727118374,BC_stay_flat,103039.68419999984,103039.68419999984,C
2025-07-02,10:30:00,10:00:00,616.9395,616.8330645779022,614.7028401963082,616.2615933914706,1,495,495,2.958394727118374,BC_enter_long,103037.45669999984,-202347.59580000016,C
2025-07-02,11:00:00,10:30:00,617.1091,616.9460527353258,614.5899160592861,616.5458720678141,1,495,495,2.958394727118374,BC_hold_long,103121.40869999983,-202347.59580000016,C
2025-07-02,11:30:00,11:00:00,617.0493,616.8941179843224,614.6418213834568,616.6311085147186,1,495,495,2.958394727118374,BC_hold_long,103091.80769999986,-202347.59580000016,C
2025-07-02,12:00:00,11:30:00,617.5528,617.0220017425639,614.5140100856371,616.7608839992275,1,495,495,2.958394727118374,BC_hold_long,103341.04019999984,-202347.59580000016,C
2025-07-02,12:30:00,12:00:00,617.4282,617.2381281342241,614.2980061536991,616.8272640107795,1,495,495,2.958394727118374,BC_hold_long,103279.36319999982,-202347.59580000016,C
2025-07-02,13:00:00,12:30:00,617.8354,617.3167801783882,614.2193986746962,616.9221206883207,1,495,495,2.958394727118374,BC_hold_long,103480.92719999989,-202347.59580000016,C
2025-07-02,13:30:00,13:00:00,617.7523,617.3253052663375,614.2108784171606,616.9862153268439,1,495,495,2.958394727118374,BC_hold_long,103439.79269999985,-202347.59580000016,C
2025-07-02,14:00:00,13:30:00,617.7373,617.6633189166661,613.8730562892897,617.0367874066612,1,495,495,2.958394727118374,BC_hold_long,103432.36769999986,-202347.59580000016,C
2025-07-02,14:30:00,14:00:00,617.877,617.8210331247262,613.7154314439306,617.1048776225338,1,495,495,2.958394727118374,BC_hold_long,103501.51919999984,-202347.59580000016,C
2025-07-02,15:00:00,14:30:00,618.134,618.1423057220044,613.3943408834351,617.187647189851,0,0,495,2.958394727118374,BC_exit_long,103626.50669999987,103626.50669999987,C
2025-07-02,15:30:00,15:00:00,618.0165,618.3114669098977,613.2252755442344,617.2624916873812,0,0,495,2.958394727118374,BC_stay_flat,103626.50669999987,103626.50669999987,C
2025-07-02,16:00:00,15:30:00,618.7346,617.9923093773825,613.544252238387,617.5629370327385,0,0,495,2.958394727118374,session_close_flatten,103626.50669999987,103626.50669999987,C
2025-07-03,10:00:00,09:30:00,622.514,622.514,618.7344,622.514,0,0,501,3.009798903469488,BC_stay_flat,103626.50669999987,103626.50669999987,C
2025-07-03,10:30:00,10:00:00,623.262,623.428387150991,617.8255645597751,622.8059423051826,0,0,501,3.009798903469488,BC_stay_flat,103626.50669999987,103626.50669999987,C
2025-07-03,11:00:00,10:30:00,623.5711,623.5599876846582,617.6947630400692,622.9699681577277,1,501,501,3.009798903469488,BC_enter_long,103624.25219999984,-208784.86890000015,C
2025-07-03,11:30:00,11:00:00,623.6609,623.5392739399269,617.7153510210914,623.094257814429,1,501,501,3.009798903469488,BC_hold_long,103669.24199999982,-208784.86890000015,C
2025-07-03,12:00:00,11:30:00,624.1645,623.7435413014454,617.512323870909,623.2649654005415,1,501,501,3.009798903469488,BC_hold_long,103921.54559999987,-208784.86890000015,C
2025-07-03,12:30:00,12:00:00,624.0049,623.9264509007243,617.3305248090982,623.3744740612998,1,501,501,3.009798903469488,BC_hold_long,103841.58599999986,-208784.86890000015,C
2025-07-03,13:00:00,12:30:00,623.611,624.0486235903717,617.2090938921623,623.4402802926269,0,0,501,3.009798903469488,session_close_flatten,103641.98759999983,103641.98759999983,C
2025-07-07,10:00:00,09:30:00,621.8758,623.611,621.8758,621.8758,0,0,490,2.9439698325799846,BC_stay_flat,103641.98759999983,103641.98759999983,C
2025-07-07,10:30:00,10:00:00,621.3173,624.4537463673516,621.0353985776487,621.6605835301807,0,0,490,2.9439698325799846,BC_stay_flat,103641.98759999983,103641.98759999983,C
2025-07-07,11:00:00,10:30:00,620.3799,624.5943417551177,620.8951943970885,621.2577450675545,-1,-490,490,2.9439698325799846,BC_enter_short,103639.7825999998,407625.9335999998,C
2025-07-07,11:30:00,11:00:00,620.3201,624.60152154779,620.888034582217,621.065498650496,-1,-490,490,2.9439698325799846,BC_hold_short,103669.08459999983,407625.9335999998,C
2025-07-07,12:00:00,11:30:00,620.0309,624.8355176075818,620.6546896173593,620.8983752854283,-1,-490,490,2.9439698325799846,BC_hold_short,103810.79259999981,407625.9335999998,C
2025-07-07,12:30:00,12:00:00,618.8642,624.9717397265161,620.5188465369935,620.2143391963796,-1,-490,490,2.9439698325799846,BC_hold_short,104382.47559999983,407625.9335999998,C
2025-07-07,13:00:00,12:30:00,618.0813,625.1052305384292,620.3857271637767,619.896795789906,-1,-490,490,2.9439698325799846,BC_hold_short,104766.09659999982,407625.9335999998,C
2025-07-07,13:30:00,13:00:00,618.4503,625.1144391267358,620.3765441984023,619.7718901915573,-1,-490,490,2.9439698325799846,BC_hold_short,104585.28659999982,407625.9335999998,C
2025-07-07,14:00:00,13:30:00,618.3157,625.4208648760738,620.0709710798875,619.589844055808,-1,-490,490,2.9439698325799846,BC_hold_short,104651.24059999984,407625.9335999998,C
2025-07-07,14:30:00,14:00:00,616.2614,625.4534030440105,620.0385234495278,619.1910470319825,-1,-490,490,2.9439698325799846,BC_hold_short,105657.8475999998,407625.9335999998,C
2025-07-07,15:00:00,14:30:00,618.4402,625.809072278988,619.6838438655612,619.1258230501315,-1,-490,490,2.9439698325799846,BC_hold_short,104590.23559999984,407625.9335999998,C
2025-07-07,15:30:00,15:00:00,617.7473,625.9482218151866,619.545081513481,619.0118977049176,-1,-490,490,2.9439698325799846,BC_hold_short,104929.75659999979,407625.9335999998,C
2025-07-07,16:00:00,15:30:00,618.9639,625.7464215017187,619.7463203168023,619.0016642529409,0,0,490,2.9439698325799846,session_close_flatten,104331.46659999983,104331.46659999983,C
2025-07-08,10:00:00,09:30:00,618.9439,618.9638,618.9439,618.9438999999999,0,0,538,3.1960988788991322,BC_stay_flat,104331.46659999983,104331.46659999983,C
2025-07-08,10:30:00,10:00:00,618.3057,619.6974674378696,618.2102561499105,618.6611950707697,0,0,538,3.1960988788991322,BC_stay_flat,104331.46659999983,104331.46659999983,C
2025-07-08,11:00:00,10:30:00,618.733,620.0147812372102,617.8929525523695,618.6894766345422,0,0,538,3.1960988788991322,BC_stay_flat,104331.46659999983,104331.46659999983,C
2025-07-08,11:30:00,11:00:00,618.2858,619.9246308021536,617.9831000890439,618.612616760989,0,0,538,3.1960988788991322,BC_stay_flat,104331.46659999983,104331.46659999983,C
2025-07-08,12:00:00,11:30:00,619.3728,620.1287215901266,617.7790158626931,618.7071053349204,0,0,538,3.1960988788991322,BC_stay_flat,104331.46659999983,104331.46659999983,C
2025-07-08,12:30:00,12:00:00,620.1805,620.3718996466571,617.5358456244603,618.9299095783372,0,0,538,3.1960988788991322,BC_stay_flat,104331.46659999983,104331.46659999983,C
2025-07-08,13:00:00,12:30:00,619.0836,620.5534906685132,617.3542604408478,618.9546546681648,0,0,538,3.1960988788991322,BC_stay_flat,104331.46659999983,104331.46659999983,C
2025-07-08,13:30:00,13:00:00,619.1334,620.5406264717494,617.367124224021,618.9719046745732,0,0,538,3.1960988788991322,BC_stay_flat,104331.46659999983,104331.46659999983,C
2025-07-08,14:00:00,13:30:00,619.4026,620.8425557434192,617.0652046595304,619.0014847895852,0,0,538,3.1960988788991322,BC_stay_flat,104331.46659999983,104331.46659999983,C
2025-07-08,14:30:00,14:00:00,618.9539,621.0437170195115,616.8640498508752,618.9982214383319,0,0,538,3.1960988788991322,BC_stay_flat,104331.46659999983,104331.46659999983,C
2025-07-08,15:00:00,14:30:00,618.7545,621.2057787665136,616.7019933142404,618.9823869436472,0,0,538,3.1960988788991322,BC_stay_flat,104331.46659999983,104331.46659999983,C
2025-07-08,15:30:00,15:00:00,618.7698,621.3968306981809,616.5109475249895,618.9653615259227,0,0,538,3.1960988788991322,BC_stay_flat,104331.46659999983,104331.46659999983,C
2025-07-08,16:00:00,15:30:00,618.6149,621.0739839477859,616.8337838956979,618.8931903107061,0,0,538,3.1960988788991322,session_close_flatten,104331.46659999983,104331.46659999983,C
2025-07-09,10:00:00,09:30:00,622.514,622.514,618.6248,622.514,0,0,556,3.3184296242025297,BC_stay_flat,104331.46659999983,104331.46659999983,C
2025-07-09,10:30:00,10:00:00,621.6116,623.2317488203554,617.9115353658832,622.1752423086879,0,0,556,3.3184296242025297,BC_stay_flat,104331.46659999983,104331.46659999983,C
2025-07-09,11:00:00,10:30:00,619.6221,623.5334558602223,617.6117132619687,621.1245885452845,0,0,556,3.3184296242025297,BC_stay_flat,104331.46659999983,104331.46659999983,C
2025-07-09,11:30:00,11:00:00,620.4099,623.5161880612834,617.6288731791192,620.9799914409099,0,0,556,3.3184296242025297,BC_stay_flat,104331.46659999983,104331.46659999983,C
2025-07-09,12:00:00,11:30:00,620.2104,623.7116263582125,617.4346558966965,620.8757889596932,0,0,556,3.3184296242025297,BC_stay_flat,104331.46659999983,104331.46659999983,C
2025-07-09,12:30:00,12:00:00,620.1008,624.0075894989192,617.1405418065281,620.8060886423489,0,0,556,3.3184296242025297,BC_stay_flat,104331.46659999983,104331.46659999983,C
2025-07-09,13:00:00,12:30:00,620.3002,624.0863615143238,617.0622619248303,620.7753958297592,0,0,556,3.3184296242025297,BC_stay_flat,104331.46659999983,104331.46659999983,C
2025-07-09,13:30:00,13:00:00,620.5994,624.0607562816597,617.0877071870025,620.761405704261,0,0,556,3.3184296242025297,BC_stay_flat,104331.46659999983,104331.46659999983,C
2025-07-09,14:00:00,13:30:00,620.709,624.3658844937522,616.7844852848762,620.7572082060445,0,0,556,3.3184296242025297,BC_stay_flat,104331.46659999983,104331.46659999983,C
2025-07-09,14:30:00,14:00:00,621.1478,624.48328878123,616.6678144889422,620.7929270099145,0,0,556,3.3184296242025297,BC_stay_flat,104331.46659999983,104331.46659999983,C
2025-07-09,15:00:00,14:30:00,621.6863,624.6554638495036,616.4967150965178,620.8530017719826,0,0,556,3.3184296242025297,BC_stay_flat,104331.46659999983,104331.46659999983,C
2025-07-09,15:30:00,15:00:00,621.8658,624.790811736759,616.3622128047077,620.9494993428764,0,0,556,3.3184296242025297,BC_stay_flat,104331.46659999983,104331.46659999983,C
2025-07-09,16:00:00,15:30:00,622.3345,624.5277364341441,616.6236445258661,621.1996649338365,0,0,556,3.3184296242025297,session_close_flatten,104331.46659999983,104331.46659999983,C
2025-07-10,10:00:00,09:30:00,621.6365,622.3345,621.6365,621.6365,0,0,643,3.836165979092591,BC_stay_flat,104331.46659999983,104331.46659999983,C
2025-07-10,10:30:00,10:00:00,622.0254,623.1053814642644,620.8664831435342,621.8212704879577,0,0,643,3.836165979092591,BC_stay_flat,104331.46659999983,104331.46659999983,C
2025-07-10,11:00:00,10:30:00,623.1373,623.5217071206338,620.4506244310803,622.1754180514286,0,0,643,3.836165979092591,BC_stay_flat,104331.46659999983,104331.46659999983,C
2025-07-10,11:30:00,11:00:00,623.7806,623.445972283072,620.5262743257108,622.4753565849886,1,643,643,3.836165979092591,BC_enter_long,104328.5730999998,-296762.3527000002,C
2025-07-10,12:00:00,11:30:00,623.96,623.6763102263376,620.2961947256425,622.6276017300223,1,643,643,3.836165979092591,BC_hold_long,104443.9272999998,-296762.3527000002,C
2025-07-10,12:30:00,12:00:00,623.8404,623.9888816005127,619.9839739263094,622.7734917027213,0,0,643,3.836165979092591,BC_exit_long,104364.13099999982,104364.13099999982,C
2025-07-10,13:00:00,12:30:00,623.8005,623.9727759685765,620.0000614944374,622.8524449458902,0,0,643,3.836165979092591,BC_stay_flat,104364.13099999982,104364.13099999982,C
2025-07-10,13:30:00,13:00:00,624.3589,624.0031567812081,619.9697147564189,622.9806196446523,1,643,643,3.836165979092591,BC_enter_long,104361.23749999981,-297101.53520000016,C
2025-07-10,14:00:00,13:30:00,624.8528,624.248785547704,619.7243614830525,623.1795957638475,1,643,643,3.836165979092591,BC_hold_long,104678.81519999984,-297101.53520000016,C
2025-07-10,14:30:00,14:00:00,624.8775,624.354722467711,619.6185433801288,623.3167653163719,1,643,643,3.836165979092591,BC_hold_long,104694.69729999988,-297101.53520000016,C
2025-07-10,15:00:00,14:30:00,624.5185,624.4824950143736,619.4909141410243,623.4159595749031,1,643,643,3.836165979092591,BC_hold_long,104463.86029999983,-297101.53520000016,C
2025-07-10,15:30:00,15:00:00,624.4885,624.5710926249495,619.4024159000514,623.5054875151457,0,0,643,3.836165979092591,BC_exit_long,104441.67679999984,104441.67679999984,C
2025-07-10,16:00:00,15:30:00,624.0897,624.3217846494324,619.6514442558995,623.6325801745178,0,0,643,3.836165979092591,session_close_flatten,104441.67679999984,104441.67679999984,C
2025-07-11,10:00:00,09:30:00,621.467,624.0896,621.467,621.467,0,0,656,3.9058574565492115,BC_stay_flat,104441.67679999984,104441.67679999984,C
2025-07-11,10:30:00,10:00:00,622.2947,624.7741831022256,620.7852937084822,621.7542992785577,0,0,656,3.9058574565492115,BC_stay_flat,104441.67679999984,104441.67679999984,C
2025-07-11,11:00:00,10:30:00,622.1251,625.2633889780926,620.2981436132756,621.8437288495006,0,0,656,3.9058574565492115,BC_stay_flat,104441.67679999984,104441.67679999984,C
2025-07-11,11:30:00,11:00:00,621.6265,625.2863834693932,620.2752457512938,621.7942937242562,0,0,656,3.9058574565492115,BC_stay_flat,104441.67679999984,104441.67679999984,C
2025-07-11,12:00:00,11:30:00,622.0453,625.5622909545153,620.0004977070123,621.8398238894191,0,0,656,3.9058574565492115,BC_stay_flat,104441.67679999984,104441.67679999984,C
2025-07-11,12:30:00,12:00:00,622.2097,625.8860755838658,619.678073711726,621.8834630473863,0,0,656,3.9058574565492115,BC_stay_flat,104441.67679999984,104441.67679999984,C
2025-07-11,13:00:00,12:30:00,622.6237,625.8704154508762,619.6936680364332,621.9479731915292,0,0,656,3.9058574565492115,BC_stay_flat,104441.67679999984,104441.67679999984,C
2025-07-11,13:30:00,13:00:00,622.7035,625.7964926829927,619.767280160058,622.0129511891107,0,0,656,3.9058574565492115,BC_stay_flat,104441.67679999984,104441.67679999984,C
2025-07-11,14:00:00,13:30:00,622.7335,626.0129573469446,619.5517251414961,622.0807679364751,0,0,656,3.9058574565492115,BC_stay_flat,104441.67679999984,104441.67679999984,C
2025-07-11,14:30:00,14:00:00,622.534,626.0794272454563,619.4855345681904,622.1183227075938,0,0,656,3.9058574565492115,BC_stay_flat,104441.67679999984,104441.67679999984,C
2025-07-11,15:00:00,14:30:00,622.6038,626.2396754994815,619.3259597223921,622.1608994733857,0,0,656,3.9058574565492115,BC_stay_flat,104441.67679999984,104441.67679999984,C
2025-07-11,15:30:00,15:00:00,622.6736,626.3352713853924,619.2307655572762,622.2350613982348,0,0,656,3.9058574565492115,BC_stay_flat,104441.67679999984,104441.67679999984,C
2025-07-11,16:00:00,15:30:00,621.8958,626.0017792985706,619.5628562165676,622.170316817964,0,0,656,3.9058574565492115,session_close_flatten,104441.67679999984,104441.67679999984,C
2025-07-14,10:00:00,09:30:00,620.9883,621.8957,620.9883,620.9883,0,0,642,3.8225453527591093,BC_stay_flat,104441.67679999984,104441.67679999984,C
2025-07-14,10:30:00,10:00:00,620.9484,622.5544836086214,620.3304776140507,620.9727114700097,0,0,642,3.8225453527591093,BC_stay_flat,104441.67679999984,104441.67679999984,C
2025-07-14,11:00:00,10:30:00,621.7063,622.8885285633878,619.9969200599721,621.1566261862229,0,0,642,3.8225453527591093,BC_stay_flat,104441.67679999984,104441.67679999984,C
2025-07-14,11:30:00,11:00:00,622.4243,622.9408764251099,619.9446485783403,621.4043838910277,0,0,642,3.8225453527591093,BC_stay_flat,104441.67679999984,104441.67679999984,C
2025-07-14,12:00:00,11:30:00,622.2149,623.2111725624213,619.6747468266389,621.5174552192957,0,0,642,3.8225453527591093,BC_stay_flat,104441.67679999984,104441.67679999984,C
2025-07-14,12:30:00,12:00:00,622.155,623.5689962303284,619.3174452546335,621.5674378930835,0,0,642,3.8225453527591093,BC_stay_flat,104441.67679999984,104441.67679999984,C
2025-07-14,13:00:00,12:30:00,622.5639,623.6064167347968,619.2800793499408,621.6575685718768,0,0,642,3.8225453527591093,BC_stay_flat,104441.67679999984,104441.67679999984,C
2025-07-14,13:30:00,13:00:00,623.0027,623.6588108504109,619.2277616819055,621.7796009366126,0,0,642,3.8225453527591093,BC_stay_flat,104441.67679999984,104441.67679999984,C
2025-07-14,14:00:00,13:30:00,622.9429,623.8707983166516,619.0160835238444,621.8630530729147,0,0,642,3.8225453527591093,BC_stay_flat,104441.67679999984,104441.67679999984,C
2025-07-14,14:30:00,14:00:00,623.2021,623.9427871893454,618.9441996891869,621.9426529752648,0,0,642,3.8225453527591093,BC_stay_flat,104441.67679999984,104441.67679999984,C
2025-07-14,15:00:00,14:30:00,623.2321,623.9580015211247,618.9290075564429,622.017479528409,0,0,642,3.8225453527591093,BC_stay_flat,104441.67679999984,104441.67679999984,C
2025-07-14,15:30:00,15:00:00,622.9628,624.0463951313886,618.8407429201563,622.1010998292095,0,0,642,3.8225453527591093,BC_stay_flat,104441.67679999984,104441.67679999984,C
2025-07-14,16:00:00,15:30:00,623.0426,623.705923791546,619.1807174826555,622.2785354380428,0,0,642,3.8225453527591093,session_close_flatten,104441.67679999984,104441.67679999984,C
2025-07-15,10:00:00,09:30:00,623.97,623.97,623.0824,623.97,0,0,669,4.0,BC_stay_flat,104441.67679999984,104441.67679999984,C
2025-07-15,10:30:00,10:00:00,623.6709,624.5705519011117,622.4827023865422,623.8559786949199,0,0,669,4.0,BC_stay_flat,104441.67679999984,104441.67679999984,C
2025-07-15,11:00:00,10:30:00,622.2647,624.9960052856769,622.0578542112405,623.3069249485782,0,0,669,4.0,BC_stay_flat,104441.67679999984,104441.67679999984,C
2025-07-15,11:30:00,11:00:00,623.3916,625.0978278810803,621.9561764589156,623.3250967727894,0,0,669,4.0,BC_stay_flat,104441.67679999984,104441.67679999984,C
2025-07-15,12:00:00,11:30:00,623.1323,625.3106780569294,621.7436290633542,623.3002774307047,0,0,669,4.0,BC_stay_flat,104441.67679999984,104441.67679999984,C
2025-07-15,12:30:00,12:00:00,622.534,625.5451541551384,621.5094865084001,623.2122474709814,0,0,669,4.0,BC_stay_flat,104441.67679999984,104441.67679999984,C
2025-07-15,13:00:00,12:30:00,621.447,625.5627517728825,621.4919139233427,622.9989984582206,-1,-669,669,4.0,BC_enter_short,104438.66629999987,520186.7092999999,C
2025-07-15,13:30:00,13:00:00,622.1251,625.5932760451641,621.4614330719693,622.9058668361744,0,0,669,4.0,BC_exit_short,103982.00689999989,103982.00689999989,C
2025-07-15,14:00:00,13:30:00,622.873,625.8486950051652,621.2063774465338,622.9034654252663,0,0,669,4.0,BC_stay_flat,103982.00689999989,103982.00689999989,C
2025-07-15,14:30:00,14:00:00,622.883,626.0096738171064,621.0456276276426,622.9020954652353,0,0,669,4.0,BC_stay_flat,103982.00689999989,103982.00689999989,C
2025-07-15,15:00:00,14:30:00,621.3074,625.919634630655,621.1355387329653,622.7436102681589,0,0,669,4.0,BC_stay_flat,103982.00689999989,103982.00689999989,C
2025-07-15,15:30:00,15:00:00,621.6166,625.9867575488903,621.068511297369,622.6342481153821,0,0,669,4.0,BC_stay_flat,103982.00689999989,103982.00689999989,C
2025-07-15,16:00:00,15:30:00,620.4199,625.7090815570414,621.3457922939291,622.2424770492013,0,0,669,4.0,session_close_flatten,103982.00689999989,103982.00689999989,C
2025-07-16,10:00:00,09:30:00,620.3301,620.4198,620.3301,620.3301,0,0,670,4.0,BC_stay_flat,103982.00689999989,103982.00689999989,C
2025-07-16,10:30:00,10:00:00,620.7698,620.9835014818732,619.7664800178194,620.4988113790547,0,0,670,4.0,BC_stay_flat,103982.00689999989,103982.00689999989,C
2025-07-16,11:00:00,10:30:00,620.5096,621.4788834672174,619.2711696545672,620.5035311551568,0,0,670,4.0,BC_stay_flat,103982.00689999989,103982.00689999989,C
2025-07-16,11:30:00,11:00:00,619.6918,621.4428547784546,619.3071931343193,620.1251632403358,0,0,670,4.0,BC_stay_flat,103982.00689999989,103982.00689999989,C
2025-07-16,12:00:00,11:30:00,620.2204,621.672549365418,619.0775317564903,620.1583274447785,0,0,670,4.0,BC_stay_flat,103982.00689999989,103982.00689999989,C
2025-07-16,12:30:00,12:00:00,619.9312,621.8957080298086,618.8544053562733,620.1374949010233,0,0,670,4.0,BC_stay_flat,103982.00689999989,103982.00689999989,C
2025-07-16,13:00:00,12:30:00,621.3772,621.9801336728951,618.7699919194062,620.2103706401025,0,0,670,4.0,BC_stay_flat,103982.00689999989,103982.00689999989,C
2025-07-16,13:30:00,13:00:00,621.3573,622.0809512906757,618.669188877789,620.2649304992663,0,0,670,4.0,BC_stay_flat,103982.00689999989,103982.00689999989,C
2025-07-16,14:00:00,13:30:00,621.3871,622.2298136492263,618.5203480416874,620.2968206494501,0,0,670,4.0,BC_stay_flat,103982.00689999989,103982.00689999989,C
2025-07-16,14:30:00,14:00:00,621.6564,622.4010513562586,618.3491350921216,620.345809051109,0,0,670,4.0,BC_stay_flat,103982.00689999989,103982.00689999989,C
2025-07-16,15:00:00,14:30:00,622.6038,622.420448281791,618.3297409709874,620.4384878080892,1,670,670,4.0,BC_enter_long,103978.9918999999,-313165.55410000007,C
2025-07-16,15:30:00,15:00:00,622.4044,622.4087976506524,618.3413899176832,620.5200035088653,0,0,670,4.0,BC_exit_long,103842.37889999997,103842.37889999997,C
2025-07-16,16:00:00,15:30:00,622.4742,622.148625027556,618.6015249251453,620.7290632583229,0,0,670,4.0,session_close_flatten,103842.37889999997,103842.37889999997,C
2025-07-17,10:00:00,09:30:00,624.1395,624.1395,622.494,624.1395,0,0,665,4.0,BC_stay_flat,103842.37889999997,103842.37889999997,C
2025-07-17,10:30:00,10:00:00,623.7394,624.7044644032499,621.9305250857597,623.9789833216479,0,0,665,4.0,BC_stay_flat,103842.37889999997,103842.37889999997,C
2025-07-17,11:00:00,10:30:00,624.0997,625.1841165820553,621.4521374762695,624.0086854978745,0,0,665,4.0,BC_stay_flat,103842.37889999997,103842.37889999997,C
2025-07-17,11:30:00,11:00:00,624.9273,625.1397920242994,621.4963451754387,624.2225100042094,0,0,665,4.0,BC_stay_flat,103842.37889999997,103842.37889999997,C
2025-07-17,12:00:00,11:30:00,625.4808,625.3123521358553,621.3242400065095,624.4186964406681,1,665,665,4.0,BC_enter_long,103839.38639999996,-312105.34560000006,C
2025-07-17,12:30:00,12:00:00,625.1069,625.5620356839406,621.0752147315802,624.5106035999934,0,0,665,4.0,BC_exit_long,103587.75039999996,103587.75039999996,C
2025-07-17,13:00:00,12:30:00,625.0868,625.6774174771537,620.9601371343695,624.5568115759623,0,0,665,4.0,BC_stay_flat,103587.75039999996,103587.75039999996,C
2025-07-17,13:30:00,13:00:00,625.2864,625.7020829160027,620.9355367242192,624.623898147793,0,0,665,4.0,BC_stay_flat,103587.75039999996,103587.75039999996,C
2025-07-17,14:00:00,13:30:00,625.696,625.7927051080798,620.8451534511933,624.6914082358869,0,0,665,4.0,BC_stay_flat,103587.75039999996,103587.75039999996,C
2025-07-17,14:30:00,14:00:00,626.1041,625.9968713213748,620.6415255077945,624.8225647048529,1,665,665,4.0,BC_enter_long,103584.75789999997,-312774.4686,C
2025-07-17,15:00:00,14:30:00,626.2437,626.0619517270413,620.5766166820512,624.9326967850469,1,665,665,4.0,BC_hold_long,103677.5919,-312774.4686,C
2025-07-17,15:30:00,15:00:00,626.2337,626.0237230529738,620.6147445689019,625.0616545875978,1,665,665,4.0,BC_hold_long,103670.94189999998,-312774.4686,C
2025-07-17,16:00:00,15:30:00,626.3035,625.8186795742434,620.8192474648871,625.4057531754368,0,0,665,4.0,session_close_flatten,103714.3664,103714.3664,C
2025-07-18,10:00:00,09:30:00,627.5002,627.5002,626.3035,627.5002,0,0,661,4.0,BC_stay_flat,103714.3664,103714.3664,C
2025-07-18,10:30:00,10:00:00,625.6453,628.043230113929,625.7615054939279,626.6269420229543,-1,-661,661,4.0,BC_enter_short,103711.39189999999,517262.9352,C
2025-07-18,11:00:00,10:30:00,625.4359,628.4664801090827,625.3390626750415,626.3736120593198,0,0,661,4.0,BC_exit_short,103846.83080000007,103846.83080000007,C
2025-07-18,11:30:00,11:00:00,625.8947,628.5013809123643,625.3042284307686,626.2945130473034,0,0,661,4.0,BC_stay_flat,103846.83080000007,103846.83080000007,C
2025-07-18,12:00:00,11:30:00,626.3633,628.679302279862,625.1266463755142,626.302600568026,0,0,661,4.0,BC_stay_flat,103846.83080000007,103846.83080000007,C
2025-07-18,12:30:00,12:00:00,625.1966,628.8769937818375,624.9293318892279,626.1293399141532,0,0,661,4.0,BC_stay_flat,103846.83080000007,103846.83080000007,C
2025-07-18,13:00:00,12:30:00,624.9373,628.9952348217348,624.8113163457567,625.9811189593178,0,0,661,4.0,BC_stay_flat,103846.83080000007,103846.83080000007,C
2025-07-18,13:30:00,13:00:00,625.2266,629.067339195044,624.7393494820507,625.9132020139746,0,0,661,4.0,BC_stay_flat,103846.83080000007,103846.83080000007,C
2025-07-18,14:00:00,13:30:00,625.3661,629.1303766087584,624.6764322864223,625.8816346964314,0,0,661,4.0,BC_stay_flat,103846.83080000007,103846.83080000007,C
2025-07-18,14:30:00,14:00:00,625.3661,629.3773127212266,624.4299671035982,625.8437483035574,0,0,661,4.0,BC_stay_flat,103846.83080000007,103846.83080000007,C
2025-07-18,15:00:00,14:30:00,625.4958,629.452931256287,624.3544927799671,625.8239647504788,0,0,661,4.0,BC_stay_flat,103846.83080000007,103846.83080000007,C
2025-07-18,15:30:00,15:00:00,625.6553,629.4568923209465,624.3505392694186,625.811118852675,0,0,661,4.0,BC_stay_flat,103846.83080000007,103846.83080000007,C
2025-07-18,16:00:00,15:30:00,625.8448,629.262763132573,624.5442982357591,625.817879455216,0,0,661,4.0,session_close_flatten,103846.83080000007,103846.83080000007,C
2025-07-21,10:00:00,09:30:00,629.036,629.036,625.8447,629.036,0,0,660,4.0,BC_stay_flat,103846.83080000007,103846.83080000007,C
2025-07-21,10:30:00,10:00:00,629.5146,629.6802745285356,625.2036940813736,629.2537576153954,0,0,660,4.0,BC_stay_flat,103846.83080000007,103846.83080000007,C
2025-07-21,11:00:00,10:30:00,629.2753,630.1257722945,624.760456467484,629.2591692094902,0,0,660,4.0,BC_stay_flat,103846.83080000007,103846.83080000007,C
2025-07-21,11:30:00,11:00:00,629.5426,630.0887869823899,624.7972541413246,629.3032489453694,0,0,660,4.0,BC_stay_flat,103846.83080000007,103846.83080000007,C
2025-07-21,12:00:00,11:30:00,629.4149,630.1933706591242,624.6932010508963,629.3188753156013,0,0,660,4.0,BC_stay_flat,103846.83080000007,103846.83080000007,C
2025-07-21,12:30:00,12:00:00,629.011,630.4458355880937,624.4420169569313,629.2796133727336,0,0,660,4.0,BC_stay_flat,103846.83080000007,103846.83080000007,C
2025-07-21,13:00:00,12:30:00,629.4947,630.6088905020382,624.2797892725042,629.2979334855929,0,0,660,4.0,BC_stay_flat,103846.83080000007,103846.83080000007,C
2025-07-21,13:30:00,13:00:00,629.6443,630.6215266053146,624.267217276205,629.3218280070104,0,0,660,4.0,BC_stay_flat,103846.83080000007,103846.83080000007,C
2025-07-21,14:00:00,13:30:00,629.41,630.6702996404312,624.2186916822316,629.3271772801868,0,0,660,4.0,BC_stay_flat,103846.83080000007,103846.83080000007,C
2025-07-21,14:30:00,14:00:00,629.4547,630.8842861044128,624.0057908397446,629.3357744785139,0,0,660,4.0,BC_stay_flat,103846.83080000007,103846.83080000007,C
2025-07-21,15:00:00,14:30:00,628.647,630.9724202129111,623.9181038636528,629.2589202257111,0,0,660,4.0,BC_stay_flat,103846.83080000007,103846.83080000007,C
2025-07-21,15:30:00,15:00:00,627.7097,630.9544166518806,623.9360160868832,629.0097483831195,0,0,660,4.0,BC_stay_flat,103846.83080000007,103846.83080000007,C
2025-07-21,16:00:00,15:30:00,627.0316,630.7215346559402,624.1677165982765,628.5319762088948,0,0,660,4.0,session_close_flatten,103846.83080000007,103846.83080000007,C
2025-07-22,10:00:00,09:30:00,625.037,627.0314,625.037,625.037,0,0,664,4.0,BC_stay_flat,103846.83080000007,103846.83080000007,C
2025-07-22,10:30:00,10:00:00,625.3262,627.682997523289,624.3874750142273,625.136711800499,0,0,664,4.0,BC_stay_flat,103846.83080000007,103846.83080000007,C
2025-07-22,11:00:00,10:30:00,626.2288,628.110394229011,623.9614377300429,625.3651432036002,0,0,664,4.0,BC_stay_flat,103846.83080000007,103846.83080000007,C
2025-07-22,11:30:00,11:00:00,625.9147,628.1045447851665,623.96726856855,625.439759534464,0,0,664,4.0,BC_stay_flat,103846.83080000007,103846.83080000007,C
2025-07-22,12:00:00,11:30:00,625.9545,628.2055245834856,623.8666099568727,625.5044133074766,0,0,664,4.0,BC_stay_flat,103846.83080000007,103846.83080000007,C
2025-07-22,12:30:00,12:00:00,625.4459,628.42616518041,623.6466711519264,625.4977973653973,0,0,664,4.0,BC_stay_flat,103846.83080000007,103846.83080000007,C
2025-07-22,13:00:00,12:30:00,626.1141,628.6123231516239,623.4611052937356,625.5512724477276,0,0,664,4.0,BC_stay_flat,103846.83080000007,103846.83080000007,C
2025-07-22,13:30:00,13:00:00,627.3506,628.5866751401632,623.4866717265162,625.7174369347732,0,0,664,4.0,BC_stay_flat,103846.83080000007,103846.83080000007,C
2025-07-22,14:00:00,13:30:00,626.6027,628.6630583510338,623.4105314678737,625.7844085811668,0,0,664,4.0,BC_stay_flat,103846.83080000007,103846.83080000007,C
2025-07-22,14:30:00,14:00:00,626.6526,628.7534451492355,623.3204321631378,625.8704617392693,0,0,664,4.0,BC_stay_flat,103846.83080000007,103846.83080000007,C
2025-07-22,15:00:00,14:30:00,627.59,628.7422401903314,623.3316014824072,626.0275968480483,0,0,664,4.0,BC_stay_flat,103846.83080000007,103846.83080000007,C
2025-07-22,15:30:00,15:00:00,627.4554,628.8908906023751,623.1834238830197,626.1407791932769,0,0,664,4.0,BC_stay_flat,103846.83080000007,103846.83080000007,C
2025-07-22,16:00:00,15:30:00,627.1213,628.8367871915218,623.2373552070483,626.3337572630352,0,0,664,4.0,session_close_flatten,103846.83080000007,103846.83080000007,C
2025-07-23,10:00:00,09:30:00,628.2183,628.2183,627.1212,628.2183,0,0,661,4.0,BC_stay_flat,103846.83080000007,103846.83080000007,C
2025-07-23,10:30:00,10:00:00,628.9961,628.8823201478549,626.4583394753274,628.5000809207951,1,661,661,4.0,BC_enter_long,103843.85630000004,-311922.5657999999,C
2025-07-23,11:00:00,10:30:00,628.9861,629.3331544009751,626.0082925444789,628.59499262866,0,0,661,4.0,BC_exit_long,103834.27180000006,103834.27180000006,C
2025-07-23,11:30:00,11:00:00,629.1157,629.3471702024844,625.9943012197094,628.6878766946916,0,0,661,4.0,BC_stay_flat,103834.27180000006,103834.27180000006,C
2025-07-23,12:00:00,11:30:00,630.2227,629.4473050864367,625.8943412080606,629.0756519599878,1,661,661,4.0,BC_enter_long,103831.29730000003,-312745.90739999997,C
2025-07-23,12:30:00,12:00:00,629.9235,629.6350068506538,625.7069672400977,629.2072941162826,1,661,661,4.0,BC_hold_long,103633.52610000002,-312745.90739999997,C
2025-07-23,13:00:00,12:30:00,630.1037,629.8765172040261,625.465878652549,629.2810642852387,1,661,661,4.0,BC_hold_long,103752.63830000005,-312745.90739999997,C
2025-07-23,13:30:00,13:00:00,630.3672,629.933521430144,625.4089739767569,629.3606661468641,1,661,661,4.0,BC_hold_long,103926.81180000002,-312745.90739999997,C
2025-07-23,14:00:00,13:30:00,630.806,629.9246807194527,625.4177992483186,629.5556057018476,1,661,661,4.0,BC_hold_long,104216.85860000004,-312745.90739999997,C
2025-07-23,14:30:00,14:00:00,631.4941,630.0341074658811,625.3085636012,629.7504502095435,1,661,661,4.0,BC_hold_long,104671.69270000001,-312745.90739999997,C
2025-07-23,15:00:00,14:30:00,631.5291,630.077082840925,625.2656632769529,629.8697903200548,1,661,661,4.0,BC_hold_long,104694.82770000002,-312745.90739999997,C
2025-07-23,15:30:00,15:00:00,631.5889,630.1453724477428,625.1974929288825,630.028416512185,1,661,661,4.0,BC_hold_long,104734.3555,-312745.90739999997,C
2025-07-23,16:00:00,15:30:00,632.4565,630.0631731155166,625.2795487108693,630.4826797588972,0,0,661,4.0,session_close_flatten,105304.79850000005,105304.79850000005,C
2025-07-24,10:00:00,09:30:00,633.354,633.354,632.4564,633.354,0,0,665,4.0,BC_stay_flat,105304.79850000005,105304.79850000005,C
2025-07-24,10:30:00,10:00:00,633.0449,633.9805210810988,631.830766835173,633.2243028303549,0,0,665,4.0,BC_stay_flat,105304.79850000005,105304.79850000005,C
2025-07-24,11:00:00,10:30:00,633.7722,634.4218569889904,631.390056395994,633.34774898648,0,0,665,4.0,BC_stay_flat,105304.79850000005,105304.79850000005,C
2025-07-24,11:30:00,11:00:00,633.7778,634.4497148560289,631.3622380095957,633.429817599466,0,0,665,4.0,BC_stay_flat,105304.79850000005,105304.79850000005,C
2025-07-24,12:00:00,11:30:00,633.7535,634.593384274499,631.2187722018551,633.4686696491309,0,0,665,4.0,BC_stay_flat,105304.79850000005,105304.79850000005,C
2025-07-24,12:30:00,12:00:00,632.7955,634.7702311432502,631.0421759634772,633.3728804974847,0,0,665,4.0,BC_stay_flat,105304.79850000005,105304.79850000005,C
2025-07-24,13:00:00,12:30:00,633.1296,634.9967676211205,630.8159605369345,633.347461609955,0,0,665,4.0,BC_stay_flat,105304.79850000005,105304.79850000005,C
2025-07-24,13:30:00,13:00:00,633.6033,635.1714094639422,630.641566199486,633.3740404490574,0,0,665,4.0,BC_stay_flat,105304.79850000005,105304.79850000005,C
2025-07-24,14:00:00,13:30:00,633.4986,635.1537776015058,630.6591730737487,633.3821425590776,0,0,665,4.0,BC_stay_flat,105304.79850000005,105304.79850000005,C
2025-07-24,14:30:00,14:00:00,634.0222,635.3598344488779,630.4534082536255,633.4790119515844,0,0,665,4.0,BC_stay_flat,105304.79850000005,105304.79850000005,C
2025-07-24,15:00:00,14:30:00,633.4338,635.4276671891042,630.3856716471058,633.4739457485443,0,0,665,4.0,BC_stay_flat,105304.79850000005,105304.79850000005,C
2025-07-24,15:30:00,15:00:00,633.6931,635.4513446180307,630.362027774232,633.4916246888652,0,0,665,4.0,BC_stay_flat,105304.79850000005,105304.79850000005,C
2025-07-24,16:00:00,15:30:00,632.6659,635.4833610293076,630.3300567371548,633.3196656209616,0,0,665,4.0,session_close_flatten,105304.79850000005,105304.79850000005,C
2025-07-25,10:00:00,09:30:00,633.5334,633.5334,632.6658,633.5334,0,0,664,4.0,BC_stay_flat,105304.79850000005,105304.79850000005,C
2025-07-25,10:30:00,10:00:00,633.7379,634.1278090363421,632.0722049843234,633.6170324822558,0,0,664,4.0,BC_stay_flat,105304.79850000005,105304.79850000005,C
2025-07-25,11:00:00,10:30:00,634.062,634.5545956247165,631.6460028640199,633.7542418663047,0,0,664,4.0,BC_stay_flat,105304.79850000005,105304.79850000005,C
2025-07-25,11:30:00,11:00:00,634.2266,634.576333668039,631.6242945901246,633.827955273445,0,0,664,4.0,BC_stay_flat,105304.79850000005,105304.79850000005,C
2025-07-25,12:00:00,11:30:00,634.1667,634.6816994005108,631.5190731520332,633.868916338729,0,0,664,4.0,BC_stay_flat,105304.79850000005,105304.79850000005,C
2025-07-25,12:30:00,12:00:00,635.0045,634.8815585181638,631.3194877338733,634.0859278073643,1,664,664,4.0,BC_enter_long,105301.81050000002,-316341.1775,C
2025-07-25,13:00:00,12:30:00,635.0842,635.112921875217,631.0884412201762,634.1886428213577,0,0,664,4.0,BC_exit_long,105351.74330000005,105351.74330000005,C
2025-07-25,13:30:00,13:00:00,635.2836,635.2104205435976,630.9910760725298,634.274907962074,1,664,664,4.0,BC_enter_long,105348.75530000002,-316479.55509999994,C
2025-07-25,14:00:00,13:30:00,635.3734,635.1864056502615,631.0150580783788,634.3737036502044,1,664,664,4.0,BC_hold_long,105408.3825,-316479.55509999994,C
2025-07-25,14:30:00,14:00:00,635.5779,635.4196620813319,630.7821210831577,634.4859869669265,1,664,664,4.0,BC_hold_long,105544.17050000007,-316479.55509999994,C
2025-07-25,15:00:00,14:30:00,635.4183,635.4265814351629,630.7752112051196,634.5495106520171,0,0,664,4.0,BC_exit_long,105435.20810000012,105435.20810000012,C
2025-07-25,15:30:00,15:00:00,635.5679,635.4774296953861,630.7244325796631,634.633890127844,1,664,664,4.0,BC_enter_long,105432.2201000001,-316584.8654999999,C
2025-07-25,16:00:00,15:30:00,635.2488,635.4816031258208,630.7202648645834,634.7967953581322,0,0,664,4.0,session_close_flatten,105276.84410000012,105276.84410000012,C
2025-07-28,10:00:00,09:30:00,635.6876,635.6876,635.3384,635.6876,0,0,662,4.0,BC_stay_flat,105276.84410000012,105276.84410000012,C
2025-07-28,10:30:00,10:00:00,635.9667,636.2579081398796,634.7684051454548,635.7932310150063,0,0,662,4.0,BC_stay_flat,105276.84410000012,105276.84410000012,C
2025-07-28,11:00:00,10:30:00,635.6676,636.6409303906883,634.385593298892,635.7668151975888,0,0,662,4.0,BC_stay_flat,105276.84410000012,105276.84410000012,C
2025-07-28,11:30:00,11:00:00,635.3086,636.6701731737805,634.3563665796333,635.6696457255788,0,0,662,4.0,BC_stay_flat,105276.84410000012,105276.84410000012,C
2025-07-28,12:00:00,11:30:00,635.6177,636.7504881249632,634.2760957475759,635.664370033873,0,0,662,4.0,BC_stay_flat,105276.84410000012,105276.84410000012,C
2025-07-28,12:30:00,12:00:00,635.6377,636.9258865706441,634.1007936528972,635.6620392867999,0,0,662,4.0,BC_stay_flat,105276.84410000012,105276.84410000012,C
2025-07-28,13:00:00,12:30:00,635.1241,637.1065854077626,633.9201940784259,635.6175077914271,0,0,662,4.0,BC_stay_flat,105276.84410000012,105276.84410000012,C
2025-07-28,13:30:00,13:00:00,634.5507,637.2456494197495,633.7812064579763,635.5023757272396,0,0,662,4.0,BC_stay_flat,105276.84410000012,105276.84410000012,C
2025-07-28,14:00:00,13:30:00,634.3313,637.2181611468332,633.8086796308576,635.4267025299876,0,0,662,4.0,BC_stay_flat,105276.84410000012,105276.84410000012,C
2025-07-28,14:30:00,14:00:00,634.3193,637.3168728298704,633.7100221727569,635.2793698760624,0,0,662,4.0,BC_stay_flat,105276.84410000012,105276.84410000012,C
2025-07-28,15:00:00,14:30:00,634.2914,637.4714620147907,633.5555179077618,635.204546358384,0,0,662,4.0,BC_stay_flat,105276.84410000012,105276.84410000012,C
2025-07-28,15:30:00,15:00:00,634.2914,637.4826131343175,633.5443729138397,635.1324448817561,0,0,662,4.0,BC_stay_flat,105276.84410000012,105276.84410000012,C
2025-07-28,16:00:00,15:30:00,635.179,637.5527604364827,633.4742641454415,635.1410110399836,0,0,662,4.0,session_close_flatten,105276.84410000012,105276.84410000012,C
2025-07-29,10:00:00,09:30:00,636.256,636.256,635.1788,636.256,0,0,661,4.0,BC_stay_flat,105276.84410000012,105276.84410000012,C
2025-07-29,10:30:00,10:00:00,635.9867,636.7999108563195,634.6358100006538,636.1549225758853,0,0,661,4.0,BC_stay_flat,105276.84410000012,105276.84410000012,C
2025-07-29,11:00:00,10:30:00,634.9396,637.1961270201358,634.2402646423807,635.7963799621718,0,0,661,4.0,BC_stay_flat,105276.84410000012,105276.84410000012,C
2025-07-29,11:30:00,11:00:00,633.4836,637.2182254251627,634.2182036505992,635.2008429973439,-1,-661,661,4.0,BC_enter_short,105273.8696000001,524006.5292000001,C
2025-07-29,12:00:00,11:30:00,634.1218,637.293343220723,634.1432130316617,634.9914300620346,-1,-661,661,4.0,BC_hold_short,104852.0194000001,524006.5292000001,C
2025-07-29,12:30:00,12:00:00,633.9025,637.4081621014743,634.0285885426308,634.8739855635944,-1,-661,661,4.0,BC_hold_short,104996.97670000006,524006.5292000001,C
2025-07-29,13:00:00,12:30:00,634.3959,637.706282507021,633.730972863642,634.8336007825372,0,0,661,4.0,BC_exit_short,104667.86480000011,104667.86480000011,C
2025-07-29,13:30:00,13:00:00,634.4303,637.8828079902444,633.5547462432199,634.7956168551705,0,0,661,4.0,BC_stay_flat,104667.86480000011,104667.86480000011,C
2025-07-29,14:00:00,13:30:00,633.8227,637.8512141778695,633.5862865663474,634.6955411597507,0,0,661,4.0,BC_stay_flat,104667.86480000011,104667.86480000011,C
2025-07-29,14:30:00,14:00:00,633.5584,637.9838184841008,633.4539067630814,634.6097905784752,0,0,661,4.0,BC_stay_flat,104667.86480000011,104667.86480000011,C
2025-07-29,15:00:00,14:30:00,633.5633,638.1273678277439,633.3106004526717,634.5511929044321,0,0,661,4.0,BC_stay_flat,104667.86480000011,104667.86480000011,C
2025-07-29,15:30:00,15:00:00,633.349,638.1396523428224,633.2983367356361,634.4544167066156,0,0,661,4.0,BC_stay_flat,104667.86480000011,104667.86480000011,C
2025-07-29,16:00:00,15:30:00,633.5036,638.1350319200269,633.3029493359209,634.255460085864,0,0,661,4.0,session_close_flatten,104667.86480000011,104667.86480000011,C
2025-07-30,10:00:00,09:30:00,633.9523,633.9523,633.5035,633.9523,0,0,660,4.0,BC_stay_flat,104667.86480000011,104667.86480000011,C
2025-07-30,10:30:00,10:00:00,634.6105,634.4477660768407,633.0083846832644,634.1981732618816,1,660,660,4.0,BC_enter_long,104664.89480000013,-314178.03519999987,C
2025-07-30,11:00:00,10:30:00,634.5009,634.772351438095,632.6840291088728,634.2703728150851,0,0,660,4.0,BC_exit_long,104589.58880000011,104589.58880000011,C
2025-07-30,11:30:00,11:00:00,633.5634,634.9552986574494,632.5012114051176,634.1072334850751,0,0,660,4.0,BC_stay_flat,104589.58880000011,104589.58880000011,C
2025-07-30,12:00:00,11:30:00,634.416,634.9702119768369,632.4863086434609,634.1457499780448,0,0,660,4.0,BC_stay_flat,104589.58880000011,104589.58880000011,C
2025-07-30,12:30:00,12:00:00,634.8499,635.092250284817,632.3643567312438,634.244493195601,0,0,660,4.0,BC_stay_flat,104589.58880000011,104589.58880000011,C
2025-07-30,13:00:00,12:30:00,634.7152,635.3686805898282,632.0881221222193,634.2839354648808,0,0,660,4.0,BC_stay_flat,104589.58880000011,104589.58880000011,C
2025-07-30,13:30:00,13:00:00,634.441,635.5638827938122,631.8930581096247,634.2935369505265,0,0,660,4.0,BC_stay_flat,104589.58880000011,104589.58880000011,C
2025-07-30,14:00:00,13:30:00,634.8798,635.5836186510915,631.8733362241422,634.344235989178,0,0,660,4.0,BC_stay_flat,104589.58880000011,104589.58880000011,C
2025-07-30,14:30:00,14:00:00,635.0393,635.7664718150828,631.6906125091647,634.4290915428534,0,0,660,4.0,BC_stay_flat,104589.58880000011,104589.58880000011,C
2025-07-30,15:00:00,14:30:00,630.9805,635.9483237176574,631.5088893467711,633.4921286406716,-1,-660,660,4.0,BC_enter_short,104586.61880000017,521033.7488000002,C
2025-07-30,15:30:00,15:00:00,630.4022,635.9888724883257,631.4683692821874,632.7950372233998,-1,-660,660,4.0,BC_hold_short,104968.29680000019,521033.7488000002,C
2025-07-30,16:00:00,15:30:00,632.7058,636.0073596395686,631.4498952187326,632.7746906641747,0,0,660,4.0,session_close_flatten,103445.01680000019,103445.01680000019,C
2025-07-31,10:00:00,09:30:00,637.677,637.677,632.7057,637.677,0,0,648,4.0,BC_stay_flat,103445.01680000019,103445.01680000019,C
2025-07-31,10:30:00,10:00:00,637.0438,638.1941722713218,632.1925595794622,637.4629801870528,0,0,648,4.0,BC_stay_flat,103445.01680000019,103445.01680000019,C
2025-07-31,11:00:00,10:30:00,634.8499,638.4313193298186,631.957261308317,636.8052418997124,0,0,648,4.0,BC_stay_flat,103445.01680000019,103445.01680000019,C
2025-07-31,11:30:00,11:00:00,634.441,638.5567315881578,631.8328267580647,636.2965104986281,0,0,648,4.0,BC_stay_flat,103445.01680000019,103445.01680000019,C
2025-07-31,12:00:00,11:30:00,635.7573,638.5639618358318,631.8256528770627,636.2344009369042,0,0,648,4.0,BC_stay_flat,103445.01680000019,103445.01680000019,C
2025-07-31,12:30:00,12:00:00,636.3159,638.7266554087942,631.6642276555687,636.2409320992126,0,0,648,4.0,BC_stay_flat,103445.01680000019,103445.01680000019,C
2025-07-31,13:00:00,12:30:00,636.0067,638.9979554247274,631.3950426818423,636.2216232641151,0,0,648,4.0,BC_stay_flat,103445.01680000019,103445.01680000019,C
2025-07-31,13:30:00,13:00:00,633.0748,639.1336888131872,631.2603674645161,635.8837983281551,0,0,648,4.0,BC_stay_flat,103445.01680000019,103445.01680000019,C
2025-07-31,14:00:00,13:30:00,631.6088,639.1488787457397,631.2452959519658,635.2778357883356,0,0,648,4.0,BC_stay_flat,103445.01680000019,103445.01680000019,C
2025-07-31,14:30:00,14:00:00,632.4066,639.3424562220421,631.0532275965944,634.8942229134366,0,0,648,4.0,BC_stay_flat,103445.01680000019,103445.01680000019,C
2025-07-31,15:00:00,14:30:00,632.5862,639.687100670607,630.7112699799947,634.7167367087161,0,0,648,4.0,BC_stay_flat,103445.01680000019,103445.01680000019,C
2025-07-31,15:30:00,15:00:00,631.175,639.7716356680634,630.6273940134158,634.3931760073683,0,0,648,4.0,BC_stay_flat,103445.01680000019,103445.01680000019,C
2025-07-31,16:00:00,15:30:00,630.3324,639.6539425819616,630.7441695697355,633.4200022540737,0,0,648,4.0,session_close_flatten,103445.01680000019,103445.01680000019,C
2025-08-01,10:00:00,09:30:00,619.4525,630.3323,619.4525,619.4525,0,0,667,4.0,BC_stay_flat,103445.01680000019,103445.01680000019,C
2025-08-01,10:30:00,10:00:00,621.6268,630.8282583632938,618.9651020861724,620.429159488065,0,0,667,4.0,BC_stay_flat,103445.01680000019,103445.01680000019,C
2025-08-01,11:00:00,10:30:00,620.2503,631.229863288719,618.5704290302825,620.38172735057,0,0,667,4.0,BC_stay_flat,103445.01680000019,103445.01680000019,C
2025-08-01,11:30:00,11:00:00,619.7916,631.4188241267922,618.3847297355669,620.2860612713612,0,0,667,4.0,BC_stay_flat,103445.01680000019,103445.01680000019,C
2025-08-01,12:00:00,11:30:00,622.2049,631.3026915815226,618.4988577843732,620.5358951558279,0,0,667,4.0,BC_stay_flat,103445.01680000019,103445.01680000019,C
2025-08-01,12:30:00,12:00:00,622.5041,631.4121604599912,618.3912783846827,620.7579761616392,0,0,667,4.0,BC_stay_flat,103445.01680000019,103445.01680000019,C
2025-08-01,13:00:00,12:30:00,619.652,631.6721737341852,618.1357530487088,620.6109301493877,0,0,667,4.0,BC_stay_flat,103445.01680000019,103445.01680000019,C
2025-08-01,13:30:00,13:00:00,618.7944,632.0075717813334,617.8061441125952,620.4022331637124,0,0,667,4.0,BC_stay_flat,103445.01680000019,103445.01680000019,C
2025-08-01,14:00:00,13:30:00,618.9539,632.1239215295366,617.691802609869,620.2851684515965,0,0,667,4.0,BC_stay_flat,103445.01680000019,103445.01680000019,C
2025-08-01,14:30:00,14:00:00,619.9213,632.2733933192095,617.5449107660077,620.2556475675648,0,0,667,4.0,BC_stay_flat,103445.01680000019,103445.01680000019,C
2025-08-01,15:00:00,14:30:00,619.662,632.5963305381246,617.227547579003,620.2030750160183,0,0,667,4.0,BC_stay_flat,103445.01680000019,103445.01680000019,C
2025-08-01,15:30:00,15:00:00,620.0609,632.7744740295024,617.0524789190395,620.1904721732924,0,0,667,4.0,BC_stay_flat,103445.01680000019,103445.01680000019,C
2025-08-01,16:00:00,15:30:00,620.001,632.7739786938993,617.0529657049422,620.1601975726284,0,0,667,4.0,session_close_flatten,103445.01680000019,103445.01680000019,C
2025-08-04,10:00:00,09:30:00,627.4005,627.4005,620.0009,627.4005,0,0,559,3.3952099085243197,BC_stay_flat,103445.01680000019,103445.01680000019,C
2025-08-04,10:30:00,10:00:00,627.6897,628.0485719743932,619.3604714262442,627.49832782539,0,0,559,3.3952099085243197,BC_stay_flat,103445.01680000019,103445.01680000019,C
2025-08-04,11:00:00,10:30:00,627.4182,628.2997901444317,619.1122161387203,627.4770257252567,0,0,559,3.3952099085243197,BC_stay_flat,103445.01680000019,103445.01680000019,C
2025-08-04,11:30:00,11:00:00,627.2409,628.4028721341512,619.0103499043138,627.4404845680114,0,0,559,3.3952099085243197,BC_stay_flat,103445.01680000019,103445.01680000019,C
2025-08-04,12:00:00,11:30:00,628.1783,628.4769816381886,618.9371144523149,627.5401021248671,0,0,559,3.3952099085243197,BC_stay_flat,103445.01680000019,103445.01680000019,C
2025-08-04,12:30:00,12:00:00,627.989,628.611909745024,618.803777695852,627.5827768391873,0,0,559,3.3952099085243197,BC_stay_flat,103445.01680000019,103445.01680000019,C
2025-08-04,13:00:00,12:30:00,628.4276,628.634869602126,618.7810886287136,627.6443876214564,0,0,559,3.3952099085243197,BC_stay_flat,103445.01680000019,103445.01680000019,C
2025-08-04,13:30:00,13:00:00,628.5723,628.9702185890019,618.449694768369,627.7065333699842,0,0,559,3.3952099085243197,BC_stay_flat,103445.01680000019,103445.01680000019,C
2025-08-04,14:00:00,13:30:00,628.0188,629.0788036707263,618.3423903457622,627.7298996536225,0,0,559,3.3952099085243197,BC_stay_flat,103445.01680000019,103445.01680000019,C
2025-08-04,14:30:00,14:00:00,628.2581,629.2067188946345,618.2159837618549,627.7734437714711,0,0,559,3.3952099085243197,BC_stay_flat,103445.01680000019,103445.01680000019,C
2025-08-04,15:00:00,14:30:00,628.1534,629.5072300137294,617.9190168893406,627.7955642060072,0,0,559,3.3952099085243197,BC_stay_flat,103445.01680000019,103445.01680000019,C
2025-08-04,15:30:00,15:00:00,628.5673,629.7328377029664,617.6960700310358,627.8722459887689,0,0,559,3.3952099085243197,BC_stay_flat,103445.01680000019,103445.01680000019,C
2025-08-04,16:00:00,15:30:00,629.3651,629.7222523457848,617.7065305438654,628.1646275383423,0,0,559,3.3952099085243197,session_close_flatten,103445.01680000019,103445.01680000019,C
2025-08-05,10:00:00,09:30:00,629.4947,629.4947,629.4248,629.4947,0,0,464,2.828549070473549,BC_stay_flat,103445.01680000019,103445.01680000019,C
2025-08-05,10:30:00,10:00:00,628.1085,630.1441078205498,628.7754642906319,628.7967247025313,-1,-464,464,2.828549070473549,BC_enter_short,103442.92880000023,394885.27280000027,C
2025-08-05,11:00:00,10:30:00,626.144,630.2753747537025,628.6442119335488,627.7089034701781,-1,-464,464,2.828549070473549,BC_hold_short,104354.45680000028,394885.27280000027,C
2025-08-05,11:30:00,11:00:00,626.1888,630.4701759169396,628.449432401314,627.4275526523721,-1,-464,464,2.828549070473549,BC_hold_short,104333.66960000026,394885.27280000027,C
2025-08-05,12:00:00,11:30:00,626.3185,630.5701519066841,628.3494675130477,627.292639385172,-1,-464,464,2.828549070473549,BC_hold_short,104273.48880000028,394885.27280000027,C
2025-08-05,12:30:00,12:00:00,627.2802,630.6488497272062,628.2707784312453,627.2915203276357,-1,-464,464,2.828549070473549,BC_hold_short,103827.26000000024,394885.27280000027,C
2025-08-05,13:00:00,12:30:00,627.1412,630.6249890494081,628.2946364595191,627.2750797635416,-1,-464,464,2.828549070473549,BC_hold_short,103891.75600000028,394885.27280000027,C
2025-08-05,13:30:00,13:00:00,627.9669,631.020692180967,627.8989772674071,627.309364984632,0,0,464,2.828549070473549,BC_exit_short,103506.54320000023,103506.54320000023,C
2025-08-05,14:00:00,13:30:00,628.3878,631.1438664561357,627.7758166696877,627.3738499973448,0,0,464,2.828549070473549,BC_stay_flat,103506.54320000023,103506.54320000023,C
2025-08-05,14:30:00,14:00:00,626.8021,631.2900791697102,627.6296201917839,627.3192035363688,-1,-464,464,2.828549070473549,BC_enter_short,103504.45520000026,394340.6296000003,C
2025-08-05,15:00:00,14:30:00,626.7025,631.4705505065002,627.4491688947916,627.2731849177799,-1,-464,464,2.828549070473549,BC_hold_short,103550.66960000026,394340.6296000003,C
2025-08-05,15:30:00,15:00:00,627.2409,631.7488554835986,627.1708948210796,627.2710560288314,0,0,464,2.828549070473549,BC_exit_short,103298.76400000024,103298.76400000024,C
2025-08-05,16:00:00,15:30:00,626.2337,631.7091753122075,627.2105705863271,627.1143318003287,0,0,464,2.828549070473549,session_close_flatten,103298.76400000024,103298.76400000024,C
2025-08-06,10:00:00,09:30:00,627.2111,627.2111,626.2336,627.2111,0,0,456,2.771174834310417,BC_stay_flat,103298.76400000024,103298.76400000024,C
2025-08-06,10:30:00,10:00:00,627.0166,627.9250515506982,625.5207611331188,627.1285561387833,0,0,456,2.771174834310417,BC_stay_flat,103298.76400000024,103298.76400000024,C
2025-08-06,11:00:00,10:30:00,629.2354,628.2144465550283,625.2318171469814,627.6821271748265,1,456,456,2.771174834310417,BC_enter_long,103296.71200000026,-183634.63039999976,C
2025-08-06,11:30:00,11:00:00,630.1678,628.3722177071526,625.0742918790597,628.1756944140711,1,456,456,2.771174834310417,BC_hold_long,103721.88640000028,-183634.63039999976,C
2025-08-06,12:00:00,11:30:00,630.9307,628.500776302173,624.9459336408675,628.6812647650871,1,456,456,2.771174834310417,BC_hold_long,104069.76880000022,-183634.63039999976,C
2025-08-06,12:30:00,12:00:00,630.6415,628.4898586890046,624.9568342390838,628.8552343721113,1,456,456,2.771174834310417,BC_hold_long,103937.89360000021,-183634.63039999976,C
2025-08-06,13:00:00,12:30:00,630.4919,628.429163541859,625.017434793665,628.9933381012835,1,456,456,2.771174834310417,BC_hold_long,103869.67600000024,-183634.63039999976,C
2025-08-06,13:30:00,13:00:00,630.5491,628.7661037716312,624.6810196806751,629.0862990197242,1,456,456,2.771174834310417,BC_hold_long,103895.75920000023,-183634.63039999976,C
2025-08-06,14:00:00,13:30:00,630.4869,628.8567238060606,624.5905408763414,629.1736102228282,1,456,456,2.771174834310417,BC_hold_long,103867.39600000021,-183634.63039999976,C
2025-08-06,14:30:00,14:00:00,631.165,629.0958104219412,624.3518268737115,629.3065881467913,1,456,456,2.771174834310417,BC_hold_long,104176.60960000023,-183634.63039999976,C
2025-08-06,15:00:00,14:30:00,630.841,629.2142934728001,624.2335284770818,629.4063737142193,1,456,456,2.771174834310417,BC_hold_long,104028.86560000022,-183634.63039999976,C
2025-08-06,15:30:00,15:00:00,631.2698,629.4676720636506,623.9805447733316,629.5405039023893,1,456,456,2.771174834310417,BC_hold_long,104224.39840000027,-183634.63039999976,C
2025-08-06,16:00:00,15:30:00,631.0305,629.4947766927481,623.9534823864315,629.8944388453402,0,0,456,2.771174834310417,session_close_flatten,104113.13440000027,104113.13440000027,C
2025-08-07,10:00:00,09:30:00,634.8,634.8,631.0303,634.8,0,0,448,2.7318076719378523,BC_stay_flat,104113.13440000027,104113.13440000027,C
2025-08-07,10:30:00,10:00:00,632.0177,635.5075842115539,630.3269177106299,633.4603658824906,0,0,448,2.7318076719378523,BC_stay_flat,104113.13440000027,104113.13440000027,C
2025-08-07,11:00:00,10:30:00,631.0005,635.9589374165485,629.8782448241244,632.8058389151356,0,0,448,2.7318076719378523,BC_stay_flat,104113.13440000027,104113.13440000027,C
2025-08-07,11:30:00,11:00:00,630.1828,636.1316821845452,629.7065258846594,632.3333457443881,0,0,448,2.7318076719378523,BC_stay_flat,104113.13440000027,104113.13440000027,C
2025-08-07,12:00:00,11:30:00,630.0931,636.2767374590883,629.5623320071995,632.0399651787977,0,0,448,2.7318076719378523,BC_stay_flat,104113.13440000027,104113.13440000027,C
2025-08-07,12:30:00,12:00:00,630.462,636.2719439756527,629.5670970249853,631.8799108190893,0,0,448,2.7318076719378523,BC_stay_flat,104113.13440000027,104113.13440000027,C
2025-08-07,13:00:00,12:30:00,629.4947,636.2011596828606,629.6374609719227,631.5668264404743,-1,-448,448,2.7318076719378523,BC_enter_short,104111.11840000027,386124.74400000024,C
2025-08-07,13:30:00,13:00:00,628.308,636.531811188832,629.3087730087714,631.2521091695356,-1,-448,448,2.7318076719378523,BC_hold_short,104642.76000000024,386124.74400000024,C
2025-08-07,14:00:00,13:30:00,629.0134,636.5892741971746,629.2516512390904,631.05293448681,-1,-448,448,2.7318076719378523,BC_hold_short,104326.7408000002,386124.74400000024,C
2025-08-07,14:30:00,14:00:00,628.0288,636.8506274938989,628.9918499642985,630.7986809020532,-1,-448,448,2.7318076719378523,BC_hold_short,104767.84160000022,386124.74400000024,C
2025-08-07,15:00:00,14:30:00,628.7874,636.9369795063773,628.9060107451116,630.6787116267515,-1,-448,448,2.7318076719378523,BC_hold_short,104427.98880000022,386124.74400000024,C
2025-08-07,15:30:00,15:00:00,628.6271,637.2251494808252,628.6195520409107,630.5536098019187,0,0,448,2.7318076719378523,BC_exit_short,104497.7872000002,104497.7872000002,C
2025-08-07,16:00:00,15:30:00,630.5019,637.2302115177026,628.6145200644622,630.5459295639465,0,0,448,2.7318076719378523,session_close_flatten,104497.7872000002,104497.7872000002,C
2025-08-08,10:00:00,09:30:00,634.1917,634.1917,630.5018,634.1917,0,0,450,2.7312549969494118,BC_stay_flat,104497.7872000002,104497.7872000002,C
2025-08-08,10:30:00,10:00:00,634.6803,634.9632457138922,629.7347433491618,634.4044499281971,0,0,450,2.7312549969494118,BC_stay_flat,104497.7872000002,104497.7872000002,C
2025-08-08,11:00:00,10:30:00,634.072,635.4716372844703,629.2293097391756,634.322904411509,0,0,450,2.7312549969494118,BC_stay_flat,104497.7872000002,104497.7872000002,C
2025-08-08,11:30:00,11:00:00,634.2366,635.7356885875678,628.9667947584603,634.3088742676513,0,0,450,2.7312549969494118,BC_stay_flat,104497.7872000002,104497.7872000002,C
2025-08-08,12:00:00,11:30:00,634.5756,635.920834224652,628.7827263491074,634.3505980529958,0,0,450,2.7312549969494118,BC_stay_flat,104497.7872000002,104497.7872000002,C
2025-08-08,12:30:00,12:00:00,635.1341,635.8054961997912,628.8973933059335,634.4385709980705,0,0,450,2.7312549969494118,BC_stay_flat,104497.7872000002,104497.7872000002,C
2025-08-08,13:00:00,12:30:00,634.79,635.7850874486677,628.9176833133855,634.4662433086852,0,0,450,2.7312549969494118,BC_stay_flat,104497.7872000002,104497.7872000002,C
2025-08-08,13:30:00,13:00:00,634.631,636.2209898105909,628.4843171500995,634.4783952031119,0,0,450,2.7312549969494118,BC_stay_flat,104497.7872000002,104497.7872000002,C
2025-08-08,14:00:00,13:30:00,635.4669,636.2381308650812,628.4672758269317,634.537034777152,0,0,450,2.7312549969494118,BC_stay_flat,104497.7872000002,104497.7872000002,C
2025-08-08,14:30:00,14:00:00,635.4581,636.5694948975687,628.1378397606152,634.6041234065281,0,0,450,2.7312549969494118,BC_stay_flat,104497.7872000002,104497.7872000002,C
2025-08-08,15:00:00,14:30:00,635.4631,636.6109934499226,628.0965826581388,634.6677962465387,0,0,450,2.7312549969494118,BC_stay_flat,104497.7872000002,104497.7872000002,C
2025-08-08,15:30:00,15:00:00,635.4731,636.9218406597888,627.7875440419828,634.7374415126641,0,0,450,2.7312549969494118,BC_stay_flat,104497.7872000002,104497.7872000002,C
2025-08-08,16:00:00,15:30:00,635.3884,636.8067919398537,627.9019233771378,634.8759405072548,0,0,450,2.7312549969494118,session_close_flatten,104497.7872000002,104497.7872000002,C
2025-08-11,10:00:00,09:30:00,635.9368,635.9368,635.4182,635.9368,0,0,434,2.641504826044155,BC_stay_flat,104497.7872000002,104497.7872000002,C
2025-08-11,10:30:00,10:00:00,635.4881,636.7109040573015,634.6447272166931,635.7579427835881,0,0,434,2.641504826044155,BC_stay_flat,104497.7872000002,104497.7872000002,C
2025-08-11,11:00:00,10:30:00,634.9995,637.2115524309006,634.1444871167566,635.5642597426429,0,0,434,2.641504826044155,BC_stay_flat,104497.7872000002,104497.7872000002,C
2025-08-11,11:30:00,11:00:00,635.3087,637.4516704485885,633.9045649128728,635.5206285956464,0,0,434,2.641504826044155,BC_stay_flat,104497.7872000002,104497.7872000002,C
2025-08-11,12:00:00,11:30:00,636.0964,637.6708279599685,633.685586122217,635.6065345799976,0,0,434,2.641504826044155,BC_stay_flat,104497.7872000002,104497.7872000002,C
2025-08-11,12:30:00,12:00:00,636.7845,637.6207310788244,633.7356421498635,635.8086857915092,0,0,434,2.641504826044155,BC_stay_flat,104497.7872000002,104497.7872000002,C
2025-08-11,13:00:00,12:30:00,635.5579,637.5443015451287,633.8120093560507,635.7792211053431,0,0,434,2.641504826044155,BC_stay_flat,104497.7872000002,104497.7872000002,C
2025-08-11,13:30:00,13:00:00,635.4183,637.9592120404814,633.3974372159922,635.749951646194,0,0,434,2.641504826044155,BC_stay_flat,104497.7872000002,104497.7872000002,C
2025-08-11,14:00:00,13:30:00,635.0892,638.0531910127611,633.3035348826095,635.6862823516607,0,0,434,2.641504826044155,BC_stay_flat,104497.7872000002,104497.7872000002,C
2025-08-11,14:30:00,14:00:00,634.7451,638.3816086716419,632.9753850449933,635.5694100458585,0,0,434,2.641504826044155,BC_stay_flat,104497.7872000002,104497.7872000002,C
2025-08-11,15:00:00,14:30:00,634.7202,638.4257242423901,632.9313054500449,635.494274361715,0,0,434,2.641504826044155,BC_stay_flat,104497.7872000002,104497.7872000002,C
2025-08-11,15:30:00,15:00:00,634.5208,638.6704585883564,632.6867706824515,635.4410210015834,0,0,434,2.641504826044155,BC_stay_flat,104497.7872000002,104497.7872000002,C
2025-08-11,16:00:00,15:30:00,634.1617,638.5000595668331,632.8570307453037,635.095149586056,0,0,434,2.641504826044155,session_close_flatten,104497.7872000002,104497.7872000002,C
2025-08-12,10:00:00,09:30:00,635.4083,635.4083,634.1617,635.4083,0,0,432,2.6279484422848447,BC_stay_flat,104497.7872000002,104497.7872000002,C
2025-08-12,10:30:00,10:00:00,637.5623,636.1927841881393,633.3787548820758,636.1311549941087,1,432,432,2.6279484422848447,BC_enter_long,104495.8432000002,-170931.07039999982,C
2025-08-12,11:00:00,10:30:00,638.1101,636.6623462810019,632.9101140175085,636.5305168550334,1,432,432,2.6279484422848447,BC_hold_long,104732.49280000015,-170931.07039999982,C
2025-08-12,11:30:00,11:00:00,638.759,636.9030053793239,632.6699270654143,636.9544903556115,1,432,432,2.6279484422848447,BC_hold_long,105012.81760000021,-170931.07039999982,C
2025-08-12,12:00:00,11:30:00,639.4172,637.0856542543062,632.4876365270914,637.2439195809998,1,432,432,2.6279484422848447,BC_hold_long,105297.16000000018,-170931.07039999982,C
2025-08-12,12:30:00,12:00:00,639.6067,637.121639535038,632.4517218454546,637.4192095361304,1,432,432,2.6279484422848447,BC_hold_long,105379.02400000018,-170931.07039999982,C
2025-08-12,13:00:00,12:30:00,639.9308,636.9632950966628,632.6097556297559,637.6091221294655,1,432,432,2.6279484422848447,BC_hold_long,105519.03520000019,-170931.07039999982,C
2025-08-12,13:30:00,13:00:00,639.7662,637.2980369646452,632.2756704878703,637.7314173675402,1,432,432,2.6279484422848447,BC_hold_long,105447.92800000022,-170931.07039999982,C
2025-08-12,14:00:00,13:30:00,640.3098,637.4697332976281,632.1043110038846,637.8749604582054,1,432,432,2.6279484422848447,BC_hold_long,105682.76320000019,-170931.07039999982,C
2025-08-12,14:30:00,14:00:00,640.4722,637.8188127395434,631.755916416782,638.05423932367,1,432,432,2.6279484422848447,BC_hold_long,105752.92000000019,-170931.07039999982,C
2025-08-12,15:00:00,14:30:00,640.2349,637.7966005717831,631.778085006754,638.1850677467953,1,432,432,2.6279484422848447,BC_hold_long,105650.40640000018,-170931.07039999982,C
2025-08-12,15:30:00,15:00:00,640.5491,638.0651363664608,631.5100760492638,638.3391228489365,1,432,432,2.6279484422848447,BC_hold_long,105786.14080000014,-170931.07039999982,C
2025-08-12,16:00:00,15:30:00,640.913,637.9447679078253,631.6302083584494,638.8710639519655,0,0,432,2.6279484422848447,session_close_flatten,105941.4016000002,105941.4016000002,C
2025-08-13,10:00:00,09:30:00,643.8051,643.8051,640.913,643.8051,0,0,422,2.5654922217622564,BC_stay_flat,105941.4016000002,105941.4016000002,C
2025-08-13,10:30:00,10:00:00,642.4631,644.698905755636,640.023209396816,643.2337909224046,0,0,422,2.5654922217622564,BC_stay_flat,105941.4016000002,105941.4016000002,C
2025-08-13,11:00:00,10:30:00,642.03,645.2150506783821,639.5093830992735,642.9329746296823,0,0,422,2.5654922217622564,BC_stay_flat,105941.4016000002,105941.4016000002,C
2025-08-13,11:30:00,11:00:00,641.9103,645.4963657244813,639.2293317760694,642.7267214604727,0,0,422,2.5654922217622564,BC_stay_flat,105941.4016000002,105941.4016000002,C
2025-08-13,12:00:00,11:30:00,641.671,645.648030560905,639.0783482481247,642.6035476559972,0,0,422,2.5654922217622564,BC_stay_flat,105941.4016000002,105941.4016000002,C
2025-08-13,12:30:00,12:00:00,641.4814,645.7201076441289,639.0065949494317,642.5258002550511,0,0,422,2.5654922217622564,BC_stay_flat,105941.4016000002,105941.4016000002,C
2025-08-13,13:00:00,12:30:00,641.2296,645.5699358537905,639.1560921383499,642.4245007065832,0,0,422,2.5654922217622564,BC_stay_flat,105941.4016000002,105941.4016000002,C
2025-08-13,13:30:00,13:00:00,641.879,645.8779003514076,638.8495110782414,642.3803881281005,0,0,422,2.5654922217622564,BC_stay_flat,105941.4016000002,105941.4016000002,C
2025-08-13,14:00:00,13:30:00,641.7457,646.0590867938942,638.6691385611342,642.3391156524734,0,0,422,2.5654922217622564,BC_stay_flat,105941.4016000002,105941.4016000002,C
2025-08-13,14:30:00,14:00:00,642.1247,646.3741630795528,638.3554776605446,642.3248057711068,0,0,422,2.5654922217622564,BC_stay_flat,105941.4016000002,105941.4016000002,C
2025-08-13,15:00:00,14:30:00,642.2114,646.3319213633822,638.3975296185611,642.3163208530561,0,0,422,2.5654922217622564,BC_stay_flat,105941.4016000002,105941.4016000002,C
2025-08-13,15:30:00,15:00:00,642.5385,646.6223678353194,638.108387889692,642.3340626862893,0,0,422,2.5654922217622564,BC_stay_flat,105941.4016000002,105941.4016000002,C
2025-08-13,16:00:00,15:30:00,643.107,646.463236069019,638.2668048045858,642.4779745425229,0,0,422,2.5654922217622564,session_close_flatten,105941.4016000002,105941.4016000002,C
2025-08-14,10:00:00,09:30:00,642.2872,643.1069,642.2872,642.2872,0,0,421,2.557604492300324,BC_stay_flat,105941.4016000002,105941.4016000002,C
2025-08-14,10:30:00,10:00:00,642.4587,644.0730710640449,641.3222604115017,642.3417068980946,0,0,421,2.557604492300324,BC_stay_flat,105941.4016000002,105941.4016000002,C
2025-08-14,11:00:00,10:30:00,642.9573,644.6116455398655,640.7843723993121,642.5013973312256,0,0,421,2.557604492300324,BC_stay_flat,105941.4016000002,105941.4016000002,C
2025-08-14,11:30:00,11:00:00,641.5313,644.9007900707824,640.4955964101914,642.3080806928135,0,0,421,2.557604492300324,BC_stay_flat,105941.4016000002,105941.4016000002,C
2025-08-14,12:00:00,11:30:00,642.2693,645.0711271905942,640.3254764009986,642.302237983243,0,0,421,2.557604492300324,BC_stay_flat,105941.4016000002,105941.4016000002,C
2025-08-14,12:30:00,12:00:00,641.3318,645.145122247638,640.251575657588,642.1974682696753,0,0,421,2.557604492300324,BC_stay_flat,105941.4016000002,105941.4016000002,C
2025-08-14,13:00:00,12:30:00,642.3989,645.0373112934179,640.3592491966456,642.2123969635453,0,0,421,2.557604492300324,BC_stay_flat,105941.4016000002,105941.4016000002,C
2025-08-14,13:30:00,13:00:00,643.2266,645.2968004379348,640.1000907953561,642.2894829559461,0,0,421,2.557604492300324,BC_stay_flat,105941.4016000002,105941.4016000002,C
2025-08-14,14:00:00,13:30:00,642.8975,645.4948952208248,639.9022485028274,642.3305722693937,0,0,421,2.557604492300324,BC_stay_flat,105941.4016000002,105941.4016000002,C
2025-08-14,14:30:00,14:00:00,642.2693,645.7446118239932,639.652850186867,642.3249603609177,0,0,421,2.557604492300324,BC_stay_flat,105941.4016000002,105941.4016000002,C
2025-08-14,15:00:00,14:30:00,642.7979,645.738905539029,639.6585491986364,642.3634506865802,0,0,421,2.557604492300324,BC_stay_flat,105941.4016000002,105941.4016000002,C
2025-08-14,15:30:00,15:00:00,643.2266,645.9868914407798,639.4108793781525,642.4478311989843,0,0,421,2.557604492300324,BC_stay_flat,105941.4016000002,105941.4016000002,C
2025-08-14,16:00:00,15:30:00,643.1568,645.7620567045661,639.635427541429,642.5783359458201,0,0,421,2.557604492300324,session_close_flatten,105941.4016000002,105941.4016000002,C
2025-08-15,10:00:00,09:30:00,641.6362,643.1667,641.6362,641.6362,0,0,424,2.572459678395681,BC_stay_flat,105941.4016000002,105941.4016000002,C
2025-08-15,10:30:00,10:00:00,642.3889,644.1303984244978,640.6747948230208,641.9323477877166,0,0,424,2.572459678395681,BC_stay_flat,105941.4016000002,105941.4016000002,C
2025-08-15,11:00:00,10:30:00,641.7507,644.6811840222396,640.1253198922603,641.8945854825947,0,0,424,2.572459678395681,BC_stay_flat,105941.4016000002,105941.4016000002,C
2025-08-15,11:30:00,11:00:00,641.7108,644.9645564849179,639.8426217517355,641.8640245530019,0,0,424,2.572459678395681,BC_stay_flat,105941.4016000002,105941.4016000002,C
2025-08-15,12:00:00,11:30:00,641.5911,645.0864666049786,639.7210017328862,641.8117337624733,0,0,424,2.572459678395681,BC_stay_flat,105941.4016000002,105941.4016000002,C
2025-08-15,12:30:00,12:00:00,641.5513,645.1667717162289,639.6408877182408,641.7808469470522,0,0,424,2.572459678395681,BC_stay_flat,105941.4016000002,105941.4016000002,C
2025-08-15,13:00:00,12:30:00,642.2792,644.9928245091226,639.814420995023,641.8263218675098,0,0,424,2.572459678395681,BC_stay_flat,105941.4016000002,105941.4016000002,C
2025-08-15,13:30:00,13:00:00,642.3839,645.2970807382186,639.5108887837574,641.8738609795702,0,0,424,2.572459678395681,BC_stay_flat,105941.4016000002,105941.4016000002,C
2025-08-15,14:00:00,13:30:00,642.9374,645.4651427901625,639.3432266576344,641.9635517179596,0,0,424,2.572459678395681,BC_stay_flat,105941.4016000002,105941.4016000002,C
2025-08-15,14:30:00,14:00:00,642.738,645.6576811315188,639.1511464866583,642.0424030387084,0,0,424,2.572459678395681,BC_stay_flat,105941.4016000002,105941.4016000002,C
2025-08-15,15:00:00,14:30:00,642.4737,645.6987958608352,639.1101295952636,642.0745833897083,0,0,424,2.572459678395681,BC_stay_flat,105941.4016000002,105941.4016000002,C
2025-08-15,15:30:00,15:00:00,642.02,645.9666199833558,638.84294279557,642.0691050329883,0,0,424,2.572459678395681,BC_stay_flat,105941.4016000002,105941.4016000002,C
2025-08-15,16:00:00,15:30:00,641.6609,645.7599112371017,639.0491596510963,641.9929246431201,0,0,424,2.572459678395681,session_close_flatten,105941.4016000002,105941.4016000002,C
2025-08-18,10:00:00,09:30:00,640.9629,641.6609,640.9629,640.9629,0,0,422,2.558043887504793,BC_stay_flat,105941.4016000002,105941.4016000002,C
2025-08-18,10:30:00,10:00:00,641.1424,642.6559854998287,639.9688969561521,641.0307320751277,0,0,422,2.558043887504793,BC_stay_flat,105941.4016000002,105941.4016000002,C
2025-08-18,11:00:00,10:30:00,641.4415,643.1785751607017,639.446875769349,641.131172304054,0,0,422,2.558043887504793,BC_stay_flat,105941.4016000002,105941.4016000002,C
2025-08-18,11:30:00,11:00:00,640.9729,643.4325502613448,639.1931769433243,641.1074268380144,0,0,422,2.558043887504793,BC_stay_flat,105941.4016000002,105941.4016000002,C
2025-08-18,12:00:00,11:30:00,640.9479,643.5743537728848,639.0515276859253,641.0918316842334,0,0,422,2.558043887504793,BC_stay_flat,105941.4016000002,105941.4016000002,C
2025-08-18,12:30:00,12:00:00,641.3453,643.6587558332639,638.967217438275,641.1139904370527,0,0,422,2.558043887504793,BC_stay_flat,105941.4016000002,105941.4016000002,C
2025-08-18,13:00:00,12:30:00,640.7136,643.4880512614161,639.1377363173508,641.0771128853471,0,0,422,2.558043887504793,BC_stay_flat,105941.4016000002,105941.4016000002,C
2025-08-18,13:30:00,13:00:00,641.3867,643.757732015964,638.8683489220628,641.0994241593643,0,0,422,2.558043887504793,BC_stay_flat,105941.4016000002,105941.4016000002,C
2025-08-18,14:00:00,13:30:00,641.0128,643.9491191458577,638.6771699834688,641.0905545292808,0,0,422,2.558043887504793,BC_stay_flat,105941.4016000002,105941.4016000002,C
2025-08-18,14:30:00,14:00:00,640.9729,644.1260981085148,638.5003835388783,641.0817833280255,0,0,422,2.558043887504793,BC_stay_flat,105941.4016000002,105941.4016000002,C
2025-08-18,15:00:00,14:30:00,641.6261,644.1462256974853,638.480277844739,641.1333571558476,0,0,422,2.558043887504793,BC_stay_flat,105941.4016000002,105941.4016000002,C
2025-08-18,15:30:00,15:00:00,641.4615,644.3810143922431,638.2457445535892,641.1598890234155,0,0,422,2.558043887504793,BC_stay_flat,105941.4016000002,105941.4016000002,C
2025-08-18,16:00:00,15:30:00,641.5214,644.2131343551549,638.4134419704399,641.2305799310885,0,0,422,2.558043887504793,session_close_flatten,105941.4016000002,105941.4016000002,C
2025-08-19,10:00:00,09:30:00,641.1025,641.5213,641.1025,641.1025,0,0,425,2.575895328600184,BC_stay_flat,105941.4016000002,105941.4016000002,C
2025-08-19,10:30:00,10:00:00,641.272,642.50960670876,640.1148384808067,641.1695676674609,0,0,425,2.575895328600184,BC_stay_flat,105941.4016000002,105941.4016000002,C
2025-08-19,11:00:00,10:30:00,639.482,642.9780537717315,639.6466972309547,640.5867079699033,-1,-425,425,2.575895328600184,BC_enter_short,105939.48910000024,377719.3391000002,C
2025-08-19,11:30:00,11:00:00,639.7961,643.0936123829009,639.5312140591299,640.434664909113,0,0,425,2.575895328600184,BC_exit_short,105804.08410000018,105804.08410000018,C
2025-08-19,12:00:00,11:30:00,638.9584,643.2817054538561,639.3432437796986,640.260655278759,-1,-425,425,2.575895328600184,BC_enter_short,105802.17160000018,377359.4916000002,C
2025-08-19,12:30:00,12:00:00,638.5546,643.3765609567164,639.2484502007131,640.0888003505486,-1,-425,425,2.575895328600184,BC_hold_short,105973.78660000017,377359.4916000002,C
2025-08-19,13:00:00,12:30:00,637.9413,643.2319126054289,639.3930041221984,639.8378488237228,-1,-425,425,2.575895328600184,BC_hold_short,106234.43910000019,377359.4916000002,C
2025-08-19,13:30:00,13:00:00,637.9114,643.5164873093928,639.1086151952086,639.6423743504035,-1,-425,425,2.575895328600184,BC_hold_short,106247.14660000021,377359.4916000002,C
2025-08-19,14:00:00,13:30:00,638.0709,643.6373432369847,638.9878381651724,639.5455941194476,-1,-425,425,2.575895328600184,BC_hold_short,106179.35910000018,377359.4916000002,C
2025-08-19,14:30:00,14:00:00,637.303,643.7923964131766,638.8328862112941,639.386829052956,-1,-425,425,2.575895328600184,BC_hold_short,106505.71660000016,377359.4916000002,C
2025-08-19,15:00:00,14:30:00,637.2632,643.8595703096449,638.7657561675051,639.2509131549858,-1,-425,425,2.575895328600184,BC_hold_short,106522.6316000002,377359.4916000002,C
2025-08-19,15:30:00,15:00:00,637.4427,644.0671067218882,638.5583552398504,639.0772712049778,-1,-425,425,2.575895328600184,BC_hold_short,106446.34410000022,377359.4916000002,C
2025-08-19,16:00:00,15:30:00,638.041,643.9146797493948,638.7106827044769,638.8743933376969,0,0,425,2.575895328600184,session_close_flatten,106190.15410000013,106190.15410000013,C
2025-08-20,10:00:00,09:30:00,633.5535,638.041,633.5535,633.5535,0,0,422,2.521269310429247,BC_stay_flat,106190.15410000013,106190.15410000013,C
2025-08-20,10:30:00,10:00:00,632.1873,638.9886768931633,632.6124883525781,632.9881380447168,-1,-422,422,2.521269310429247,BC_enter_short,106188.25510000013,372971.29570000013,C
2025-08-20,11:00:00,10:30:00,631.4293,639.565609583059,632.0396133728389,632.6964503258715,-1,-422,422,2.521269310429247,BC_hold_short,106508.13110000012,372971.29570000013,C
2025-08-20,11:30:00,11:00:00,634.5806,639.669693418468,631.9362615847612,633.0142272396375,0,0,422,2.521269310429247,BC_exit_short,105176.38350000014,105176.38350000014,C
2025-08-20,12:00:00,11:30:00,633.4238,639.910938731405,631.696713009717,633.0587066835792,0,0,422,2.521269310429247,BC_stay_flat,105176.38350000014,105176.38350000014,C
2025-08-20,12:30:00,12:00:00,635.6676,640.002792011343,631.6055057565918,633.3062878069738,0,0,422,2.521269310429247,BC_stay_flat,105176.38350000014,105176.38350000014,C
2025-08-20,13:00:00,12:30:00,634.4609,639.9122098179496,631.6954508630381,633.3803595438422,0,0,422,2.521269310429247,BC_stay_flat,105176.38350000014,105176.38350000014,C
2025-08-20,13:30:00,13:00:00,634.81,640.2170782318956,631.3927266639743,633.4444018322345,0,0,422,2.521269310429247,BC_stay_flat,105176.38350000014,105176.38350000014,C
2025-08-20,14:00:00,13:30:00,635.4183,640.2943950510536,631.3159536331086,633.532965956946,0,0,422,2.521269310429247,BC_stay_flat,105176.38350000014,105176.38350000014,C
2025-08-20,14:30:00,14:00:00,634.062,640.4917287876962,631.1200077933933,633.5784934634672,0,0,422,2.521269310429247,BC_stay_flat,105176.38350000014,105176.38350000014,C
2025-08-20,15:00:00,14:30:00,634.9695,640.4258706786828,631.1854027060535,633.6636147820619,0,0,422,2.521269310429247,BC_stay_flat,105176.38350000014,105176.38350000014,C
2025-08-20,15:30:00,15:00:00,636.5052,640.5779474342824,631.0343955438514,633.8833845637133,0,0,422,2.521269310429247,BC_stay_flat,105176.38350000014,105176.38350000014,C
2025-08-20,16:00:00,15:30:00,636.3457,640.5494198364179,631.0627225000715,634.2420456714194,0,0,422,2.521269310429247,session_close_flatten,105176.38350000014,105176.38350000014,C
2025-08-21,10:00:00,09:30:00,633.3041,636.3456,633.3041,633.3041,0,0,420,2.5344290133301777,BC_stay_flat,105176.38350000014,105176.38350000014,C
2025-08-21,10:30:00,10:00:00,636.0665,637.343640369904,632.310829899247,634.2639204442864,0,0,420,2.5344290133301777,BC_stay_flat,105176.38350000014,105176.38350000014,C
2025-08-21,11:00:00,10:30:00,635.4482,637.8170415483712,631.8396914058433,634.4678651482469,0,0,420,2.5344290133301777,BC_stay_flat,105176.38350000014,105176.38350000014,C
2025-08-21,11:30:00,11:00:00,634.9296,637.8129930103003,631.8437205933781,634.5511362833014,0,0,420,2.5344290133301777,BC_stay_flat,105176.38350000014,105176.38350000014,C
2025-08-21,12:00:00,11:30:00,633.8626,638.0830399175336,631.5749644119206,634.4648642851234,0,0,420,2.5344290133301777,BC_stay_flat,105176.38350000014,105176.38350000014,C
2025-08-21,12:30:00,12:00:00,633.4637,638.3568333430208,631.302479619201,634.3380052634809,0,0,420,2.5344290133301777,BC_stay_flat,105176.38350000014,105176.38350000014,C
2025-08-21,13:00:00,12:30:00,633.1246,638.1578795294379,631.5004825060798,634.2369598110737,0,0,420,2.5344290133301777,BC_stay_flat,105176.38350000014,105176.38350000014,C
2025-08-21,13:30:00,13:00:00,632.641,638.2779992759207,631.3809368881978,634.0811204460467,0,0,420,2.5344290133301777,BC_stay_flat,105176.38350000014,105176.38350000014,C
2025-08-21,14:00:00,13:30:00,634.1119,638.294256481613,631.3647573860225,634.083980377736,0,0,420,2.5344290133301777,BC_stay_flat,105176.38350000014,105176.38350000014,C
2025-08-21,14:30:00,14:00:00,633.7648,638.4506270783313,631.2091341837545,634.064299379005,0,0,420,2.5344290133301777,BC_stay_flat,105176.38350000014,105176.38350000014,C
2025-08-21,15:00:00,14:30:00,634.2864,638.4628528536422,631.1969668431929,634.0810398717268,0,0,420,2.5344290133301777,BC_stay_flat,105176.38350000014,105176.38350000014,C
2025-08-21,15:30:00,15:00:00,634.1617,638.6241122496062,631.0364782083575,634.0865885462332,0,0,420,2.5344290133301777,BC_stay_flat,105176.38350000014,105176.38350000014,C
2025-08-21,16:00:00,15:30:00,633.7928,638.524157336081,631.1359553738328,634.0272655025205,0,0,420,2.5344290133301777,session_close_flatten,105176.38350000014,105176.38350000014,C
2025-08-22,10:00:00,09:30:00,637.1435,637.1435,633.7927,637.1435,0,0,517,3.1366209606776834,BC_stay_flat,105176.38350000014,105176.38350000014,C
2025-08-22,10:30:00,10:00:00,642.4683,638.1815597192275,632.7600995383921,640.986423634949,1,517,517,3.1366209606776834,BC_enter_long,105174.05700000015,-226982.05409999983,C
2025-08-22,11:00:00,10:30:00,643.9047,638.7122518530809,632.2321983663896,641.5774312014171,1,517,517,3.1366209606776834,BC_hold_long,105916.6758000002,-226982.05409999983,C
2025-08-22,11:30:00,11:00:00,644.1939,638.7046308134431,632.2397793262344,641.9773782287773,1,517,517,3.1366209606776834,BC_hold_long,106066.19220000017,-226982.05409999983,C
2025-08-22,12:00:00,11:30:00,643.6544,638.7210384459249,632.2234579830972,642.1417006465495,1,517,517,3.1366209606776834,BC_hold_long,105787.27070000017,-226982.05409999983,C
2025-08-22,12:30:00,12:00:00,643.0172,638.9445278031246,632.0011439782915,642.2097751072577,1,517,517,3.1366209606776834,BC_hold_long,105457.83830000018,-226982.05409999983,C
2025-08-22,13:00:00,12:30:00,642.9973,638.9562940989058,631.989439562611,642.2448724526264,1,517,517,3.1366209606776834,BC_hold_long,105447.55000000016,-226982.05409999983,C
2025-08-22,13:30:00,13:00:00,644.3734,639.0776240767608,631.8687476709796,642.3796688386732,1,517,517,3.1366209606776834,BC_hold_long,106158.99370000017,-226982.05409999983,C
2025-08-22,14:00:00,13:30:00,644.0144,639.1160182682469,631.8305553983027,642.4509756536166,1,517,517,3.1366209606776834,BC_hold_long,105973.39070000016,-226982.05409999983,C
2025-08-22,14:30:00,14:00:00,643.6454,639.2498311325705,631.6974462689238,642.5166916711904,1,517,517,3.1366209606776834,BC_hold_long,105782.61770000018,-226982.05409999983,C
2025-08-22,15:00:00,14:30:00,643.6853,639.3186056351694,631.6290334581626,642.5830803473398,1,517,517,3.1366209606776834,BC_hold_long,105803.24600000016,-226982.05409999983,C
2025-08-22,15:30:00,15:00:00,643.2964,639.441799501253,631.5064874806731,642.6293248508788,1,517,517,3.1366209606776834,BC_hold_long,105602.18470000016,-226982.05409999983,C
2025-08-22,16:00:00,15:30:00,643.5158,639.3196102733374,631.628034103485,642.8131330946057,0,0,517,3.1366209606776834,session_close_flatten,105718.40630000018,105718.40630000018,C
2025-08-25,10:00:00,09:30:00,642.5585,643.5257,642.5585,642.5585,0,0,513,3.123956061202752,BC_stay_flat,105718.40630000018,105718.40630000018,C
2025-08-25,10:30:00,10:00:00,642.3491,644.9371225024819,641.1491988235886,642.4780080047575,0,0,513,3.123956061202752,BC_stay_flat,105718.40630000018,105718.40630000018,C
2025-08-25,11:00:00,10:30:00,642.5984,645.5966495423047,640.4906630333039,642.501193418544,0,0,513,3.123956061202752,BC_stay_flat,105718.40630000018,105718.40630000018,C
2025-08-25,11:30:00,11:00:00,643.1269,645.5994200083971,640.4878967311396,642.5984158745625,0,0,513,3.123956061202752,BC_stay_flat,105718.40630000018,105718.40630000018,C
2025-08-25,12:00:00,11:30:00,643.1768,645.5317782195922,640.5554368563465,642.6649187926255,0,0,513,3.123956061202752,BC_stay_flat,105718.40630000018,105718.40630000018,C
2025-08-25,12:30:00,12:00:00,643.1269,645.7254049998012,640.362101091433,642.7064364637863,0,0,513,3.123956061202752,BC_stay_flat,105718.40630000018,105718.40630000018,C
2025-08-25,13:00:00,12:30:00,643.2017,645.703719724462,640.3837537744481,642.7433555880466,0,0,513,3.123956061202752,BC_stay_flat,105718.40630000018,105718.40630000018,C
2025-08-25,13:30:00,13:00:00,642.8676,645.9149411397617,640.1728498186575,642.7530490101161,0,0,513,3.123956061202752,BC_stay_flat,105718.40630000018,105718.40630000018,C
2025-08-25,14:00:00,13:30:00,642.7131,645.9683720485001,640.119499214987,642.7497664907235,0,0,513,3.123956061202752,BC_stay_flat,105718.40630000018,105718.40630000018,C
2025-08-25,14:30:00,14:00:00,642.4189,646.059371971713,640.0286360619538,642.722697968352,0,0,513,3.123956061202752,BC_stay_flat,105718.40630000018,105718.40630000018,C
2025-08-25,15:00:00,14:30:00,642.1796,646.139384712205,639.9487435782326,642.6873159685209,0,0,513,3.123956061202752,BC_stay_flat,105718.40630000018,105718.40630000018,C
2025-08-25,15:30:00,15:00:00,641.9103,646.205431636601,639.8827959204008,642.6160714724058,0,0,513,3.123956061202752,BC_stay_flat,105718.40630000018,105718.40630000018,C
2025-08-25,16:00:00,15:30:00,640.6936,646.0393965209478,640.0485814902103,642.1821076907347,0,0,513,3.123956061202752,session_close_flatten,105718.40630000018,105718.40630000018,C
2025-08-26,10:00:00,09:30:00,640.7136,640.7136,640.6935,640.7136,0,0,519,3.1492116455845967,BC_stay_flat,105718.40630000018,105718.40630000018,C
2025-08-26,10:30:00,10:00:00,641.2913,642.0329900942726,639.3741512966717,640.9472319236478,0,0,519,3.1492116455845967,BC_stay_flat,105718.40630000018,105718.40630000018,C
2025-08-26,11:00:00,10:30:00,640.9031,642.5347404826127,638.872416648879,640.9380678616961,0,0,519,3.1492116455845967,BC_stay_flat,105718.40630000018,105718.40630000018,C
2025-08-26,11:30:00,11:00:00,640.6537,642.5783974858819,638.8287610151856,640.8951045246154,0,0,519,3.1492116455845967,BC_stay_flat,105718.40630000018,105718.40630000018,C
2025-08-26,12:00:00,11:30:00,641.0028,642.5240347269124,638.8831220687262,640.9044911678491,0,0,519,3.1492116455845967,BC_stay_flat,105718.40630000018,105718.40630000018,C
2025-08-26,12:30:00,12:00:00,641.5513,642.7831784445683,638.623986480738,640.9828660858632,0,0,519,3.1492116455845967,BC_stay_flat,105718.40630000018,105718.40630000018,C
2025-08-26,13:00:00,12:30:00,641.5024,642.7568099279681,638.6503541701244,641.0199307103761,0,0,519,3.1492116455845967,BC_stay_flat,105718.40630000018,105718.40630000018,C
2025-08-26,13:30:00,13:00:00,641.7507,643.0033422655962,638.403829566529,641.0727190071539,0,0,519,3.1492116455845967,BC_stay_flat,105718.40630000018,105718.40630000018,C
2025-08-26,14:00:00,13:30:00,641.0875,643.0761357549756,638.331038360774,641.0739975331134,0,0,519,3.1492116455845967,BC_stay_flat,105718.40630000018,105718.40630000018,C
2025-08-26,14:30:00,14:00:00,641.7408,643.0503867813964,638.3567865265751,641.1271948383135,0,0,519,3.1492116455845967,BC_stay_flat,105718.40630000018,105718.40630000018,C
2025-08-26,15:00:00,14:30:00,642.0898,643.1398525830296,638.2673235315979,641.2135600901241,0,0,519,3.1492116455845967,BC_stay_flat,105718.40630000018,105718.40630000018,C
2025-08-26,15:30:00,15:00:00,642.7579,643.2639339073346,638.1432460998817,641.3907939352206,0,0,519,3.1492116455845967,BC_stay_flat,105718.40630000018,105718.40630000018,C
2025-08-26,16:00:00,15:30:00,643.2366,643.1120569264694,638.295118316173,641.9214070572491,0,0,519,3.1492116455845967,session_close_flatten,105718.40630000018,105718.40630000018,C
2025-08-27,10:00:00,09:30:00,643.5433,643.5433,643.3762,643.5433,0,0,533,3.2451243216331926,BC_stay_flat,105718.40630000018,105718.40630000018,C
2025-08-27,10:30:00,10:00:00,644.3336,644.8957090665998,642.0241420947829,643.8734367957874,0,0,533,3.2451243216331926,BC_stay_flat,105718.40630000018,105718.40630000018,C
2025-08-27,11:00:00,10:30:00,644.4582,645.2377210428425,641.6822189240662,644.0040536324693,0,0,533,3.2451243216331926,BC_stay_flat,105718.40630000018,105718.40630000018,C
2025-08-27,11:30:00,11:00:00,644.5181,645.2039386056506,641.7159925894392,644.0782456607075,0,0,533,3.2451243216331926,BC_stay_flat,105718.40630000018,105718.40630000018,C
2025-08-27,12:00:00,11:30:00,644.7524,645.1098748432493,641.8100319276026,644.1696781466609,0,0,533,3.2451243216331926,BC_stay_flat,105718.40630000018,105718.40630000018,C
2025-08-27,12:30:00,12:00:00,644.1541,645.4307097097548,641.4892803678554,644.1678282771118,0,0,533,3.2451243216331926,BC_stay_flat,105718.40630000018,105718.40630000018,C
2025-08-27,13:00:00,12:30:00,644.4932,645.4116804176581,641.5083047188788,644.2067073314475,0,0,533,3.2451243216331926,BC_stay_flat,105718.40630000018,105718.40630000018,C
2025-08-27,13:30:00,13:00:00,644.6627,645.6729235008031,641.2471294691167,644.2461260004532,0,0,533,3.2451243216331926,BC_stay_flat,105718.40630000018,105718.40630000018,C
2025-08-27,14:00:00,13:30:00,644.9618,645.7030163841538,641.2170443995694,644.2909862015008,0,0,533,3.2451243216331926,BC_stay_flat,105718.40630000018,105718.40630000018,C
2025-08-27,14:30:00,14:00:00,645.4405,645.6743271172169,641.2457262171606,644.4088527655842,0,0,533,3.2451243216331926,BC_stay_flat,105718.40630000018,105718.40630000018,C
2025-08-27,15:00:00,14:30:00,645.2311,645.8129721941843,641.1071171402454,644.4647494734082,0,0,533,3.2451243216331926,BC_stay_flat,105718.40630000018,105718.40630000018,C
2025-08-27,15:30:00,15:00:00,644.902,645.9541075897881,640.9660183913205,644.5204653033902,0,0,533,3.2451243216331926,BC_stay_flat,105718.40630000018,105718.40630000018,C
2025-08-27,16:00:00,15:30:00,644.7823,645.8534416611343,641.066658181443,644.5694408456202,0,0,533,3.2451243216331926,session_close_flatten,105718.40630000018,105718.40630000018,C
2025-08-28,10:00:00,09:30:00,644.2737,644.842,644.2737,644.2737,0,0,535,3.2614930780703997,BC_stay_flat,105718.40630000018,105718.40630000018,C
2025-08-28,10:30:00,10:00:00,644.2438,646.0518226635611,643.0649435545507,644.2640480719724,0,0,535,3.2614930780703997,BC_stay_flat,105718.40630000018,105718.40630000018,C
2025-08-28,11:00:00,10:30:00,645.0865,646.3296362788151,642.7873747767571,644.4399647629882,0,0,535,3.2614930780703997,BC_stay_flat,105718.40630000018,105718.40630000018,C
2025-08-28,11:30:00,11:00:00,644.4832,646.2407417783522,642.8761909343939,644.4475984425607,0,0,535,3.2614930780703997,BC_stay_flat,105718.40630000018,105718.40630000018,C
2025-08-28,12:00:00,11:30:00,645.278,646.156749180229,642.9601095097432,644.540196548686,0,0,535,3.2614930780703997,BC_stay_flat,105718.40630000018,105718.40630000018,C
2025-08-28,12:30:00,12:00:00,646.3679,646.4621763840893,642.6549514792307,644.7468898178568,0,0,535,3.2614930780703997,BC_stay_flat,105718.40630000018,105718.40630000018,C
2025-08-28,13:00:00,12:30:00,645.8892,646.3971931507308,642.7198774427906,644.8425592035699,0,0,535,3.2614930780703997,BC_stay_flat,105718.40630000018,105718.40630000018,C
2025-08-28,13:30:00,13:00:00,646.338,646.5849898249281,642.5322462740194,644.9419000903006,0,0,535,3.2614930780703997,BC_stay_flat,105718.40630000018,105718.40630000018,C
2025-08-28,14:00:00,13:30:00,646.5836,646.6877336106705,642.4295930364939,645.0672308597477,0,0,535,3.2614930780703997,BC_stay_flat,105718.40630000018,105718.40630000018,C
2025-08-28,14:30:00,14:00:00,646.8566,646.6218071973291,642.4954613488113,645.2110495594716,1,535,535,3.2614930780703997,BC_enter_long,105715.99880000018,-240352.28219999978,C
2025-08-28,15:00:00,14:30:00,647.1855,646.8007876259168,642.3166386558821,645.4062333243363,1,535,535,3.2614930780703997,BC_hold_long,105891.96030000027,-240352.28219999978,C
2025-08-28,15:30:00,15:00:00,647.1407,646.9070221285594,642.2104977778295,645.5396745179695,1,535,535,3.2614930780703997,BC_hold_long,105867.99230000022,-240352.28219999978,C
2025-08-28,16:00:00,15:30:00,647.1396,646.9336184937771,642.1839248520192,645.9002043490325,0,0,535,3.2614930780703997,session_close_flatten,105857.55980000025,105857.55980000025,C
2025-08-29,10:00:00,09:30:00,643.7128,647.1257,643.7128,643.7128,0,0,557,3.3876133693651593,BC_stay_flat,105857.55980000025,105857.55980000025,C
2025-08-29,10:30:00,10:00:00,642.8427,648.306340637248,642.5383859867771,643.2706057513109,0,0,557,3.3876133693651593,BC_stay_flat,105857.55980000025,105857.55980000025,C
2025-08-29,11:00:00,10:30:00,641.9551,648.668194495538,642.1784405228423,642.9827050463347,-1,-557,557,3.3876133693651593,BC_enter_short,105855.0533000002,463424.0440000002,C
2025-08-29,11:30:00,11:00:00,642.6573,648.5411533822827,642.3048116293038,642.9457741564139,0,0,557,3.3876133693651593,BC_exit_short,105461.42140000024,105461.42140000024,C
2025-08-29,12:00:00,11:30:00,641.9801,648.4891779403988,642.3565129559955,642.8552543924162,-1,-557,557,3.3876133693651593,BC_enter_short,105458.9149000002,463041.8306000002,C
2025-08-29,12:30:00,12:00:00,642.4288,648.833174978168,642.0143301368398,642.822056830289,0,0,557,3.3876133693651593,BC_exit_short,105206.48250000023,105206.48250000023,C
2025-08-29,13:00:00,12:30:00,642.9175,648.7586972273912,642.0884150966712,642.8281117963522,0,0,557,3.3876133693651593,BC_stay_flat,105206.48250000023,105206.48250000023,C
2025-08-29,13:30:00,13:00:00,642.2094,648.9909467967924,641.8573903968052,642.7754639127547,0,0,557,3.3876133693651593,BC_stay_flat,105206.48250000023,105206.48250000023,C
2025-08-29,14:00:00,13:30:00,642.8577,649.0507501242691,641.7979024682938,642.7808199756652,0,0,557,3.3876133693651593,BC_stay_flat,105206.48250000023,105206.48250000023,C
2025-08-29,14:30:00,14:00:00,642.5086,649.0048179446096,641.8435924045439,642.7651752216065,0,0,557,3.3876133693651593,BC_stay_flat,105206.48250000023,105206.48250000023,C
2025-08-29,15:00:00,14:30:00,642.6981,649.2076646563269,641.6418154935507,642.7620129361328,0,0,557,3.3876133693651593,BC_stay_flat,105206.48250000023,105206.48250000023,C
2025-08-29,15:30:00,15:00:00,642.8477,649.310332368555,641.5396892443414,642.7692499833914,0,0,557,3.3876133693651593,BC_stay_flat,105206.48250000023,105206.48250000023,C
2025-08-29,16:00:00,15:30:00,643.3663,649.3431173917415,641.5070771272927,642.9327725763743,0,0,557,3.3876133693651593,session_close_flatten,105206.48250000023,105206.48250000023,C
2025-09-02,10:00:00,09:30:00,637.5623,643.2664,637.5623,637.5623,0,0,535,3.243851539954007,BC_stay_flat,105206.48250000023,105206.48250000023,C
2025-09-02,10:30:00,10:00:00,637.5823,644.4696870867223,636.3696829403013,637.5682636243783,0,0,535,3.243851539954007,BC_stay_flat,105206.48250000023,105206.48250000023,C
2025-09-02,11:00:00,10:30:00,635.887,644.8574367243195,635.985371633554,637.2488381609293,-1,-535,535,3.243851539954007,BC_enter_short,105204.07500000024,445403.6200000002,C
2025-09-02,11:30:00,11:00:00,634.7402,644.703371160296,636.1380710367089,636.9087720692102,-1,-535,535,3.243851539954007,BC_hold_short,105817.61300000024,445403.6200000002,C
2025-09-02,12:00:00,11:30:00,633.4338,644.7338935555329,636.1078192957372,636.4399917294834,-1,-535,535,3.243851539954007,BC_hold_short,106516.53700000024,445403.6200000002,C
2025-09-02,12:30:00,12:00:00,633.8626,644.9940948178634,635.8499253418879,636.2076860210271,-1,-535,535,3.243851539954007,BC_hold_short,106287.12900000019,445403.6200000002,C
2025-09-02,13:00:00,12:30:00,635.149,644.9190499583872,635.9243047486327,636.1222074420031,-1,-535,535,3.243851539954007,BC_hold_short,105598.9050000002,445403.6200000002,C
2025-09-02,13:30:00,13:00:00,635.8674,645.1903715882966,635.6553890359437,636.1028795213074,0,0,535,3.243851539954007,BC_exit_short,105212.15350000022,105212.15350000022,C
2025-09-02,14:00:00,13:30:00,636.5352,645.179765154866,635.6659014178942,636.1423092456009,0,0,535,3.243851539954007,BC_stay_flat,105212.15350000022,105212.15350000022,C
2025-09-02,14:30:00,14:00:00,635.9468,645.1341634694556,635.7110987349532,636.1324353932995,0,0,535,3.243851539954007,BC_stay_flat,105212.15350000022,105212.15350000022,C
2025-09-02,15:00:00,14:30:00,636.3357,645.3204750545667,635.5264392490543,636.1466620502043,0,0,535,3.243851539954007,BC_stay_flat,105212.15350000022,105212.15350000022,C
2025-09-02,15:30:00,15:00:00,637.3579,645.3974451619199,635.4501516663743,636.2263929207884,0,0,535,3.243851539954007,BC_stay_flat,105212.15350000022,105212.15350000022,C
2025-09-02,16:00:00,15:30:00,638.5945,645.3670718609134,635.4802556351939,636.7630690235574,0,0,535,3.243851539954007,session_close_flatten,105212.15350000022,105212.15350000022,C
2025-09-03,10:00:00,09:30:00,640.2798,640.2798,638.4996,640.2798,0,0,558,3.399777236611016,BC_stay_flat,105212.15350000022,105212.15350000022,C
2025-09-03,10:30:00,10:00:00,640.6388,641.323898322831,637.4584046327741,640.419181712804,0,0,558,3.399777236611016,BC_stay_flat,105212.15350000022,105212.15350000022,C
2025-09-03,11:00:00,10:30:00,642.2094,641.7891588050024,636.9944377361733,640.8373364202976,1,558,558,3.399777236611016,BC_enter_long,105209.64250000022,-253143.20269999976,C
2025-09-03,11:30:00,11:00:00,640.6737,641.6713666254813,637.1119024125654,640.8084861268484,0,0,558,3.399777236611016,BC_exit_long,104350.21090000027,104350.21090000027,C
2025-09-03,12:00:00,11:30:00,640.5441,641.7480845999097,637.0353977407245,640.7747021251105,0,0,558,3.399777236611016,BC_stay_flat,104350.21090000027,104350.21090000027,C
2025-09-03,12:30:00,12:00:00,640.6638,641.9626791731905,636.8213998148146,640.7649797690009,0,0,558,3.399777236611016,BC_stay_flat,104350.21090000027,104350.21090000027,C
2025-09-03,13:00:00,12:30:00,640.0504,641.7723778909278,637.0111719934843,640.6971844953504,0,0,558,3.399777236611016,BC_stay_flat,104350.21090000027,104350.21090000027,C
2025-09-03,13:30:00,13:00:00,640.4792,642.0027540883048,636.781436321869,640.6821600948028,0,0,558,3.399777236611016,BC_stay_flat,104350.21090000027,104350.21090000027,C
2025-09-03,14:00:00,13:30:00,639.1985,641.9051673266908,636.8787517584262,640.5426260802737,0,0,558,3.399777236611016,BC_stay_flat,104350.21090000027,104350.21090000027,C
2025-09-03,14:30:00,14:00:00,639.319,641.8902961408284,636.8935815972324,640.451310965986,0,0,558,3.399777236611016,BC_stay_flat,104350.21090000027,104350.21090000027,C
2025-09-03,15:00:00,14:30:00,639.0881,642.064925684271,636.7194375845112,640.3522029119138,0,0,558,3.399777236611016,BC_stay_flat,104350.21090000027,104350.21090000027,C
2025-09-03,15:30:00,15:00:00,639.2626,642.0455980127718,636.7387115183775,640.2806260120107,0,0,558,3.399777236611016,BC_stay_flat,104350.21090000027,104350.21090000027,C
2025-09-03,16:00:00,15:30:00,641.8205,642.0485541905715,636.7357635597778,640.6604367891183,0,0,558,3.399777236611016,session_close_flatten,104350.21090000027,104350.21090000027,C
2025-09-04,10:00:00,09:30:00,643.2351,643.2351,641.9601,643.2351,0,0,540,3.3323747219174957,BC_stay_flat,104350.21090000027,104350.21090000027,C
2025-09-04,10:30:00,10:00:00,643.077,644.214006443719,640.9831339132604,643.1598348448864,0,0,540,3.3323747219174957,BC_stay_flat,104350.21090000027,104350.21090000027,C
2025-09-04,11:00:00,10:30:00,643.8649,644.7632095979785,640.4350193718918,643.341324323006,0,0,540,3.3323747219174957,BC_stay_flat,104350.21090000027,104350.21090000027,C
2025-09-04,11:30:00,11:00:00,644.4682,644.5261321424927,640.6716269000436,643.545817327506,0,0,540,3.3323747219174957,BC_stay_flat,104350.21090000027,104350.21090000027,C
2025-09-04,12:00:00,11:30:00,644.4133,644.5768266250734,640.6210329024415,643.6443057975512,0,0,540,3.3323747219174957,BC_stay_flat,104350.21090000027,104350.21090000027,C
2025-09-04,12:30:00,12:00:00,644.1547,644.7874702861806,640.4108067724483,643.686458324366,0,0,540,3.3323747219174957,BC_stay_flat,104350.21090000027,104350.21090000027,C
2025-09-04,13:00:00,12:30:00,644.1542,644.56722702461,640.6306134748845,643.7209105914333,0,0,540,3.3323747219174957,BC_stay_flat,104350.21090000027,104350.21090000027,C
2025-09-04,13:30:00,13:00:00,645.0902,644.84285845358,640.355528393699,643.8285051136862,1,540,540,3.3323747219174957,BC_enter_long,104347.78090000027,-244000.9270999997,C
2025-09-04,14:00:00,13:30:00,645.3528,644.7985918774881,640.3997072260026,643.9577824345179,1,540,540,3.3323747219174957,BC_hold_long,104489.58490000028,-244000.9270999997,C
2025-09-04,14:30:00,14:00:00,645.4405,644.8020526418752,640.3962533214318,644.0609135207675,1,540,540,3.3323747219174957,BC_hold_long,104536.94290000029,-244000.9270999997,C
2025-09-04,15:00:00,14:30:00,645.8394,645.0002445685706,640.1984542444217,644.1761075336905,1,540,540,3.3323747219174957,BC_hold_long,104752.34890000024,-244000.9270999997,C
2025-09-04,15:30:00,15:00:00,646.0994,644.9916494710644,640.207032305001,644.3591706895097,1,540,540,3.3323747219174957,BC_hold_long,104892.74890000027,-244000.9270999997,C
2025-09-04,16:00:00,15:30:00,647.2554,645.072755933432,640.1260866092638,645.1115512690419,0,0,540,3.3323747219174957,session_close_flatten,105552.2509000003,105552.2509000003,C
2025-09-05,10:00:00,09:30:00,649.2599,649.2599,647.3252,649.2599,0,0,506,3.1174579661532107,BC_stay_flat,105552.2509000003,105552.2509000003,C
2025-09-05,10:30:00,10:00:00,644.7175,650.246990921266,646.3410504660048,646.9705079693601,-1,-506,506,3.1174579661532107,BC_enter_short,105549.97390000027,431777.02890000027,C
2025-09-05,11:00:00,10:30:00,642.4288,650.799345656298,645.7903416676862,645.5433613502554,-1,-506,506,3.1174579661532107,BC_hold_short,106708.05610000028,431777.02890000027,C
2025-09-05,11:30:00,11:00:00,644.434,650.5973490162932,645.9917363871051,645.3463790628678,-1,-506,506,3.1174579661532107,BC_hold_short,105693.42490000027,431777.02890000027,C
2025-09-05,12:00:00,11:30:00,643.9197,650.6978467201112,645.8915381518167,645.1792490458548,-1,-506,506,3.1174579661532107,BC_hold_short,105953.66070000024,431777.02890000027,C
2025-09-05,12:30:00,12:00:00,643.9646,650.8241276623262,645.7656335084289,645.0835300191519,-1,-506,506,3.1174579661532107,BC_hold_short,105930.94130000024,431777.02890000027,C
2025-09-05,13:00:00,12:30:00,644.6526,650.662703982155,645.926576169529,645.0558662651457,-1,-506,506,3.1174579661532107,BC_hold_short,105582.81330000027,431777.02890000027,C
2025-09-05,13:30:00,13:00:00,643.8798,650.9486371868346,645.6414950041807,644.9839173229858,-1,-506,506,3.1174579661532107,BC_hold_short,105973.85010000027,431777.02890000027,C
2025-09-05,14:00:00,13:30:00,643.3574,650.9466511594387,645.6434751135041,644.8845341384475,-1,-506,506,3.1174579661532107,BC_hold_short,106238.18450000026,431777.02890000027,C
2025-09-05,14:30:00,14:00:00,643.9222,650.9992409498778,645.5910420329858,644.8263066925657,-1,-506,506,3.1174579661532107,BC_hold_short,105952.39570000028,431777.02890000027,C
2025-09-05,15:00:00,14:30:00,644.4832,651.192466822195,645.3983919456434,644.8090123964759,-1,-506,506,3.1174579661532107,BC_hold_short,105668.52970000025,431777.02890000027,C
2025-09-05,15:30:00,15:00:00,645.3787,651.1715827393726,645.4192137969387,644.8513193344396,0,0,506,3.1174579661532107,BC_exit_short,105213.12970000028,105213.12970000028,C
2025-09-05,16:00:00,15:30:00,645.4206,651.3418335430456,645.2494703158802,644.935087872234,0,0,506,3.1174579661532107,session_close_flatten,105213.12970000028,105213.12970000028,C
2025-09-08,10:00:00,09:30:00,646.5624,646.5624,645.4504,646.5624,0,0,505,3.1075510213876756,BC_stay_flat,105213.12970000028,105213.12970000028,C
2025-09-08,10:30:00,10:00:00,646.9797,647.814321870987,644.2006312655402,646.715190015553,0,0,505,3.1075510213876756,BC_stay_flat,105213.12970000028,105213.12970000028,C
2025-09-08,11:00:00,10:30:00,647.5546,648.5731167841878,643.4431413771033,646.909372899284,0,0,505,3.1075510213876756,BC_stay_flat,105213.12970000028,105213.12970000028,C
2025-09-08,11:30:00,11:00:00,647.9685,648.2321977715623,643.7834740550734,647.0785647153047,0,0,505,3.1075510213876756,BC_stay_flat,105213.12970000028,105213.12970000028,C
2025-09-08,12:00:00,11:30:00,647.5646,648.3709843423505,643.6449261784417,647.1459352167125,0,0,505,3.1075510213876756,BC_stay_flat,105213.12970000028,105213.12970000028,C
2025-09-08,12:30:00,12:00:00,646.8267,648.4906821198758,643.5254342649267,647.1140335820453,0,0,505,3.1075510213876756,BC_stay_flat,105213.12970000028,105213.12970000028,C
2025-09-08,13:00:00,12:30:00,646.7568,648.2408200836728,643.7748665721753,647.079597811916,0,0,505,3.1075510213876756,BC_stay_flat,105213.12970000028,105213.12970000028,C
2025-09-08,13:30:00,13:00:00,646.717,648.5729999831701,643.4432579772391,647.0549248527717,0,0,505,3.1075510213876756,BC_stay_flat,105213.12970000028,105213.12970000028,C
2025-09-08,14:00:00,13:30:00,645.7853,648.5683422100129,643.4479077396555,646.9743302249656,0,0,505,3.1075510213876756,BC_stay_flat,105213.12970000028,105213.12970000028,C
2025-09-08,14:30:00,14:00:00,646.6122,648.5948904681239,643.4214051409627,646.9428875850167,0,0,505,3.1075510213876756,BC_stay_flat,105213.12970000028,105213.12970000028,C
2025-09-08,15:00:00,14:30:00,646.3978,648.7664321091904,643.2501585283495,646.9053450077085,0,0,505,3.1075510213876756,BC_stay_flat,105213.12970000028,105213.12970000028,C
2025-09-08,15:30:00,15:00:00,645.8194,648.7145922133899,643.3019092665311,646.7930590389747,0,0,505,3.1075510213876756,BC_stay_flat,105213.12970000028,105213.12970000028,C
2025-09-08,16:00:00,15:30:00,647.0361,648.9070021776018,643.1098302214698,646.8540964893899,0,0,505,3.1075510213876756,session_close_flatten,105213.12970000028,105213.12970000028,C
2025-09-09,10:00:00,09:30:00,647.2455,647.2455,647.036,647.2455,0,0,503,3.0985750394184484,BC_stay_flat,105213.12970000028,105213.12970000028,C
2025-09-09,10:30:00,10:00:00,646.9463,648.5156360722286,645.7662750445842,647.0916068080675,0,0,503,3.0985750394184484,BC_stay_flat,105213.12970000028,105213.12970000028,C
2025-09-09,11:00:00,10:30:00,646.5574,649.2947666363319,644.9873966689523,646.907229570031,0,0,503,3.0985750394184484,BC_stay_flat,105213.12970000028,105213.12970000028,C
2025-09-09,11:30:00,11:00:00,646.9563,649.0168824691995,645.2651908907193,646.9150336747051,0,0,503,3.0985750394184484,BC_stay_flat,105213.12970000028,105213.12970000028,C
2025-09-09,12:00:00,11:30:00,646.4876,649.1265745456295,645.1555343193486,646.8648063924409,0,0,503,3.0985750394184484,BC_stay_flat,105213.12970000028,105213.12970000028,C
2025-09-09,12:30:00,12:00:00,647.0606,649.1671358718272,645.1149861220146,646.8858686207966,0,0,503,3.0985750394184484,BC_stay_flat,105213.12970000028,105213.12970000028,C
2025-09-09,13:00:00,12:30:00,647.2355,648.9216120517125,645.3604304711398,646.9133891126576,0,0,503,3.0985750394184484,BC_stay_flat,105213.12970000028,105213.12970000028,C
2025-09-09,13:30:00,13:00:00,647.769,649.2387105837869,645.0434345773108,646.9994020972962,0,0,503,3.0985750394184484,BC_stay_flat,105213.12970000028,105213.12970000028,C
2025-09-09,14:00:00,13:30:00,647.9835,649.305528073685,644.9766387148542,647.0659009031104,0,0,503,3.0985750394184484,BC_stay_flat,105213.12970000028,105213.12970000028,C
2025-09-09,14:30:00,14:00:00,648.0433,649.2829774297614,644.9991820596,647.1298592716886,0,0,503,3.0985750394184484,BC_stay_flat,105213.12970000028,105213.12970000028,C
2025-09-09,15:00:00,14:30:00,648.0532,649.4157945022122,644.8664079772924,647.1924291950921,0,0,503,3.0985750394184484,BC_stay_flat,105213.12970000028,105213.12970000028,C
2025-09-09,15:30:00,15:00:00,648.2676,649.4171301559082,644.8650727559199,647.2705332932394,0,0,503,3.0985750394184484,BC_stay_flat,105213.12970000028,105213.12970000028,C
2025-09-09,16:00:00,15:30:00,648.5718,649.5861668570615,644.6960907684554,647.5113958759639,0,0,503,3.0985750394184484,session_close_flatten,105213.12970000028,105213.12970000028,C
2025-09-10,10:00:00,09:30:00,651.7546,651.7546,648.5319,651.7546,0,0,518,3.2137490527051806,BC_stay_flat,105213.12970000028,105213.12970000028,C
2025-09-10,10:30:00,10:00:00,652.0871,653.0427966094848,647.2500730750763,651.8777828052549,0,0,518,3.2137490527051806,BC_stay_flat,105213.12970000028,105213.12970000028,C
2025-09-10,11:00:00,10:30:00,651.6133,653.7499622449454,646.5464041279298,651.8190325151352,0,0,518,3.2137490527051806,BC_stay_flat,105213.12970000028,105213.12970000028,C
2025-09-10,11:30:00,11:00:00,651.0449,653.4642593047761,646.8306943663471,651.6607587248836,0,0,518,3.2137490527051806,BC_stay_flat,105213.12970000028,105213.12970000028,C
2025-09-10,12:00:00,11:30:00,651.5187,653.547597463498,646.7477682858585,651.6444622907289,0,0,518,3.2137490527051806,BC_stay_flat,105213.12970000028,105213.12970000028,C
2025-09-10,12:30:00,12:00:00,650.8455,653.517905570416,646.7773133628477,651.5891427360782,0,0,518,3.2137490527051806,BC_stay_flat,105213.12970000028,105213.12970000028,C
2025-09-10,13:00:00,12:30:00,651.1047,653.2135563834047,647.0801576488963,651.5568579884148,0,0,518,3.2137490527051806,BC_stay_flat,105213.12970000028,105213.12970000028,C
2025-09-10,13:30:00,13:00:00,650.4716,653.5676269104188,646.7278378775922,651.4768933356567,0,0,518,3.2137490527051806,BC_stay_flat,105213.12970000028,105213.12970000028,C
2025-09-10,14:00:00,13:30:00,650.5064,653.661920210512,646.6340108250992,651.4088751733636,0,0,518,3.2137490527051806,BC_stay_flat,105213.12970000028,105213.12970000028,C
2025-09-10,14:30:00,14:00:00,649.8582,653.5877523028744,646.7078119982083,651.2755202009549,0,0,518,3.2137490527051806,BC_stay_flat,105213.12970000028,105213.12970000028,C
2025-09-10,15:00:00,14:30:00,650.1873,653.7193166358563,646.5768982051319,651.1834575156887,0,0,518,3.2137490527051806,BC_stay_flat,105213.12970000028,105213.12970000028,C
2025-09-10,15:30:00,15:00:00,649.0604,653.7491170289678,646.5472451646081,650.9616852149877,0,0,518,3.2137490527051806,BC_stay_flat,105213.12970000028,105213.12970000028,C
2025-09-10,16:00:00,15:30:00,650.4067,653.9846570670585,646.3128697901512,650.854422456295,0,0,518,3.2137490527051806,session_close_flatten,105213.12970000028,105213.12970000028,C
2025-09-11,10:00:00,09:30:00,653.8023,653.8023,650.4066,653.8023,0,0,524,3.259501176038362,BC_stay_flat,105213.12970000028,105213.12970000028,C
2025-09-11,10:30:00,10:00:00,654.1364,655.0176638983947,649.1975484244431,653.9236350276852,0,0,524,3.259501176038362,BC_stay_flat,105213.12970000028,105213.12970000028,C
2025-09-11,11:00:00,10:30:00,654.8145,655.6574779748761,648.5610573963198,654.1534138087978,0,0,524,3.259501176038362,BC_stay_flat,105213.12970000028,105213.12970000028,C
2025-09-11,11:30:00,11:00:00,655.6323,655.4924738252365,648.7252045520472,654.406064479041,1,524,524,3.259501176038362,BC_enter_long,105210.77170000027,-238340.55349999975,C
2025-09-11,12:00:00,11:30:00,655.3929,655.6082733119948,648.6100065014069,654.5339842249415,0,0,524,3.259501176038362,BC_exit_long,105082.9681000003,105082.9681000003,C
2025-09-11,12:30:00,12:00:00,655.5624,655.480451868306,648.7371640696759,654.626136141045,1,524,524,3.259501176038362,BC_enter_long,105080.61010000028,-238434.08749999973,C
2025-09-11,13:00:00,12:30:00,655.3032,655.2455216538796,648.970874110161,654.6691770483494,1,524,524,3.259501176038362,BC_hold_long,104944.78930000024,-238434.08749999973,C
2025-09-11,13:30:00,13:00:00,655.2982,655.6203354389457,648.5980070223916,654.7120306199447,0,0,524,3.259501176038362,BC_exit_long,104939.81130000025,104939.81130000025,C
2025-09-11,14:00:00,13:30:00,655.7619,655.6675927767775,648.5509951283922,654.7735178108549,1,524,524,3.259501176038362,BC_enter_long,104937.45330000023,-238681.78229999973,C
2025-09-11,14:30:00,14:00:00,655.5126,655.7396121893491,648.4793497682202,654.841322615413,0,0,524,3.259501176038362,BC_exit_long,104804.46210000031,104804.46210000031,C
2025-09-11,15:00:00,14:30:00,655.6871,655.7811157110003,648.4380618063927,654.8974522008403,0,0,524,3.259501176038362,BC_stay_flat,104804.46210000031,104804.46210000031,C
2025-09-11,15:30:00,15:00:00,655.9214,655.7785567682014,648.4406074586265,654.9832394477646,1,524,524,3.259501176038362,BC_enter_long,104802.10410000029,-238900.7094999997,C
2025-09-11,16:00:00,15:30:00,655.8117,655.930127395629,648.2898240544612,655.1728436979514,0,0,524,3.259501176038362,session_close_flatten,104742.21090000031,104742.21090000031,C
2025-09-12,10:00:00,09:30:00,655.8217,655.8217,655.8116,655.8217,0,0,518,3.248939115333916,BC_stay_flat,104742.21090000031,104742.21090000031,C
2025-09-12,10:30:00,10:00:00,656.1409,656.8604258473594,654.7728901495663,655.942763083765,0,0,518,3.248939115333916,BC_stay_flat,104742.21090000031,104742.21090000031,C
2025-09-12,11:00:00,10:30:00,656.5646,657.596536015994,654.0367913174164,656.077634664162,0,0,518,3.248939115333916,BC_stay_flat,104742.21090000031,104742.21090000031,C
2025-09-12,11:30:00,11:00:00,655.8217,657.5279768713987,654.1053494061648,656.0362359438901,0,0,518,3.248939115333916,BC_stay_flat,104742.21090000031,104742.21090000031,C
2025-09-12,12:00:00,11:30:00,655.7818,657.7059053529204,653.9274236648356,656.0025696615,0,0,518,3.248939115333916,BC_stay_flat,104742.21090000031,104742.21090000031,C
2025-09-12,12:30:00,12:00:00,656.2405,657.6193395871264,654.0139880974709,656.0270026324707,0,0,518,3.248939115333916,BC_stay_flat,104742.21090000031,104742.21090000031,C
2025-09-12,13:00:00,12:30:00,656.2605,657.3636403041089,654.2696834425847,656.0507353963094,0,0,518,3.248939115333916,BC_stay_flat,104742.21090000031,104742.21090000031,C
2025-09-12,13:30:00,13:00:00,656.2804,657.7034824768148,653.9298465036276,656.0697403946302,0,0,518,3.248939115333916,BC_stay_flat,104742.21090000031,104742.21090000031,C
2025-09-12,14:00:00,13:30:00,656.5646,657.7734063008943,653.8599237564118,656.109021901085,0,0,518,3.248939115333916,BC_stay_flat,104742.21090000031,104742.21090000031,C
2025-09-12,14:30:00,14:00:00,656.6893,657.8534604018006,653.7798708883809,656.1618708935655,0,0,518,3.248939115333916,BC_stay_flat,104742.21090000031,104742.21090000031,C
2025-09-12,15:00:00,14:30:00,656.9735,657.86901305122,653.7643184784805,656.2592882890893,0,0,518,3.248939115333916,BC_stay_flat,104742.21090000031,104742.21090000031,C
2025-09-12,15:30:00,15:00:00,656.3204,657.8924574534891,653.7408744372675,656.2673144565545,0,0,518,3.248939115333916,BC_stay_flat,104742.21090000031,104742.21090000031,C
2025-09-12,16:00:00,15:30:00,655.5923,658.0639232147598,653.56941131666,656.0755410982579,0,0,518,3.248939115333916,session_close_flatten,104742.21090000031,104742.21090000031,C
2025-09-15,10:00:00,09:30:00,658.8932,658.8932,655.5923,658.8932,0,0,635,4.0,BC_stay_flat,104742.21090000031,104742.21090000031,C
2025-09-15,10:30:00,10:00:00,658.8633,659.5663710953246,654.9225013335738,658.8829957604854,0,0,635,4.0,BC_stay_flat,104742.21090000031,104742.21090000031,C
2025-09-15,11:00:00,10:30:00,659.2023,660.2302324357064,654.2619657824071,658.962094423096,0,0,635,4.0,BC_stay_flat,104742.21090000031,104742.21090000031,C
2025-09-15,11:30:00,11:00:00,658.5392,660.086677089071,654.4048019505112,658.8896430585514,0,0,635,4.0,BC_stay_flat,104742.21090000031,104742.21090000031,C
2025-09-15,12:00:00,11:30:00,658.7785,660.3081534150073,654.1844351688902,658.8770256995322,0,0,635,4.0,BC_stay_flat,104742.21090000031,104742.21090000031,C
2025-09-15,12:30:00,12:00:00,658.7935,660.2954412369379,654.1970836619364,658.8690966513525,0,0,635,4.0,BC_stay_flat,104742.21090000031,104742.21090000031,C
2025-09-15,13:00:00,12:30:00,658.2998,660.0414496151764,654.4498028453966,658.8211150926169,0,0,635,4.0,BC_stay_flat,104742.21090000031,104742.21090000031,C
2025-09-15,13:30:00,13:00:00,657.8959,660.28266329497,654.2097975894197,658.7271693746337,0,0,635,4.0,BC_stay_flat,104742.21090000031,104742.21090000031,C
2025-09-15,14:00:00,13:30:00,658.7635,660.3998278852339,654.0932199662029,658.7302644073472,0,0,635,4.0,BC_stay_flat,104742.21090000031,104742.21090000031,C
2025-09-15,14:30:00,14:00:00,658.0655,660.5164626507271,653.9771695134594,658.6768913091595,0,0,635,4.0,BC_stay_flat,104742.21090000031,104742.21090000031,C
2025-09-15,15:00:00,14:30:00,658.1652,660.5495359254342,653.9442619280818,658.6298515613576,0,0,635,4.0,BC_stay_flat,104742.21090000031,104742.21090000031,C
2025-09-15,15:30:00,15:00:00,658.2051,660.5549484738668,653.9388764952441,658.5980383516476,0,0,635,4.0,BC_stay_flat,104742.21090000031,104742.21090000031,C
2025-09-15,16:00:00,15:30:00,659.0826,660.6916850881497,653.8028248992465,658.6999794974863,0,0,635,4.0,session_close_flatten,104742.21090000031,104742.21090000031,C
2025-09-16,10:00:00,09:30:00,658.3746,659.0826,658.3746,658.3746,0,0,636,4.0,BC_stay_flat,104742.21090000031,104742.21090000031,C
2025-09-16,10:30:00,10:00:00,658.0854,659.7427591454607,657.7151500109863,658.2539758212074,0,0,636,4.0,BC_stay_flat,104742.21090000031,104742.21090000031,C
2025-09-16,11:00:00,10:30:00,658.0655,660.4391783950742,657.0194788691649,658.2209326187894,0,0,636,4.0,BC_stay_flat,104742.21090000031,104742.21090000031,C
2025-09-16,11:30:00,11:00:00,657.7776,660.2600690651053,657.1983957962308,658.1512473426153,0,0,636,4.0,BC_stay_flat,104742.21090000031,104742.21090000031,C
2025-09-16,12:00:00,11:30:00,657.8312,660.4608553390336,656.9978252110218,658.1109853792824,0,0,636,4.0,BC_stay_flat,104742.21090000031,104742.21090000031,C
2025-09-16,12:30:00,12:00:00,658.0555,660.4507237155209,657.0079459509376,658.1071137053956,0,0,636,4.0,BC_stay_flat,104742.21090000031,104742.21090000031,C
2025-09-16,13:00:00,12:30:00,658.0804,660.2264532513163,657.2319754992255,658.1050929710951,0,0,636,4.0,BC_stay_flat,104742.21090000031,104742.21090000031,C
2025-09-16,13:30:00,13:00:00,658.4537,660.5210725435087,656.9376726930986,658.1274324532694,0,0,636,4.0,BC_stay_flat,104742.21090000031,104742.21090000031,C
2025-09-16,14:00:00,13:30:00,658.3547,660.5876010804129,656.8712156225085,658.1415438220627,0,0,636,4.0,BC_stay_flat,104742.21090000031,104742.21090000031,C
2025-09-16,14:30:00,14:00:00,658.3796,660.7552398286908,656.7037569552006,658.1553195864849,0,0,636,4.0,BC_stay_flat,104742.21090000031,104742.21090000031,C
2025-09-16,15:00:00,14:30:00,658.7735,660.7636667159273,656.6953391202984,658.1991088687412,0,0,636,4.0,BC_stay_flat,104742.21090000031,104742.21090000031,C
2025-09-16,15:30:00,15:00:00,658.3397,660.7464996190904,656.7124877758889,658.2113101001859,0,0,636,4.0,BC_stay_flat,104742.21090000031,104742.21090000031,C
2025-09-16,16:00:00,15:30:00,658.1154,660.7585018147213,656.700498473262,658.1879261036468,0,0,636,4.0,session_close_flatten,104742.21090000031,104742.21090000031,C
2025-09-17,10:00:00,09:30:00,658.0904,658.1751,658.0904,658.0904,0,0,636,4.0,BC_stay_flat,104742.21090000031,104742.21090000031,C
2025-09-17,10:30:00,10:00:00,657.3475,658.8126121766903,657.4529698642154,657.794380135942,-1,-636,636,4.0,BC_enter_short,104739.34890000027,522812.3589000002,C
2025-09-17,11:00:00,10:30:00,657.5369,659.5379777787128,656.7276976088822,657.7403059139469,0,0,636,4.0,BC_exit_short,104616.02850000028,104616.02850000028,C
2025-09-17,11:30:00,11:00:00,657.1231,659.3891825508995,656.8764736883628,657.6671468021257,0,0,636,4.0,BC_stay_flat,104616.02850000028,104616.02850000028,C
2025-09-17,12:00:00,11:30:00,657.4472,659.5690400080988,656.6966393768683,657.6462091513347,0,0,636,4.0,BC_stay_flat,104616.02850000028,104616.02850000028,C
2025-09-17,12:30:00,12:00:00,657.0882,659.5026594480618,656.763011394447,657.6073760278853,0,0,636,4.0,BC_stay_flat,104616.02850000028,104616.02850000028,C
2025-09-17,13:00:00,12:30:00,656.4899,659.2805078011911,656.9851344528091,657.4844969174304,-1,-636,636,4.0,BC_enter_short,104613.16650000022,522140.74290000024,C
2025-09-17,13:30:00,13:00:00,656.8508,659.5411427285694,656.7245330663205,657.4360242239989,0,0,636,4.0,BC_exit_short,104380.7721000002,104380.7721000002,C
2025-09-17,14:00:00,13:30:00,657.8561,659.6520148232075,656.6136752397189,657.4768639540879,0,0,636,4.0,BC_stay_flat,104380.7721000002,104380.7721000002,C
2025-09-17,14:30:00,14:00:00,658.5342,659.7704227470198,656.4952825537227,657.8375662205343,0,0,636,4.0,BC_stay_flat,104380.7721000002,104380.7721000002,C
2025-09-17,15:00:00,14:30:00,655.8915,659.7813572648569,656.4843494430396,657.2574334103865,-1,-636,636,4.0,BC_enter_short,104377.91010000015,521524.9041000001,C
2025-09-17,15:30:00,15:00:00,658.245,659.6891996936127,656.5764951546033,657.4262513614963,0,0,636,4.0,BC_exit_short,102878.2221000001,102878.2221000001,C
2025-09-17,16:00:00,15:30:00,657.3574,659.6820772148911,656.5836167167392,657.4149979748795,0,0,636,4.0,session_close_flatten,102878.2221000001,102878.2221000001,C
2025-09-18,10:00:00,09:30:00,660.2594,660.2594,657.3574,660.2594,0,0,623,4.0,BC_stay_flat,102878.2221000001,102878.2221000001,C
2025-09-18,10:30:00,10:00:00,662.6528,660.8942539276488,656.7253364091462,661.192116770086,1,623,623,4.0,BC_enter_long,102875.41860000009,-309957.2757999999,C
2025-09-18,11:00:00,10:30:00,660.9276,661.5992122690317,656.0234765304383,661.1351063023208,0,0,623,4.0,BC_exit_long,101797.81550000013,101797.81550000013,C
2025-09-18,11:30:00,11:00:00,661.5558,661.475210691003,656.1469330914941,661.1944033956331,1,623,623,4.0,BC_enter_long,101795.01200000016,-310354.25139999983,C
2025-09-18,12:00:00,11:30:00,660.7281,661.6152409921872,656.0075182574037,661.1508468341913,0,0,623,4.0,BC_exit_long,101276.55140000021,101276.55140000021,C
2025-09-18,12:30:00,12:00:00,661.6455,661.6182233711543,656.0045489867146,661.1857572281034,1,623,623,4.0,BC_enter_long,101273.74790000025,-310931.3985999997,C
2025-09-18,13:00:00,12:30:00,662.1442,661.4133942018298,656.2084778822235,661.2479373511404,1,623,623,4.0,BC_hold_long,101584.43800000026,-310931.3985999997,C
2025-09-18,13:30:00,13:00:00,661.486,661.6365693422787,655.9862836505773,661.2619506217634,0,0,623,4.0,BC_exit_long,101171.57590000027,101171.57590000027,C
2025-09-18,14:00:00,13:30:00,660.9276,661.6538295080428,655.9690993474227,661.2403492631661,0,0,623,4.0,BC_stay_flat,101171.57590000027,101171.57590000027,C
2025-09-18,14:30:00,14:00:00,660.9674,661.7525449910232,655.8708177429022,661.2264386941014,0,0,623,4.0,BC_stay_flat,101171.57590000027,101171.57590000027,C
2025-09-18,15:00:00,14:30:00,661.4261,661.9046372660805,655.7193939502357,661.2381328637456,0,0,623,4.0,BC_stay_flat,101171.57590000027,101171.57590000027,C
2025-09-18,15:30:00,15:00:00,660.8478,661.6898028941083,655.933284073103,661.2063781751798,0,0,623,4.0,BC_stay_flat,101171.57590000027,101171.57590000027,C
2025-09-18,16:00:00,15:30:00,660.429,661.7328804005607,655.8903959027261,661.0424395522565,0,0,623,4.0,session_close_flatten,101171.57590000027,101171.57590000027,C
2025-09-19,10:00:00,09:30:00,662.125,662.125,660.4288,662.125,0,0,611,4.0,BC_stay_flat,101171.57590000027,101171.57590000027,C
2025-09-19,10:30:00,10:00:00,661.875,662.930893045046,659.6249714530217,662.0536805234951,0,0,611,4.0,BC_stay_flat,101171.57590000027,101171.57590000027,C
2025-09-19,11:00:00,10:30:00,661.6,663.4567956460643,659.1004160840092,661.9491416938387,0,0,611,4.0,BC_stay_flat,101171.57590000027,101171.57590000027,C
2025-09-19,11:30:00,11:00:00,660.7,663.4217287681926,659.1353931292387,661.7473804790966,0,0,611,4.0,BC_stay_flat,101171.57590000027,101171.57590000027,C
2025-09-19,12:00:00,11:30:00,661.59,663.4445218228199,659.1126584647631,661.7282113795985,0,0,611,4.0,BC_stay_flat,101171.57590000027,101171.57590000027,C
2025-09-19,12:30:00,12:00:00,662.46,663.4332193154299,659.1239320179328,661.8243884034403,0,0,611,4.0,BC_stay_flat,101171.57590000027,101171.57590000027,C
2025-09-19,13:00:00,12:30:00,662.515,663.2986737290271,659.2581329319195,661.8836066943301,0,0,611,4.0,BC_stay_flat,101171.57590000027,101171.57590000027,C
2025-09-19,13:30:00,13:00:00,662.46,663.4423869657012,659.1147878529074,661.9174370961894,0,0,611,4.0,BC_stay_flat,101171.57590000027,101171.57590000027,C
2025-09-19,14:00:00,13:30:00,662.7,663.4016685592109,659.1554019489411,661.9730905765377,0,0,611,4.0,BC_stay_flat,101171.57590000027,101171.57590000027,C
2025-09-19,14:30:00,14:00:00,662.525,663.4834735592586,659.0738065130105,662.0229798064477,0,0,611,4.0,BC_stay_flat,101171.57590000027,101171.57590000027,C
2025-09-19,15:00:00,14:30:00,663.07,663.6447086539854,658.9129844625998,662.0999277708704,0,0,611,4.0,BC_stay_flat,101171.57590000027,101171.57590000027,C
2025-09-19,15:30:00,15:00:00,663.85,663.3911320613562,659.1659114549021,662.3230901225458,1,611,611,4.0,BC_enter_long,101168.82640000031,-304443.5235999997,C
2025-09-19,16:00:00,15:30:00,663.62,663.4044132239704,659.1526643153319,662.6711735178353,0,0,611,4.0,session_close_flatten,101074.42690000028,101074.42690000028,C
2025-09-22,10:00:00,09:30:00,663.43,663.7,663.43,663.43,0,0,609,4.0,BC_stay_flat,101074.42690000028,101074.42690000028,C
2025-09-22,10:30:00,10:00:00,664.07,664.4616298969936,662.6686799418978,663.6746474391712,0,0,609,4.0,BC_stay_flat,101074.42690000028,101074.42690000028,C
2025-09-22,11:00:00,10:30:00,664.96,664.9431044849435,662.1874012227721,664.0097327709939,1,609,609,4.0,BC_enter_long,101071.6864000003,-303888.9535999997,C
2025-09-22,11:30:00,11:00:00,664.93,665.024107340067,662.106431320445,664.1722622081414,0,0,609,4.0,BC_exit_long,101050.67590000028,101050.67590000028,C
2025-09-22,12:00:00,11:30:00,664.585,664.9333586111703,662.1971431318235,664.2204298343892,0,0,609,4.0,BC_stay_flat,101050.67590000028,101050.67590000028,C
2025-09-22,12:30:00,12:00:00,665.855,664.9407546710611,662.1897500807262,664.5244392677093,1,609,609,4.0,BC_enter_long,101047.93540000025,-304457.75959999976,C
2025-09-22,13:00:00,12:30:00,666.405,664.8458179619219,662.2846481686337,664.7639003667483,1,609,609,4.0,BC_hold_long,101382.8854000002,-304457.75959999976,C
2025-09-22,13:30:00,13:00:00,666.49,664.9337861040457,662.1967158128566,664.8843020366612,1,609,609,4.0,BC_hold_long,101434.65040000028,-304457.75959999976,C
2025-09-22,14:00:00,13:30:00,666.36,664.9578994491351,662.1726122773244,664.990212220542,1,609,609,4.0,BC_hold_long,101355.48040000023,-304457.75959999976,C
2025-09-22,14:30:00,14:00:00,666.55,665.0016593403071,662.1288701881272,665.1340008774116,1,609,609,4.0,BC_hold_long,101471.1904000002,-304457.75959999976,C
2025-09-22,15:00:00,14:30:00,666.78,665.2162551332423,661.9143616949723,665.2267205725581,1,609,609,4.0,BC_hold_long,101611.2604000002,-304457.75959999976,C
2025-09-22,15:30:00,15:00:00,667.135,665.0289396746285,662.1016009517268,665.3556587677829,1,609,609,4.0,BC_hold_long,101827.45540000021,-304457.75959999976,C
2025-09-22,16:00:00,15:30:00,666.84,665.0639778121706,662.0665770680604,665.6360422168623,0,0,609,4.0,session_close_flatten,101645.05990000024,101645.05990000024,C
2025-09-23,10:00:00,09:30:00,666.78,666.84,666.78,666.78,0,0,609,4.0,BC_stay_flat,101645.05990000024,101645.05990000024,C
2025-09-23,10:30:00,10:00:00,666.6101,667.6496882902978,665.9703845627066,666.7103009467002,0,0,609,4.0,BC_stay_flat,101645.05990000024,101645.05990000024,C
2025-09-23,11:00:00,10:30:00,666.35,668.0736736890399,665.5464373127318,666.6324103147758,0,0,609,4.0,BC_stay_flat,101645.05990000024,101645.05990000024,C
2025-09-23,11:30:00,11:00:00,666.16,668.067230004115,665.5528804178756,666.5667535680964,0,0,609,4.0,BC_stay_flat,101645.05990000024,101645.05990000024,C
2025-09-23,12:00:00,11:30:00,665.5707,667.8536830173103,665.7664081904472,666.4333937220327,-1,-609,609,4.0,BC_enter_short,101642.31940000021,506974.8757000002,C
2025-09-23,12:30:00,12:00:00,665.23,667.9843296971103,665.6357732657921,666.2458843011512,-1,-609,609,4.0,BC_hold_short,101849.8057000002,506974.8757000002,C
2025-09-23,13:00:00,12:30:00,665.14,668.0245367056489,665.5955698749436,666.0967002288438,-1,-609,609,4.0,BC_hold_short,101904.6157000002,506974.8757000002,C
2025-09-23,13:30:00,13:00:00,663.61,668.1726943704258,665.4474255408905,665.78006045688,-1,-609,609,4.0,BC_hold_short,102836.38570000022,506974.8757000002,C
2025-09-23,14:00:00,13:30:00,663.21,668.2374788013836,665.3826469390161,665.2666509546187,-1,-609,609,4.0,BC_hold_short,103079.9857000002,506974.8757000002,C
2025-09-23,14:30:00,14:00:00,662.67,668.2511283292765,665.3689986392613,665.0226014605645,-1,-609,609,4.0,BC_hold_short,103408.84570000024,506974.8757000002,C
2025-09-23,15:00:00,14:30:00,662.12,668.5123065998511,665.107843868621,664.7864244141533,-1,-609,609,4.0,BC_hold_short,103743.79570000019,506974.8757000002,C
2025-09-23,15:30:00,15:00:00,662.39,668.4259596170758,665.1941830821879,664.6011348931949,-1,-609,609,4.0,BC_hold_short,103579.3657000002,506974.8757000002,C
2025-09-23,16:00:00,15:30:00,663.21,668.3781399538992,665.2419984427136,664.3281036984904,0,0,609,4.0,session_close_flatten,103077.2452000002,103077.2452000002,C
2025-09-24,10:00:00,09:30:00,663.015,663.21,663.015,663.015,0,0,621,4.0,BC_stay_flat,103077.2452000002,103077.2452000002,C
2025-09-24,10:30:00,10:00:00,663.17,664.0007902229568,662.2244422887567,663.0728265283983,0,0,621,4.0,BC_stay_flat,103077.2452000002,103077.2452000002,C
2025-09-24,11:00:00,10:30:00,663.02,664.3247433247136,661.9005844371543,663.0617510336609,0,0,621,4.0,BC_stay_flat,103077.2452000002,103077.2452000002,C
2025-09-24,11:30:00,11:00:00,662.665,664.4454547458264,661.7799085081587,663.0068802680489,0,0,621,4.0,BC_stay_flat,103077.2452000002,103077.2452000002,C
2025-09-24,12:00:00,11:30:00,660.38,664.2845263752139,661.9407895618848,662.418819308376,-1,-621,621,4.0,BC_enter_short,103074.45070000016,513170.43070000014,C
2025-09-24,12:30:00,12:00:00,660.92,664.4298110881626,661.7955475662036,662.0971045005855,-1,-621,621,4.0,BC_hold_short,102739.1107000002,513170.43070000014,C
2025-09-24,13:00:00,12:30:00,660.51,664.4876317112887,661.7377439437583,661.9733619746368,-1,-621,621,4.0,BC_hold_short,102993.72070000012,513170.43070000014,C
2025-09-24,13:30:00,13:00:00,661.38,664.7459030548458,661.4795485383082,661.9243020087907,-1,-621,621,4.0,BC_hold_short,102453.45070000016,513170.43070000014,C
2025-09-24,14:00:00,13:30:00,660.54,664.7735044743304,661.4519552343177,661.8005180604221,-1,-621,621,4.0,BC_hold_short,102975.09070000018,513170.43070000014,C
2025-09-24,14:30:00,14:00:00,660.39,664.8343600021175,661.3911175995479,661.6787652466306,-1,-621,621,4.0,BC_hold_short,103068.24070000014,513170.43070000014,C
2025-09-24,15:00:00,14:30:00,661.1125,665.116108389489,661.1094520531099,661.6377631146008,0,0,621,4.0,BC_exit_short,102616.77370000015,102616.77370000015,C
2025-09-24,15:30:00,15:00:00,660.8025,665.0239596534296,661.2015736951815,661.5900670079808,-1,-621,621,4.0,BC_enter_short,102613.97920000012,512972.3317000001,C
2025-09-24,16:00:00,15:30:00,661.1,664.8794104694238,661.3460803781835,661.5004494937973,0,0,621,4.0,session_close_flatten,102426.43720000006,102426.43720000006,C
2025-09-25,10:00:00,09:30:00,655.99,661.1,655.99,655.99,0,0,624,4.0,BC_stay_flat,102426.43720000006,102426.43720000006,C
2025-09-25,10:30:00,10:00:00,658.52,661.8877072782293,655.2083813380038,656.9893642299088,0,0,624,4.0,BC_stay_flat,102426.43720000006,102426.43720000006,C
2025-09-25,11:00:00,10:30:00,658.78,662.1653177588181,654.9329166591938,657.267796993982,0,0,624,4.0,BC_stay_flat,102426.43720000006,102426.43720000006,C
2025-09-25,11:30:00,11:00:00,657.5283,662.26592712041,654.8330849618551,657.3085810990118,0,0,624,4.0,BC_stay_flat,102426.43720000006,102426.43720000006,C
2025-09-25,12:00:00,11:30:00,658.91,662.2722839537041,654.8267772639686,657.508329210329,0,0,624,4.0,BC_stay_flat,102426.43720000006,102426.43720000006,C
2025-09-25,12:30:00,12:00:00,658.055,662.3976308670772,654.7023992247861,657.5505698091015,0,0,624,4.0,BC_stay_flat,102426.43720000006,102426.43720000006,C
2025-09-25,13:00:00,12:30:00,657.775,662.4845053680644,654.6161962238745,657.5662171375741,0,0,624,4.0,BC_stay_flat,102426.43720000006,102426.43720000006,C
2025-09-25,13:30:00,13:00:00,657.24,662.6112776529745,654.4904038306237,657.5398171088322,0,0,624,4.0,BC_stay_flat,102426.43720000006,102426.43720000006,C
2025-09-25,14:00:00,13:30:00,655.565,662.6793398647507,654.4228677085497,657.3888291420316,0,0,624,4.0,BC_stay_flat,102426.43720000006,102426.43720000006,C
2025-09-25,14:30:00,14:00:00,656.969,662.7442468533858,654.3584624211882,657.32899568395,0,0,624,4.0,BC_stay_flat,102426.43720000006,102426.43720000006,C
2025-09-25,15:00:00,14:30:00,657.8,662.9443565705482,654.1598994604236,657.3678435698446,0,0,624,4.0,BC_stay_flat,102426.43720000006,102426.43720000006,C
2025-09-25,15:30:00,15:00:00,657.47,662.8554926843677,654.2480764694927,657.3738263538249,0,0,624,4.0,BC_stay_flat,102426.43720000006,102426.43720000006,C
2025-09-25,16:00:00,15:30:00,658.05,662.605350032417,654.496285633391,657.4600846495674,0,0,624,4.0,session_close_flatten,102426.43720000006,102426.43720000006,C
2025-09-26,10:00:00,09:30:00,661.83,661.83,658.05,661.83,0,0,619,4.0,BC_stay_flat,102426.43720000006,102426.43720000006,C
2025-09-26,10:30:00,10:00:00,658.69,662.4701613414999,657.4134948993336,660.4590793263411,0,0,619,4.0,BC_stay_flat,102426.43720000006,102426.43720000006,C
2025-09-26,11:00:00,10:30:00,658.45,662.600171502879,657.284227282732,660.0717183227825,0,0,619,4.0,BC_stay_flat,102426.43720000006,102426.43720000006,C
2025-09-26,11:30:00,11:00:00,659.89,662.7566904337995,657.128602299742,660.0502047102979,0,0,619,4.0,BC_stay_flat,102426.43720000006,102426.43720000006,C
2025-09-26,12:00:00,11:30:00,658.7156,662.8251788221672,657.0605050784535,659.9100711451177,0,0,619,4.0,BC_stay_flat,102426.43720000006,102426.43720000006,C
2025-09-26,12:30:00,12:00:00,660.43,662.8923182598692,656.9937491033847,659.9587606041032,0,0,619,4.0,BC_stay_flat,102426.43720000006,102426.43720000006,C
2025-09-26,13:00:00,12:30:00,661.29,663.009204933222,656.877530020841,660.0693652121738,0,0,619,4.0,BC_stay_flat,102426.43720000006,102426.43720000006,C
2025-09-26,13:30:00,13:00:00,661.63,663.041294002989,656.8456242257575,660.1764323731786,0,0,619,4.0,BC_stay_flat,102426.43720000006,102426.43720000006,C
2025-09-26,14:00:00,13:30:00,661.33,663.0119414680942,656.874809115514,660.2510630937821,0,0,619,4.0,BC_stay_flat,102426.43720000006,102426.43720000006,C
2025-09-26,14:30:00,14:00:00,661.77,663.1579677659839,656.7296168375478,660.3658281509562,0,0,619,4.0,BC_stay_flat,102426.43720000006,102426.43720000006,C
2025-09-26,15:00:00,14:30:00,661.895,663.4590312604685,656.430272848086,660.4595140957531,0,0,619,4.0,BC_stay_flat,102426.43720000006,102426.43720000006,C
2025-09-26,15:30:00,15:00:00,661.59,663.4114906504951,656.4775419328855,660.5153005669875,0,0,619,4.0,BC_stay_flat,102426.43720000006,102426.43720000006,C
2025-09-26,16:00:00,15:30:00,661.82,663.205919979179,656.6819385003721,660.7429127337222,0,0,619,4.0,session_close_flatten,102426.43720000006,102426.43720000006,C
2025-09-29,10:00:00,09:30:00,664.61,664.61,661.82,664.61,0,0,616,4.0,BC_stay_flat,102426.43720000006,102426.43720000006,C
2025-09-29,10:30:00,10:00:00,664.76,665.4474389891324,660.9860765384399,664.6692887548725,0,0,616,4.0,BC_stay_flat,102426.43720000006,102426.43720000006,C
2025-09-29,11:00:00,10:30:00,664.47,665.5529996004382,660.8809590653739,664.6284895526322,0,0,616,4.0,BC_stay_flat,102426.43720000006,102426.43720000006,C
2025-09-29,11:30:00,11:00:00,663.525,665.5764972751062,660.8575600327849,664.3839774410075,0,0,616,4.0,BC_stay_flat,102426.43720000006,102426.43720000006,C
2025-09-29,12:00:00,11:30:00,663.33,665.7591667159619,660.6756574292324,664.2211378797347,0,0,616,4.0,BC_stay_flat,102426.43720000006,102426.43720000006,C
2025-09-29,12:30:00,12:00:00,663.475,665.7577950159916,660.6770233708738,664.1473547820136,0,0,616,4.0,BC_stay_flat,102426.43720000006,102426.43720000006,C
2025-09-29,13:00:00,12:30:00,663.065,665.818618291821,660.6164554281564,664.0811173429294,0,0,616,4.0,BC_stay_flat,102426.43720000006,102426.43720000006,C
2025-09-29,13:30:00,13:00:00,662.56,665.8293766353679,660.6057422476052,663.9448747859057,0,0,616,4.0,BC_stay_flat,102426.43720000006,102426.43720000006,C
2025-09-29,14:00:00,13:30:00,662.96,665.7757139630407,660.6591796466806,663.8551781169749,0,0,616,4.0,BC_stay_flat,102426.43720000006,102426.43720000006,C
2025-09-29,14:30:00,14:00:00,663.4601,665.9441931430075,660.4914077340017,663.8240276138835,0,0,616,4.0,BC_stay_flat,102426.43720000006,102426.43720000006,C
2025-09-29,15:00:00,14:30:00,663.34,666.238451002117,660.1983851548713,663.7890991524179,0,0,616,4.0,BC_stay_flat,102426.43720000006,102426.43720000006,C
2025-09-29,15:30:00,15:00:00,662.64,666.1607957069576,660.2757144569316,663.632747516093,0,0,616,4.0,BC_stay_flat,102426.43720000006,102426.43720000006,C
2025-09-29,16:00:00,15:30:00,663.68,665.9576366059322,660.4780207060712,663.6429846485817,0,0,616,4.0,session_close_flatten,102426.43720000006,102426.43720000006,C
2025-09-30,10:00:00,09:30:00,663.065,663.68,663.065,663.065,0,0,617,4.0,BC_stay_flat,102426.43720000006,102426.43720000006,C
2025-09-30,10:30:00,10:00:00,662.89,664.5050523595678,662.2407121763548,662.9925861339839,0,0,617,4.0,BC_stay_flat,102426.43720000006,102426.43720000006,C
2025-09-30,11:00:00,10:30:00,663.23,664.5812680623641,662.1645670989462,663.0577626245248,0,0,617,4.0,BC_stay_flat,102426.43720000006,102426.43720000006,C
2025-09-30,11:30:00,11:00:00,662.19,664.7013547344721,662.0445917053207,662.9008251172735,0,0,617,4.0,BC_stay_flat,102426.43720000006,102426.43720000006,C
2025-09-30,12:00:00,11:30:00,663.0019,664.8633490030261,661.8827475489821,662.9149137893073,0,0,617,4.0,BC_stay_flat,102426.43720000006,102426.43720000006,C
2025-09-30,12:30:00,12:00:00,663.41,664.8936043796595,661.8525202085359,662.9648515418271,0,0,617,4.0,BC_stay_flat,102426.43720000006,102426.43720000006,C
2025-09-30,13:00:00,12:30:00,662.78,664.9963973476091,661.7498224938338,662.951523154906,0,0,617,4.0,BC_stay_flat,102426.43720000006,102426.43720000006,C
2025-09-30,13:30:00,13:00:00,662.06,665.0055516965944,661.7406766277388,662.861834461647,0,0,617,4.0,BC_stay_flat,102426.43720000006,102426.43720000006,C
2025-09-30,14:00:00,13:30:00,662.51,664.9077222054448,661.8384154650536,662.830868137956,0,0,617,4.0,BC_stay_flat,102426.43720000006,102426.43720000006,C
2025-09-30,14:30:00,14:00:00,663.8499,665.0359143003511,661.7103421595314,662.953682993713,0,0,617,4.0,BC_stay_flat,102426.43720000006,102426.43720000006,C
2025-09-30,15:00:00,14:30:00,664.43,665.3376018685185,661.4089341505708,663.0732006190672,0,0,617,4.0,BC_stay_flat,102426.43720000006,102426.43720000006,C
2025-09-30,15:30:00,15:00:00,665.405,665.2942821342879,661.452213742509,663.3506120024131,1,617,617,4.0,BC_enter_long,102423.66070000007,-308131.22429999994,C
2025-09-30,16:00:00,15:30:00,666.205,664.9949452608889,661.7512732349758,664.3110629806533,0,0,617,4.0,session_close_flatten,102899.05920000005,102899.05920000005,C
2025-10-01,10:00:00,09:30:00,663.6824,666.18,663.6824,663.6824,0,0,620,4.0,BC_stay_flat,102899.05920000005,102899.05920000005,C
2025-10-01,10:30:00,10:00:00,665.585,666.9964432897193,662.8690176679204,664.2852161690919,0,0,620,4.0,BC_stay_flat,102899.05920000005,102899.05920000005,C
2025-10-01,11:00:00,10:30:00,665.81,667.0861878650626,662.7796095572734,664.6074511347267,0,0,620,4.0,BC_stay_flat,102899.05920000005,102899.05920000005,C
2025-10-01,11:30:00,11:00:00,666.328,667.216180817093,662.6501039666123,664.8621233969766,0,0,620,4.0,BC_stay_flat,102899.05920000005,102899.05920000005,C
2025-10-01,12:00:00,11:30:00,667.0,667.3551119043555,662.5116937510114,665.1469543207426,0,0,620,4.0,BC_stay_flat,102899.05920000005,102899.05920000005,C
2025-10-01,12:30:00,12:00:00,666.9,667.3565615547732,662.5102495355316,665.2822098543492,0,0,620,4.0,BC_stay_flat,102899.05920000005,102899.05920000005,C
2025-10-01,13:00:00,12:30:00,666.91,667.4743599486667,662.3928927839398,665.3913972891789,0,0,620,4.0,BC_stay_flat,102899.05920000005,102899.05920000005,C
2025-10-01,13:30:00,13:00:00,667.9987,667.4889966351872,662.3783109723604,665.6464478720545,1,620,620,4.0,BC_enter_long,102896.26920000004,-311262.9248,C
2025-10-01,14:00:00,13:30:00,667.952,667.3610455031164,662.5057823981244,665.7691819373092,1,620,620,4.0,BC_hold_long,102867.31520000001,-311262.9248,C
2025-10-01,14:30:00,14:00:00,668.76,667.458894290074,662.4083004596616,666.0222377422211,1,620,620,4.0,BC_hold_long,103368.27520000003,-311262.9248,C
2025-10-01,15:00:00,14:30:00,669.1,667.8273760827067,662.0412001557037,666.2224737749019,1,620,620,4.0,BC_hold_long,103579.07520000002,-311262.9248,C
2025-10-01,15:30:00,15:00:00,669.1,667.7715887795686,662.0967783046066,666.4466376655673,1,620,620,4.0,BC_hold_long,103579.07520000002,-311262.9248,C
2025-10-01,16:00:00,15:30:00,668.5001,667.6268283557323,662.2409960018007,666.8783427644926,0,0,620,4.0,session_close_flatten,103173.28520000003,103173.28520000003,C
2025-10-02,10:00:00,09:30:00,669.3,669.3,668.45,669.3,0,0,616,4.0,BC_stay_flat,103173.28520000003,103173.28520000003,C
2025-10-02,10:30:00,10:00:00,668.735,670.2328873689409,667.5182973826857,669.1119323566038,0,0,616,4.0,BC_stay_flat,103173.28520000003,103173.28520000003,C
2025-10-02,11:00:00,10:30:00,667.56,670.2896758852651,667.4615809868438,668.7705775357753,0,0,616,4.0,BC_stay_flat,103173.28520000003,103173.28520000003,C
2025-10-02,11:30:00,11:00:00,667.61,670.3977918921689,667.3536022854919,668.5650387989332,0,0,616,4.0,BC_stay_flat,103173.28520000003,103173.28520000003,C
2025-10-02,12:00:00,11:30:00,668.305,670.6032852754314,667.1483698754487,668.5350823935584,0,0,616,4.0,BC_stay_flat,103173.28520000003,103173.28520000003,C
2025-10-02,12:30:00,12:00:00,668.1353,670.5851442687942,667.1664878433056,668.5038689431337,0,0,616,4.0,BC_stay_flat,103173.28520000003,103173.28520000003,C
2025-10-02,13:00:00,12:30:00,668.37,670.7231678410484,667.0286395587199,668.4946761501652,0,0,616,4.0,BC_stay_flat,103173.28520000003,103173.28520000003,C
2025-10-02,13:30:00,13:00:00,668.495,670.8166611910033,666.935264943783,668.4946976086501,0,0,616,4.0,BC_stay_flat,103173.28520000003,103173.28520000003,C
2025-10-02,14:00:00,13:30:00,668.895,670.6508403240366,667.1008752209736,668.5268494758633,0,0,616,4.0,BC_stay_flat,103173.28520000003,103173.28520000003,C
2025-10-02,14:30:00,14:00:00,669.56,670.8255794165535,666.9263580442325,668.6080084240058,0,0,616,4.0,BC_stay_flat,103173.28520000003,103173.28520000003,C
2025-10-02,15:00:00,14:30:00,669.42,671.2075185008035,666.5449040163423,668.6597326489401,0,0,616,4.0,BC_stay_flat,103173.28520000003,103173.28520000003,C
2025-10-02,15:30:00,15:00:00,669.45,671.1343375054596,666.617992073025,668.7089076291383,0,0,616,4.0,BC_stay_flat,103173.28520000003,103173.28520000003,C
2025-10-02,16:00:00,15:30:00,669.22,670.9537078648128,666.7983923169968,668.8288314628929,0,0,616,4.0,session_close_flatten,103173.28520000003,103173.28520000003,C
2025-10-03,10:00:00,09:30:00,670.67,670.67,669.22,670.67,0,0,615,4.0,BC_stay_flat,103173.28520000003,103173.28520000003,C
2025-10-03,10:30:00,10:00:00,671.365,671.6219204510147,668.2701376172662,670.9733479615226,0,0,615,4.0,BC_stay_flat,103173.28520000003,103173.28520000003,C
2025-10-03,11:00:00,10:30:00,672.1,671.7319760825764,668.1603199278605,671.2489769011438,1,615,615,4.0,BC_enter_long,103170.51770000003,-310170.9823,C
2025-10-03,11:30:00,11:00:00,671.76,671.8910003560748,668.0016394675587,671.3301122673142,0,0,615,4.0,BC_exit_long,102958.65020000005,102958.65020000005,C
2025-10-03,12:00:00,11:30:00,672.51,672.0442553687668,667.8487157948227,671.5156307175797,1,615,615,4.0,BC_enter_long,102955.88270000002,-310637.7673,C
2025-10-03,12:30:00,12:00:00,672.43,672.0105464274973,667.8823518567852,671.5938959404872,1,615,615,4.0,BC_hold_long,102906.68269999995,-310637.7673,C
2025-10-03,13:00:00,12:30:00,672.2,672.130593006084,667.7625648209529,671.637220378156,1,615,615,4.0,BC_hold_long,102765.2327,-310637.7673,C
2025-10-03,13:30:00,13:00:00,670.265,672.2138772707067,667.6794606183336,671.3764362947201,0,0,615,4.0,BC_exit_long,101572.44019999997,101572.44019999997,C
2025-10-03,14:00:00,13:30:00,669.24,671.9983274633489,667.8945444033245,670.9869267318463,0,0,615,4.0,BC_stay_flat,101572.44019999997,101572.44019999997,C
2025-10-03,14:30:00,14:00:00,670.55,672.153937081518,667.7392712158088,670.9254895681414,0,0,615,4.0,BC_stay_flat,101572.44019999997,101572.44019999997,C
2025-10-03,15:00:00,14:30:00,669.9,672.5058778859673,667.3880913133926,670.8533499376331,0,0,615,4.0,BC_stay_flat,101572.44019999997,101572.44019999997,C
2025-10-03,15:30:00,15:00:00,669.62,672.4824005300898,667.4115179108254,670.7585198662002,0,0,615,4.0,BC_stay_flat,101572.44019999997,101572.44019999997,C
2025-10-03,16:00:00,15:30:00,669.24,672.3160621468314,667.577496667657,670.5199925316253,0,0,615,4.0,session_close_flatten,101572.44019999997,101572.44019999997,C
2025-10-06,10:00:00,09:30:00,669.95,669.95,669.21,669.95,0,0,606,4.0,BC_stay_flat,101572.44019999997,101572.44019999997,C
2025-10-06,10:30:00,10:00:00,670.5,670.9483165231247,668.2127861774158,670.1518087393226,0,0,606,4.0,BC_stay_flat,101572.44019999997,101572.44019999997,C
2025-10-06,11:00:00,10:30:00,670.77,671.0904201269482,668.070839535555,670.2583956639926,0,0,606,4.0,BC_stay_flat,101572.44019999997,101572.44019999997,C
2025-10-06,11:30:00,11:00:00,671.17,671.2217530756353,667.9396516519952,670.3760614623168,0,0,606,4.0,BC_stay_flat,101572.44019999997,101572.44019999997,C
2025-10-06,12:00:00,11:30:00,671.83,671.4457371678147,667.7159149636939,670.5555850192213,1,606,606,4.0,BC_enter_long,101569.71319999994,-305559.2668000001,C
2025-10-06,12:30:00,12:00:00,671.8,671.40744567184,667.7541641644123,670.6560192293314,1,606,606,4.0,BC_hold_long,101551.53319999989,-305559.2668000001,C
2025-10-06,13:00:00,12:30:00,671.71,671.4750963884956,667.6865881720353,670.7211833319473,1,606,606,4.0,BC_hold_long,101496.99319999991,-305559.2668000001,C
2025-10-06,13:30:00,13:00:00,672.08,671.4486862397898,667.712969149146,670.8370173013506,1,606,606,4.0,BC_hold_long,101721.21319999994,-305559.2668000001,C
2025-10-06,14:00:00,13:30:00,672.28,671.3695148858685,667.7920530535533,670.9473480072315,1,606,606,4.0,BC_hold_long,101842.4131999999,-305559.2668000001,C
2025-10-06,14:30:00,14:00:00,672.24,671.380792685158,667.7807877112702,671.0484726048923,1,606,606,4.0,BC_hold_long,101818.1731999999,-305559.2668000001,C
2025-10-06,15:00:00,14:30:00,672.11,671.785975322599,667.3760526223801,671.1164781476864,1,606,606,4.0,BC_hold_long,101739.39319999993,-305559.2668000001,C
2025-10-06,15:30:00,15:00:00,671.73,671.7853995253231,667.3766277836534,671.159421970259,0,0,606,4.0,BC_exit_long,101506.3861999999,101506.3861999999,C
2025-10-06,16:00:00,15:30:00,671.61,671.6825726200979,667.479341110388,671.2455432206837,0,0,606,4.0,session_close_flatten,101506.3861999999,101506.3861999999,C
2025-10-07,10:00:00,09:30:00,672.095,672.095,671.61,672.095,0,0,604,4.0,BC_stay_flat,101506.3861999999,101506.3861999999,C
2025-10-07,10:30:00,10:00:00,671.3,673.1148367274099,670.5908992114273,671.8018246856244,0,0,604,4.0,BC_stay_flat,101506.3861999999,101506.3861999999,C
2025-10-07,11:00:00,10:30:00,670.91,673.2752917199086,670.4305600071302,671.529732903567,0,0,604,4.0,BC_stay_flat,101506.3861999999,101506.3861999999,C
2025-10-07,11:30:00,11:00:00,669.23,673.4147152265723,670.2912371118396,670.587003421148,-1,-604,604,4.0,BC_enter_short,101503.6681999999,505718.5881999999,C
2025-10-07,12:00:00,11:30:00,668.23,673.6906186097018,670.0155328272613,669.985682215865,-1,-604,604,4.0,BC_hold_short,102107.6681999999,505718.5881999999,C
2025-10-07,12:30:00,12:00:00,668.39,673.6664101087039,670.0397238588197,669.7799673275799,-1,-604,604,4.0,BC_hold_short,102011.02819999988,505718.5881999999,C
2025-10-07,13:00:00,12:30:00,668.36,673.7296439073149,669.9765356912465,669.6634840775449,-1,-604,604,4.0,BC_hold_short,102029.14819999988,505718.5881999999,C
2025-10-07,13:30:00,13:00:00,668.92,673.7453468634949,669.9608440666992,669.6227530692623,-1,-604,604,4.0,BC_hold_short,101690.90819999989,505718.5881999999,C
2025-10-07,14:00:00,13:30:00,668.33,673.6845701715084,670.0215769007553,669.5658845568147,-1,-604,604,4.0,BC_hold_short,102047.26819999987,505718.5881999999,C
2025-10-07,14:30:00,14:00:00,668.64,673.6941042538454,670.0120496984428,669.5170493389861,-1,-604,604,4.0,BC_hold_short,101860.02819999988,505718.5881999999,C
2025-10-07,15:00:00,14:30:00,669.0,674.062546675481,669.6438731537658,669.4971893112819,-1,-604,604,4.0,BC_hold_short,101642.58819999988,505718.5881999999,C
2025-10-07,15:30:00,15:00:00,668.57,674.0612811083719,669.645137807611,669.4521508438152,-1,-604,604,4.0,BC_hold_short,101902.30819999985,505718.5881999999,C
2025-10-07,16:00:00,15:30:00,669.12,673.9331707949634,669.7731556735204,669.4022129248517,0,0,604,4.0,session_close_flatten,101567.3901999999,101567.3901999999,C
2025-10-08,10:00:00,09:30:00,670.385,670.385,669.12,670.385,0,0,606,4.0,BC_stay_flat,101567.3901999999,101567.3901999999,C
2025-10-08,10:30:00,10:00:00,671.91,671.4048275641221,668.1020968253983,671.0016053797524,1,606,606,4.0,BC_enter_long,101564.6631999999,-305612.79680000007,C
2025-10-08,11:00:00,10:30:00,671.75,671.6064418954699,667.900862935333,671.1692096122558,1,606,606,4.0,BC_hold_long,101467.70319999993,-305612.79680000007,C
2025-10-08,11:30:00,11:00:00,672.53,671.8350960189023,667.6726402766054,671.3922323374586,1,606,606,4.0,BC_hold_long,101940.38319999992,-305612.79680000007,C
2025-10-08,12:00:00,11:30:00,672.8,672.2051267563703,667.3033077780343,671.544305271462,1,606,606,4.0,BC_hold_long,102104.00319999992,-305612.79680000007,C
2025-10-08,12:30:00,12:00:00,672.645,672.143458431702,667.3648597360913,671.6387492325023,1,606,606,4.0,BC_hold_long,102010.07319999993,-305612.79680000007,C
2025-10-08,13:00:00,12:30:00,672.72,672.1651346377556,667.3432244325052,671.7089043422554,1,606,606,4.0,BC_hold_long,102055.52319999994,-305612.79680000007,C
2025-10-08,13:30:00,13:00:00,672.915,672.1671595852728,667.3412033060141,671.7748872555743,1,606,606,4.0,BC_hold_long,102173.69319999992,-305612.79680000007,C
2025-10-08,14:00:00,13:30:00,672.65,672.2217218210104,667.2867440278727,671.8297576958054,1,606,606,4.0,BC_hold_long,102013.1031999999,-305612.79680000007,C
2025-10-08,14:30:00,14:00:00,672.85,672.1939012744702,667.3145120777262,671.9274217882527,1,606,606,4.0,BC_hold_long,102134.30319999997,-305612.79680000007,C
2025-10-08,15:00:00,14:30:00,672.2407,672.4080510421069,667.1007664054318,671.949902884996,0,0,606,4.0,BC_exit_long,101762.34039999988,101762.34039999988,C
2025-10-08,15:30:00,15:00:00,672.875,672.5861742701579,666.9229792915294,672.0339103277138,1,606,606,4.0,BC_enter_long,101759.61339999986,-306002.63660000014,C
2025-10-08,16:00:00,15:30:00,673.11,672.3771180164204,667.13164106126,672.2771695494176,0,0,606,4.0,session_close_flatten,101899.29639999989,101899.29639999989,C
2025-10-09,10:00:00,09:30:00,671.73,673.11,671.73,671.73,0,0,606,4.0,BC_stay_flat,101899.29639999989,101899.29639999989,C
2025-10-09,10:30:00,10:00:00,671.18,674.0690598612722,670.7729063888333,671.5292777239943,0,0,606,4.0,BC_stay_flat,101899.29639999989,101899.29639999989,C
2025-10-09,11:00:00,10:30:00,671.4,674.3856456574307,670.4569696521135,671.4896555406042,0,0,606,4.0,BC_stay_flat,101899.29639999989,101899.29639999989,C
2025-10-09,11:30:00,11:00:00,670.75,674.6254252161335,670.2176816858562,671.3869890445374,0,0,606,4.0,BC_stay_flat,101899.29639999989,101899.29639999989,C
2025-10-09,12:00:00,11:30:00,671.33,675.07659627883,669.7674356072878,671.3792054093473,0,0,606,4.0,BC_stay_flat,101899.29639999989,101899.29639999989,C
2025-10-09,12:30:00,12:00:00,670.965,674.9367568998085,669.9069882897173,671.3497052540071,0,0,606,4.0,BC_stay_flat,101899.29639999989,101899.29639999989,C
2025-10-09,13:00:00,12:30:00,669.76,674.927585407757,669.9161409785139,671.2177695628079,-1,-606,606,4.0,BC_enter_short,101896.56939999986,507771.12939999986,C
2025-10-09,13:30:00,13:00:00,669.47,674.9915330977334,669.8523243931298,671.0224863263836,-1,-606,606,4.0,BC_hold_short,102072.30939999985,507771.12939999986,C
2025-10-09,14:00:00,13:30:00,670.18,675.0679736149829,669.7760405930794,670.9598490878845,0,0,606,4.0,BC_exit_short,101639.3223999999,101639.3223999999,C
2025-10-09,14:30:00,14:00:00,669.815,675.0514855784096,669.792494826128,670.8920311074609,0,0,606,4.0,BC_stay_flat,101639.3223999999,101639.3223999999,C
2025-10-09,15:00:00,14:30:00,669.92,675.1894055168137,669.6548576491074,670.8456575394262,0,0,606,4.0,BC_stay_flat,101639.3223999999,101639.3223999999,C
2025-10-09,15:30:00,15:00:00,670.48,675.4558551958264,669.38895424122,670.817147964224,0,0,606,4.0,BC_stay_flat,101639.3223999999,101639.3223999999,C
2025-10-09,16:00:00,15:30:00,671.08,675.2932996157783,669.5511765522623,670.8685961544033,0,0,606,4.0,session_close_flatten,101639.3223999999,101639.3223999999,C
2025-10-10,10:00:00,09:30:00,673.17,673.17,671.16,673.17,0,0,603,4.0,BC_stay_flat,101639.3223999999,101639.3223999999,C
2025-10-10,10:30:00,10:00:00,672.565,674.1503602618419,670.1825669692086,672.9461318850637,0,0,603,4.0,BC_stay_flat,101639.3223999999,101639.3223999999,C
2025-10-10,11:00:00,10:30:00,668.725,674.4312557828592,669.9025101664902,671.4011026778688,-1,-603,603,4.0,BC_enter_short,101636.60889999988,504877.78389999986,C
2025-10-10,11:30:00,11:00:00,662.42,674.6522267430577,669.6821989974736,665.9909745676536,-1,-603,603,4.0,BC_hold_short,105438.52389999991,504877.78389999986,C
2025-10-10,12:00:00,11:30:00,661.52,675.1265525123222,669.209289504627,664.7661920046656,-1,-603,603,4.0,BC_hold_short,105981.22389999987,504877.78389999986,C
2025-10-10,12:30:00,12:00:00,661.5,675.027352002895,669.3081938139502,664.4017551723961,-1,-603,603,4.0,BC_hold_short,105993.28389999986,504877.78389999986,C
2025-10-10,13:00:00,12:30:00,659.04,675.1004415303127,669.2353225225654,663.9476534553422,-1,-603,603,4.0,BC_hold_short,107476.66389999987,504877.78389999986,C
2025-10-10,13:30:00,13:00:00,659.84,675.1891477162792,669.1468812019876,663.657374489597,-1,-603,603,4.0,BC_hold_short,106994.26389999985,504877.78389999986,C
2025-10-10,14:00:00,13:30:00,659.64,675.1973432249077,669.1387101641054,663.4504519122279,-1,-603,603,4.0,BC_hold_short,107114.86389999988,504877.78389999986,C
2025-10-10,14:30:00,14:00:00,659.11,675.2196895512435,669.1164305610579,663.2576103289528,-1,-603,603,4.0,BC_hold_short,107434.45389999985,504877.78389999986,C
2025-10-10,15:00:00,14:30:00,657.215,675.3105277613435,669.0258635822996,662.9442724564274,-1,-603,603,4.0,BC_hold_short,108577.13889999985,504877.78389999986,C
2025-10-10,15:30:00,15:00:00,656.12,675.480271779007,668.8566263986833,662.5639571841683,-1,-603,603,4.0,BC_hold_short,109237.42389999988,504877.78389999986,C
2025-10-10,16:00:00,15:30:00,653.02,675.2914553112297,669.0448790845031,660.9321276441037,0,0,603,4.0,session_close_flatten,111104.01039999987,111104.01039999987,C
2025-10-13,10:00:00,09:30:00,662.88,662.88,653.02,662.88,0,0,402,2.403678799736598,BC_stay_flat,111104.01039999987,111104.01039999987,C
2025-10-13,10:30:00,10:00:00,660.87,663.8422519160927,652.0720610876073,662.1498538809774,0,0,402,2.403678799736598,BC_stay_flat,111104.01039999987,111104.01039999987,C
2025-10-13,11:00:00,10:30:00,660.2112,664.3254279879503,651.5960720119912,661.7995286159858,0,0,402,2.403678799736598,BC_stay_flat,111104.01039999987,111104.01039999987,C
2025-10-13,11:30:00,11:00:00,662.695,664.988635326694,650.9427295422435,661.9291145799313,0,0,402,2.403678799736598,BC_stay_flat,111104.01039999987,111104.01039999987,C
2025-10-13,12:00:00,11:30:00,662.99,665.5436360840114,650.3959841365237,662.0303050188003,0,0,402,2.403678799736598,BC_stay_flat,111104.01039999987,111104.01039999987,C
2025-10-13,12:30:00,12:00:00,663.49,665.3567195954175,650.5801203382217,662.2035663991775,0,0,402,2.403678799736598,BC_stay_flat,111104.01039999987,111104.01039999987,C
2025-10-13,13:00:00,12:30:00,664.27,665.5624670763309,650.3774332455564,662.3323938628037,0,0,402,2.403678799736598,BC_stay_flat,111104.01039999987,111104.01039999987,C
2025-10-13,13:30:00,13:00:00,663.18,665.5874815364969,650.3527908626551,662.382589613565,0,0,402,2.403678799736598,BC_stay_flat,111104.01039999987,111104.01039999987,C
2025-10-13,14:00:00,13:30:00,663.26,665.6188971301937,650.321842559801,662.4233439031833,0,0,402,2.403678799736598,BC_stay_flat,111104.01039999987,111104.01039999987,C
2025-10-13,14:30:00,14:00:00,663.95,665.6646201584899,650.2767996380987,662.5049775104935,0,0,402,2.403678799736598,BC_stay_flat,111104.01039999987,111104.01039999987,C
2025-10-13,15:00:00,14:30:00,662.21,665.8709429632937,650.0735457791907,662.4818439124913,0,0,402,2.403678799736598,BC_stay_flat,111104.01039999987,111104.01039999987,C
2025-10-13,15:30:00,15:00:00,662.725,666.0897748831147,649.8579688719353,662.5007647373563,0,0,402,2.403678799736598,BC_stay_flat,111104.01039999987,111104.01039999987,C
2025-10-13,16:00:00,15:30:00,663.04,666.1429424416935,649.8055921535199,662.588099636094,0,0,402,2.403678799736598,session_close_flatten,111104.01039999987,111104.01039999987,C
2025-10-14,10:00:00,09:30:00,656.8,663.04,656.8,656.8,0,0,361,2.139736334065883,BC_stay_flat,111104.01039999987,111104.01039999987,C
2025-10-14,10:30:00,10:00:00,659.77,664.1340226138361,655.716273448408,657.9275071138828,0,0,361,2.139736334065883,BC_stay_flat,111104.01039999987,111104.01039999987,C
2025-10-14,11:00:00,10:30:00,659.85,664.6459094481071,655.2092040819306,658.2611766787501,0,0,361,2.139736334065883,BC_stay_flat,111104.01039999987,111104.01039999987,C
2025-10-14,11:30:00,11:00:00,659.68,665.1183244516872,654.741235068973,658.4270396328134,0,0,361,2.139736334065883,BC_stay_flat,111104.01039999987,111104.01039999987,C
2025-10-14,12:00:00,11:30:00,662.46,665.6262439778178,654.2380956735176,659.0683014517949,0,0,361,2.139736334065883,BC_stay_flat,111104.01039999987,111104.01039999987,C
2025-10-14,12:30:00,12:00:00,663.67,665.4508060649798,654.4118825056124,659.5777763055752,0,0,361,2.139736334065883,BC_stay_flat,111104.01039999987,111104.01039999987,C
2025-10-14,13:00:00,12:30:00,664.355,665.7059384276193,654.159151243876,660.0841411990074,0,0,361,2.139736334065883,BC_stay_flat,111104.01039999987,111104.01039999987,C
2025-10-14,13:30:00,13:00:00,665.33,665.5444102646011,654.3191592335454,660.4263893882963,0,0,361,2.139736334065883,BC_stay_flat,111104.01039999987,111104.01039999987,C
2025-10-14,14:00:00,13:30:00,665.2093,665.5531379359868,654.3105136999937,660.7013335792601,0,0,361,2.139736334065883,BC_stay_flat,111104.01039999987,111104.01039999987,C
2025-10-14,14:30:00,14:00:00,665.14,665.6098145312862,654.2543704992929,660.9540708509155,0,0,361,2.139736334065883,BC_stay_flat,111104.01039999987,111104.01039999987,C
2025-10-14,15:00:00,14:30:00,664.95,665.7485434526548,654.1169471831207,661.1322568564339,0,0,361,2.139736334065883,BC_stay_flat,111104.01039999987,111104.01039999987,C
2025-10-14,15:30:00,15:00:00,664.75,665.9498111386806,653.9175736669199,661.3362328577,0,0,361,2.139736334065883,BC_stay_flat,111104.01039999987,111104.01039999987,C
2025-10-14,16:00:00,15:30:00,662.16,666.0615916581338,653.806845135946,661.5579684133974,0,0,361,2.139736334065883,session_close_flatten,111104.01039999987,111104.01039999987,C
2025-10-15,10:00:00,09:30:00,668.4105,668.4105,662.23,668.4105000000001,0,0,357,2.1482579231681473,BC_stay_flat,111104.01039999987,111104.01039999987,C
2025-10-15,10:30:00,10:00:00,669.68,669.7181154525024,660.9344754965539,668.8123485180844,0,0,357,2.1482579231681473,BC_stay_flat,111104.01039999987,111104.01039999987,C
2025-10-15,11:00:00,10:30:00,669.02,670.2507652503816,660.4067508787485,668.8437439617177,0,0,357,2.1482579231681473,BC_stay_flat,111104.01039999987,111104.01039999987,C
2025-10-15,11:30:00,11:00:00,667.6412,670.6898058197565,659.9717699257905,668.687080187201,0,0,357,2.1482579231681473,BC_stay_flat,111104.01039999987,111104.01039999987,C
2025-10-15,12:00:00,11:30:00,665.26,671.2393785542696,659.4272788503562,667.9390760752735,0,0,357,2.1482579231681473,BC_stay_flat,111104.01039999987,111104.01039999987,C
2025-10-15,12:30:00,12:00:00,665.58,671.1893613449616,659.4768335723721,667.6525003520904,0,0,357,2.1482579231681473,BC_stay_flat,111104.01039999987,111104.01039999987,C
2025-10-15,13:00:00,12:30:00,664.1,671.4668296958641,659.2019308501406,667.397043168874,0,0,357,2.1482579231681473,BC_stay_flat,111104.01039999987,111104.01039999987,C
2025-10-15,13:30:00,13:00:00,660.78,671.4375157098245,659.2309737825526,665.8839815332822,0,0,357,2.1482579231681473,BC_stay_flat,111104.01039999987,111104.01039999987,C
2025-10-15,14:00:00,13:30:00,664.23,671.3770519714215,659.290878439171,665.7433995965074,0,0,357,2.1482579231681473,BC_stay_flat,111104.01039999987,111104.01039999987,C
2025-10-15,14:30:00,14:00:00,664.2613,671.4183486568406,659.2499636061679,665.655589249604,0,0,357,2.1482579231681473,BC_stay_flat,111104.01039999987,111104.01039999987,C
2025-10-15,15:00:00,14:30:00,665.7,671.596417033473,659.0735417500521,665.6578196721141,0,0,357,2.1482579231681473,BC_stay_flat,111104.01039999987,111104.01039999987,C
2025-10-15,15:30:00,15:00:00,665.37,671.7624536500607,658.90904040155,665.6405750421239,0,0,357,2.1482579231681473,BC_stay_flat,111104.01039999987,111104.01039999987,C
2025-10-15,16:00:00,15:30:00,665.17,671.7082921851934,658.9627010590038,665.5416650314668,0,0,357,2.1482579231681473,session_close_flatten,111104.01039999987,111104.01039999987,C
2025-10-16,10:00:00,09:30:00,666.665,666.665,665.17,666.665,0,0,359,2.158215922415021,BC_stay_flat,111104.01039999987,111104.01039999987,C
2025-10-16,10:30:00,10:00:00,666.9399,667.8759874222247,663.9617282238587,666.7884379247821,0,0,359,2.158215922415021,BC_stay_flat,111104.01039999987,111104.01039999987,C
2025-10-16,11:00:00,10:30:00,667.11,668.3413528572796,663.4974063734008,666.8703731488009,0,0,359,2.158215922415021,BC_stay_flat,111104.01039999987,111104.01039999987,C
2025-10-16,11:30:00,11:00:00,665.75,668.8814934613986,662.9584770376148,666.6715969332453,0,0,359,2.158215922415021,BC_stay_flat,111104.01039999987,111104.01039999987,C
2025-10-16,12:00:00,11:30:00,664.44,669.4989736830705,662.3423815188016,666.1927743964388,0,0,359,2.158215922415021,BC_stay_flat,111104.01039999987,111104.01039999987,C
2025-10-16,12:30:00,12:00:00,662.46,669.4883548872723,662.3529765018908,665.6364840540281,0,0,359,2.158215922415021,BC_stay_flat,111104.01039999987,111104.01039999987,C
2025-10-16,13:00:00,12:30:00,663.28,669.8908623356807,661.951371678692,665.1102883195887,0,0,359,2.158215922415021,BC_stay_flat,111104.01039999987,111104.01039999987,C
2025-10-16,13:30:00,13:00:00,663.47,670.1369846296227,661.705801315374,664.9018950447836,0,0,359,2.158215922415021,BC_stay_flat,111104.01039999987,111104.01039999987,C
2025-10-16,14:00:00,13:30:00,661.81,669.8907812670399,661.9514525655361,664.6624221796072,-1,-359,359,2.158215922415021,BC_enter_short,111102.39489999984,348692.1848999998,C
2025-10-16,14:30:00,14:00:00,658.35,669.8895248546675,661.9527061603966,663.866590845194,-1,-359,359,2.158215922415021,BC_hold_short,112344.53489999982,348692.1848999998,C
2025-10-16,15:00:00,14:30:00,660.58,669.9043092266334,661.9379549424677,663.57374679926,-1,-359,359,2.158215922415021,BC_hold_short,111543.96489999982,348692.1848999998,C
2025-10-16,15:30:00,15:00:00,659.01,670.1173771348205,661.7253648402592,663.2300812659922,-1,-359,359,2.158215922415021,BC_hold_short,112107.59489999982,348692.1848999998,C
2025-10-16,16:00:00,15:30:00,660.68,670.0355027732479,661.8070555981169,662.8030797438888,0,0,359,2.158215922415021,session_close_flatten,111520.80939999981,111520.80939999981,C
2025-10-17,10:00:00,09:30:00,660.65,660.65,660.64,660.65,0,0,360,2.1366755982708376,BC_stay_flat,111520.80939999981,111520.80939999981,C
2025-10-17,10:30:00,10:00:00,662.4,661.6456339841109,659.6443810864104,661.223705875252,1,360,360,2.1366755982708376,BC_enter_long,111519.18939999981,-126944.81060000019,C
2025-10-17,11:00:00,10:30:00,659.57,662.1017287328425,659.188293241406,660.8955842102861,0,0,360,2.1366755982708376,BC_exit_long,110498.76939999983,110498.76939999983,C
2025-10-17,11:30:00,11:00:00,659.41,662.7729381910142,658.5170939430686,660.6537667159882,0,0,360,2.1366755982708376,BC_stay_flat,110498.76939999983,110498.76939999983,C
2025-10-17,12:00:00,11:30:00,661.73,663.3938382102114,657.8962033221917,660.8034820956688,0,0,360,2.1366755982708376,BC_stay_flat,110498.76939999983,110498.76939999983,C
2025-10-17,12:30:00,12:00:00,663.12,663.6457065613977,657.6443387834379,661.0077271354968,0,0,360,2.1366755982708376,BC_stay_flat,110498.76939999983,110498.76939999983,C
2025-10-17,13:00:00,12:30:00,662.0,664.0478584590043,657.2421929730468,661.0918635673844,0,0,360,2.1366755982708376,BC_stay_flat,110498.76939999983,110498.76939999983,C
2025-10-17,13:30:00,13:00:00,661.19,664.3025535433777,656.9875017438931,661.0978911997862,0,0,360,2.1366755982708376,BC_stay_flat,110498.76939999983,110498.76939999983,C
2025-10-17,14:00:00,13:30:00,662.87,664.1546828056952,657.135370243314,661.2229316812926,0,0,360,2.1366755982708376,BC_stay_flat,110498.76939999983,110498.76939999983,C
2025-10-17,14:30:00,14:00:00,664.65,664.4297232707939,656.8603339413951,661.5054668029412,1,360,360,2.1366755982708376,BC_enter_long,110497.14939999983,-128776.85060000017,C
2025-10-17,15:00:00,14:30:00,664.37,664.2861691890002,657.003885850267,661.6710283246631,1,360,360,2.1366755982708376,BC_hold_long,110396.34939999985,-128776.85060000017,C
2025-10-17,15:30:00,15:00:00,665.115,664.5959680195543,656.6940917090163,661.9039552823866,1,360,360,2.1366755982708376,BC_hold_long,110664.54939999983,-128776.85060000017,C
2025-10-17,16:00:00,15:30:00,664.39,664.4130221953682,656.8770347640232,662.2946013619264,0,0,360,2.1366755982708376,session_close_flatten,110401.92939999983,110401.92939999983,C
2025-10-20,10:00:00,09:30:00,668.76,668.76,664.39,668.76,0,0,349,2.114304731296137,BC_stay_flat,110401.92939999983,110401.92939999983,C
2025-10-20,10:30:00,10:00:00,670.3,669.8836094619032,663.2737327435943,669.3527914746696,1,349,349,2.114304731296137,BC_enter_long,110400.35889999983,-123534.34110000015,C
2025-10-20,11:00:00,10:30:00,671.22,670.29757725239,662.8624700180701,669.804361938018,1,349,349,2.114304731296137,BC_hold_long,110721.43889999985,-123534.34110000015,C
2025-10-20,11:30:00,11:00:00,670.97,670.9206737146122,662.2434451682947,669.9791545279757,1,349,349,2.114304731296137,BC_hold_long,110634.18889999985,-123534.34110000015,C
2025-10-20,12:00:00,11:30:00,670.64,671.523611360173,661.6444474077616,670.0744038938759,0,0,349,2.114304731296137,BC_exit_long,110517.44839999983,110517.44839999983,C
2025-10-20,12:30:00,12:00:00,670.83,671.8894979344446,661.2809517126238,670.1383988153773,0,0,349,2.114304731296137,BC_stay_flat,110517.44839999983,110517.44839999983,C
2025-10-20,13:00:00,12:30:00,671.02,672.1861359187668,660.98625210379,670.1986376477148,0,0,349,2.114304731296137,BC_stay_flat,110517.44839999983,110517.44839999983,C
2025-10-20,13:30:00,13:00:00,671.6195,672.3490935332412,660.8243593328696,670.3259234681533,0,0,349,2.114304731296137,BC_stay_flat,110517.44839999983,110517.44839999983,C
2025-10-20,14:00:00,13:30:00,671.77,672.3496304963653,660.8238258785211,670.4038114064522,0,0,349,2.114304731296137,BC_stay_flat,110517.44839999983,110517.44839999983,C
2025-10-20,14:30:00,14:00:00,671.88,672.7926954187943,660.3836561557318,670.4988866237424,0,0,349,2.114304731296137,BC_stay_flat,110517.44839999983,110517.44839999983,C
2025-10-20,15:00:00,14:30:00,671.65,672.6185014433134,660.5567118638629,670.5872490557687,0,0,349,2.114304731296137,BC_stay_flat,110517.44839999983,110517.44839999983,C
2025-10-20,15:30:00,15:00:00,671.72,672.9356586188222,660.2416271461221,670.6741305832983,0,0,349,2.114304731296137,BC_stay_flat,110517.44839999983,110517.44839999983,C
2025-10-20,16:00:00,15:30:00,671.3,672.7727951393774,660.4034263971365,670.8126814239995,0,0,349,2.114304731296137,session_close_flatten,110517.44839999983,110517.44839999983,C
2025-10-21,10:00:00,09:30:00,670.58,671.3,670.58,670.58,0,0,335,2.0375668460127505,BC_stay_flat,110517.44839999983,110517.44839999983,C
2025-10-21,10:30:00,10:00:00,670.59,672.5256395570243,669.355674997543,670.5843915377718,0,0,335,2.0375668460127505,BC_stay_flat,110517.44839999983,110517.44839999983,C
2025-10-21,11:00:00,10:30:00,672.605,673.007866658125,668.8739651070975,671.1260221161268,0,0,335,2.0375668460127505,BC_stay_flat,110517.44839999983,110517.44839999983,C
2025-10-21,11:30:00,11:00:00,671.95,673.564060584543,668.3183677241431,671.289842831162,0,0,335,2.0375668460127505,BC_stay_flat,110517.44839999983,110517.44839999983,C
2025-10-21,12:00:00,11:30:00,672.218,674.204340382375,667.6787746557231,671.4081772533574,0,0,335,2.0375668460127505,BC_stay_flat,110517.44839999983,110517.44839999983,C
2025-10-21,12:30:00,12:00:00,672.65,674.5648538030708,667.3186479021849,671.5367322918753,0,0,335,2.0375668460127505,BC_stay_flat,110517.44839999983,110517.44839999983,C
2025-10-21,13:00:00,12:30:00,671.42,674.8805803554143,667.0032599810312,671.5190592413984,0,0,335,2.0375668460127505,BC_stay_flat,110517.44839999983,110517.44839999983,C
2025-10-21,13:30:00,13:00:00,671.6,675.0350736689496,666.8489323686515,671.5284227672513,0,0,335,2.0375668460127505,BC_stay_flat,110517.44839999983,110517.44839999983,C
2025-10-21,14:00:00,13:30:00,672.2,675.0789455592666,666.8051075329466,671.5662609723946,0,0,335,2.0375668460127505,BC_stay_flat,110517.44839999983,110517.44839999983,C
2025-10-21,14:30:00,14:00:00,672.2858,675.5149548838517,666.3695658483341,671.6151577972196,0,0,335,2.0375668460127505,BC_stay_flat,110517.44839999983,110517.44839999983,C
2025-10-21,15:00:00,14:30:00,671.93,675.2816580092408,666.6026125013605,671.6308265904648,0,0,335,2.0375668460127505,BC_stay_flat,110517.44839999983,110517.44839999983,C
2025-10-21,15:30:00,15:00:00,671.885,675.5345309682035,666.3500107602295,671.6475606020623,0,0,335,2.0375668460127505,BC_stay_flat,110517.44839999983,110517.44839999983,C
2025-10-21,16:00:00,15:30:00,671.29,675.2830824305902,666.6011896077683,671.5892092052065,0,0,335,2.0375668460127505,session_close_flatten,110517.44839999983,110517.44839999983,C
2025-10-22,10:00:00,09:30:00,671.215,671.29,671.215,671.215,0,0,336,2.044429232700989,BC_stay_flat,110517.44839999983,110517.44839999983,C
2025-10-22,10:30:00,10:00:00,669.3375,672.3788785587935,670.1262430963659,670.3981120552387,-1,-336,336,2.044429232700989,BC_enter_short,110515.93639999986,335413.33639999985,C
2025-10-22,11:00:00,10:30:00,670.08,672.9889237865208,669.5162660260551,670.2652698178575,0,0,336,2.044429232700989,BC_exit_short,110264.94439999985,110264.94439999985,C
2025-10-22,11:30:00,11:00:00,667.89,673.4608500569855,669.0443924816404,669.7209991156784,-1,-336,336,2.044429232700989,BC_enter_short,110263.43239999985,334674.47239999985,C
2025-10-22,12:00:00,11:30:00,669.008,674.0717332320601,668.4335775576023,669.6086452511134,0,0,336,2.044429232700989,BC_exit_short,109886.27239999983,109886.27239999983,C
2025-10-22,12:30:00,12:00:00,667.63,674.4703558299685,668.0349994958775,669.4124939219396,-1,-336,336,2.044429232700989,BC_enter_short,109884.76039999985,334208.44039999985,C
2025-10-22,13:00:00,12:30:00,667.19,674.6974050410593,667.8079756519021,668.774357229909,-1,-336,336,2.044429232700989,BC_hold_short,110032.60039999982,334208.44039999985,C
2025-10-22,13:30:00,13:00:00,665.3101,674.7861111336954,667.7192794699707,668.4638366720764,-1,-336,336,2.044429232700989,BC_hold_short,110664.24679999985,334208.44039999985,C
2025-10-22,14:00:00,13:30:00,664.78,674.8762588404469,667.6291418349884,668.0761918151237,-1,-336,336,2.044429232700989,BC_hold_short,110842.36039999986,334208.44039999985,C
2025-10-22,14:30:00,14:00:00,665.64,675.260020882369,667.245422668952,667.8736653616033,-1,-336,336,2.044429232700989,BC_hold_short,110553.40039999984,334208.44039999985,C
2025-10-22,15:00:00,14:30:00,666.49,674.9767221946541,667.5286897050682,667.7923762541045,-1,-336,336,2.044429232700989,BC_hold_short,110267.80039999983,334208.44039999985,C
2025-10-22,15:30:00,15:00:00,667.46,675.226373697751,667.279066094332,667.7589346050115,0,0,336,2.044429232700989,BC_exit_short,109940.36839999985,109940.36839999985,C
2025-10-22,16:00:00,15:30:00,667.86,674.975725084669,667.5296867036511,667.7749560149455,0,0,336,2.044429232700989,session_close_flatten,109940.36839999985,109940.36839999985,C
2025-10-23,10:00:00,09:30:00,670.1184,670.1184,667.8,670.1184,0,0,331,2.0224107090998187,BC_stay_flat,109940.36839999985,109940.36839999985,C
2025-10-23,10:30:00,10:00:00,669.37,671.2988596974491,666.6236243237665,669.8054154640425,0,0,331,2.0224107090998187,BC_stay_flat,109940.36839999985,109940.36839999985,C
2025-10-23,11:00:00,10:30:00,670.22,671.7708599516918,666.1532570427258,669.8926474748956,0,0,331,2.0224107090998187,BC_stay_flat,109940.36839999985,109940.36839999985,C
2025-10-23,11:30:00,11:00:00,670.09,672.4017113722261,665.5245881707282,669.9205061691116,0,0,331,2.0224107090998187,BC_stay_flat,109940.36839999985,109940.36839999985,C
2025-10-23,12:00:00,11:30:00,670.24,672.9815052581017,664.9468001902942,669.9609917979145,0,0,331,2.0224107090998187,BC_stay_flat,109940.36839999985,109940.36839999985,C
2025-10-23,12:30:00,12:00:00,670.52,673.4655636545301,664.464416484467,670.0203292313565,0,0,331,2.0224107090998187,BC_stay_flat,109940.36839999985,109940.36839999985,C
2025-10-23,13:00:00,12:30:00,671.46,673.7403786069212,664.1905523058283,670.1615360640423,0,0,331,2.0224107090998187,BC_stay_flat,109940.36839999985,109940.36839999985,C
2025-10-23,13:30:00,13:00:00,670.9903,673.9719285634678,663.9598034396848,670.2616548385781,0,0,331,2.0224107090998187,BC_stay_flat,109940.36839999985,109940.36839999985,C
2025-10-23,14:00:00,13:30:00,672.387,674.1283277254098,663.8039453699097,670.4782466278114,0,0,331,2.0224107090998187,BC_stay_flat,109940.36839999985,109940.36839999985,C
2025-10-23,14:30:00,14:00:00,672.48,674.4604615838226,663.4729605907302,670.6233651825462,0,0,331,2.0224107090998187,BC_stay_flat,109940.36839999985,109940.36839999985,C
2025-10-23,15:00:00,14:30:00,672.59,674.1270544704553,663.8052142198004,670.7285101700953,0,0,331,2.0224107090998187,BC_stay_flat,109940.36839999985,109940.36839999985,C
2025-10-23,15:30:00,15:00:00,672.435,674.3049522618329,663.6279318991209,670.8588871128269,0,0,331,2.0224107090998187,BC_stay_flat,109940.36839999985,109940.36839999985,C
2025-10-23,16:00:00,15:30:00,671.66,674.031222468822,663.9007146726916,671.0592552472036,0,0,331,2.0224107090998187,session_close_flatten,109940.36839999985,109940.36839999985,C
2025-10-24,10:00:00,09:30:00,677.47,677.47,671.76,677.47,0,0,323,1.9959756212182957,BC_stay_flat,109940.36839999985,109940.36839999985,C
2025-10-24,10:30:00,10:00:00,676.74,678.6673074549409,670.5727839521586,677.2215853229027,0,0,323,1.9959756212182957,BC_stay_flat,109940.36839999985,109940.36839999985,C
2025-10-24,11:00:00,10:30:00,676.68,679.0447466893514,670.1985259331944,677.1030230044877,0,0,323,1.9959756212182957,BC_stay_flat,109940.36839999985,109940.36839999985,C
2025-10-24,11:30:00,11:00:00,678.19,679.7017649455541,669.5470453011566,677.3196564845101,0,0,323,1.9959756212182957,BC_stay_flat,109940.36839999985,109940.36839999985,C
2025-10-24,12:00:00,11:30:00,677.96,680.2405350977124,669.0128161287743,677.4059132365427,0,0,323,1.9959756212182957,BC_stay_flat,109940.36839999985,109940.36839999985,C
2025-10-24,12:30:00,12:00:00,677.88,680.7558955400056,668.5017993594489,677.4480590742705,0,0,323,1.9959756212182957,BC_stay_flat,109940.36839999985,109940.36839999985,C
2025-10-24,13:00:00,12:30:00,677.908,681.118199974013,668.1425485784714,677.4863465405969,0,0,323,1.9959756212182957,BC_stay_flat,109940.36839999985,109940.36839999985,C
2025-10-24,13:30:00,13:00:00,678.04,681.3995440017503,667.8635758356595,677.5111011828344,0,0,323,1.9959756212182957,BC_stay_flat,109940.36839999985,109940.36839999985,C
2025-10-24,14:00:00,13:30:00,678.06,681.5845611020253,667.6801181367492,677.5416912740121,0,0,323,1.9959756212182957,BC_stay_flat,109940.36839999985,109940.36839999985,C
2025-10-24,14:30:00,14:00:00,678.15,682.0215745609627,667.2467880096946,677.5715545231067,0,0,323,1.9959756212182957,BC_stay_flat,109940.36839999985,109940.36839999985,C
2025-10-24,15:00:00,14:30:00,678.2,681.6455537963566,667.6196395143098,677.6096165574133,0,0,323,1.9959756212182957,BC_stay_flat,109940.36839999985,109940.36839999985,C
2025-10-24,15:30:00,15:00:00,678.22,681.7940075619375,667.4724369790439,677.6580374672907,0,0,323,1.9959756212182957,BC_stay_flat,109940.36839999985,109940.36839999985,C
2025-10-24,16:00:00,15:30:00,677.26,681.4338922836997,667.8295170553707,677.5467478309561,0,0,323,1.9959756212182957,session_close_flatten,109940.36839999985,109940.36839999985,C
2025-10-27,10:00:00,09:30:00,683.145,683.145,677.25,683.145,0,0,315,1.9591691135524332,BC_stay_flat,109940.36839999985,109940.36839999985,C
2025-10-27,10:30:00,10:00:00,683.02,684.3648571847875,676.0406692160562,683.0932095911497,0,0,315,1.9591691135524332,BC_stay_flat,109940.36839999985,109940.36839999985,C
2025-10-27,11:00:00,10:30:00,682.65,684.7301141936732,675.6785640857137,683.0008062213514,0,0,315,1.9591691135524332,BC_stay_flat,109940.36839999985,109940.36839999985,C
2025-10-27,11:30:00,11:00:00,683.365,685.3584600897283,675.0556403168164,683.0501814960719,0,0,315,1.9591691135524332,BC_stay_flat,109940.36839999985,109940.36839999985,C
2025-10-27,12:00:00,11:30:00,683.418,685.8371058384745,674.5811249015849,683.0923186017078,0,0,315,1.9591691135524332,BC_stay_flat,109940.36839999985,109940.36839999985,C
2025-10-27,12:30:00,12:00:00,683.53,686.3532062376709,674.069478039856,683.1368072982905,0,0,315,1.9591691135524332,BC_stay_flat,109940.36839999985,109940.36839999985,C
2025-10-27,13:00:00,12:30:00,683.77,686.7271175459094,673.6987932899059,683.186332917402,0,0,315,1.9591691135524332,BC_stay_flat,109940.36839999985,109940.36839999985,C
2025-10-27,13:30:00,13:00:00,683.46,686.993376780461,673.4348316615548,683.2101539653465,0,0,315,1.9591691135524332,BC_stay_flat,109940.36839999985,109940.36839999985,C
2025-10-27,14:00:00,13:30:00,683.9,687.1668171832528,673.2628879119983,683.2825837844638,0,0,315,1.9591691135524332,BC_stay_flat,109940.36839999985,109940.36839999985,C
2025-10-27,14:30:00,14:00:00,683.86,687.6168872344397,672.8167016087004,683.3114856866878,0,0,315,1.9591691135524332,BC_stay_flat,109940.36839999985,109940.36839999985,C
2025-10-27,15:00:00,14:30:00,684.134,687.250786582751,673.1796431018772,683.3844279181797,0,0,315,1.9591691135524332,BC_stay_flat,109940.36839999985,109940.36839999985,C
2025-10-27,15:30:00,15:00:00,684.24,687.4296018966066,673.0023708224801,683.4569037065266,0,0,315,1.9591691135524332,BC_stay_flat,109940.36839999985,109940.36839999985,C
2025-10-27,16:00:00,15:30:00,685.24,687.036315736196,673.3922632349812,683.9555038699774,0,0,315,1.9591691135524332,session_close_flatten,109940.36839999985,109940.36839999985,C
2025-10-28,10:00:00,09:30:00,685.73,685.73,685.24,685.73,0,0,304,1.898330609644423,BC_stay_flat,109940.36839999985,109940.36839999985,C
2025-10-28,10:30:00,10:00:00,686.11,686.9054977006125,684.0653422712035,685.8357420833286,0,0,304,1.898330609644423,BC_stay_flat,109940.36839999985,109940.36839999985,C
2025-10-28,11:00:00,10:30:00,685.82,687.2702431179398,683.7008574888995,685.8320502903482,0,0,304,1.898330609644423,BC_stay_flat,109940.36839999985,109940.36839999985,C
2025-10-28,11:30:00,11:00:00,685.52,687.7588149934559,683.2126347307021,685.7978504761774,0,0,304,1.898330609644423,BC_stay_flat,109940.36839999985,109940.36839999985,C
2025-10-28,12:00:00,11:30:00,685.585,688.1701942974988,682.801549384717,685.7673792022839,0,0,304,1.898330609644423,BC_stay_flat,109940.36839999985,109940.36839999985,C
2025-10-28,12:30:00,12:00:00,686.18,688.7079383031469,682.2641896331671,685.808766571902,0,0,304,1.898330609644423,BC_stay_flat,109940.36839999985,109940.36839999985,C
2025-10-28,13:00:00,12:30:00,686.87,689.0982858757011,681.8741209900903,686.0068746972763,0,0,304,1.898330609644423,BC_stay_flat,109940.36839999985,109940.36839999985,C
2025-10-28,13:30:00,13:00:00,686.98,689.3841374745149,681.5884736513839,686.0877909381982,0,0,304,1.898330609644423,BC_stay_flat,109940.36839999985,109940.36839999985,C
2025-10-28,14:00:00,13:30:00,687.625,689.5467838443578,681.4259435032626,686.2247323046047,0,0,304,1.898330609644423,BC_stay_flat,109940.36839999985,109940.36839999985,C
2025-10-28,14:30:00,14:00:00,688.04,690.0182810689575,680.9547831950002,686.4003007397558,0,0,304,1.898330609644423,BC_stay_flat,109940.36839999985,109940.36839999985,C
2025-10-28,15:00:00,14:30:00,688.13,689.6966765491647,681.2761579068298,686.5199414618548,0,0,304,1.898330609644423,BC_stay_flat,109940.36839999985,109940.36839999985,C
2025-10-28,15:30:00,15:00:00,688.695,689.8524311774152,681.1205145756901,686.7454292174458,0,0,304,1.898330609644423,BC_stay_flat,109940.36839999985,109940.36839999985,C
2025-10-28,16:00:00,15:30:00,687.05,689.5694384048323,681.4033051309885,686.8183913425096,0,0,304,1.898330609644423,session_close_flatten,109940.36839999985,109940.36839999985,C
2025-10-29,10:00:00,09:30:00,689.64,689.64,687.06,689.64,0,0,304,1.9100715849003402,BC_stay_flat,109940.36839999985,109940.36839999985,C
2025-10-29,10:30:00,10:00:00,688.99,690.7374407066026,685.9666649094042,689.3986286542695,0,0,304,1.9100715849003402,BC_stay_flat,109940.36839999985,109940.36839999985,C
2025-10-29,11:00:00,10:30:00,688.375,691.0951903137441,685.6102536729873,689.1025891946609,0,0,304,1.9100715849003402,BC_stay_flat,109940.36839999985,109940.36839999985,C
2025-10-29,11:30:00,11:00:00,688.24,691.5378537771998,685.1692462499813,688.9258750782072,0,0,304,1.9100715849003402,BC_stay_flat,109940.36839999985,109940.36839999985,C
2025-10-29,12:00:00,11:30:00,688.0,691.9270697716831,684.7814863445672,688.7943335653565,0,0,304,1.9100715849003402,BC_stay_flat,109940.36839999985,109940.36839999985,C
2025-10-29,12:30:00,12:00:00,688.48,692.5011793290732,684.2095245782826,688.7690014260454,0,0,304,1.9100715849003402,BC_stay_flat,109940.36839999985,109940.36839999985,C
2025-10-29,13:00:00,12:30:00,688.5675,692.9378083717753,683.7745290007655,688.7574311714196,0,0,304,1.9100715849003402,BC_stay_flat,109940.36839999985,109940.36839999985,C
2025-10-29,13:30:00,13:00:00,687.86,693.2188631947334,683.494525627032,688.7106110681733,0,0,304,1.9100715849003402,BC_stay_flat,109940.36839999985,109940.36839999985,C
2025-10-29,14:00:00,13:30:00,688.17,693.448243335716,683.2660036160358,688.6752781997528,0,0,304,1.9100715849003402,BC_stay_flat,109940.36839999985,109940.36839999985,C
2025-10-29,14:30:00,14:00:00,688.04,693.9375448616059,682.7785326074256,688.6070970518128,0,0,304,1.9100715849003402,BC_stay_flat,109940.36839999985,109940.36839999985,C
2025-10-29,15:00:00,14:30:00,686.12,693.6653432590621,683.0497158813712,687.8925236293863,0,0,304,1.9100715849003402,BC_stay_flat,109940.36839999985,109940.36839999985,C
2025-10-29,15:30:00,15:00:00,685.45,693.8159647819372,682.8996578460099,687.6455222687515,0,0,304,1.9100715849003402,BC_stay_flat,109940.36839999985,109940.36839999985,C
2025-10-29,16:00:00,15:30:00,687.39,693.3959205798927,683.3181306281233,687.602888757674,0,0,304,1.9100715849003402,session_close_flatten,109940.36839999985,109940.36839999985,C
2025-10-30,10:00:00,09:30:00,685.05,687.39,685.05,685.05,0,0,308,1.9230869080664477,BC_stay_flat,109940.36839999985,109940.36839999985,C
2025-10-30,10:30:00,10:00:00,683.44,688.4899357426923,683.9538086377,684.4870169067514,-1,-308,308,1.9230869080664477,BC_enter_short,109938.98239999986,320438.5023999999,C
2025-10-30,11:00:00,10:30:00,684.49,688.9063840492603,683.5387779965583,684.4875919327255,0,0,308,1.9230869080664477,BC_exit_short,109614.19639999987,109614.19639999987,C
2025-10-30,11:30:00,11:00:00,684.8,689.3097037301762,683.1368312888503,684.5191097461407,0,0,308,1.9230869080664477,BC_stay_flat,109614.19639999987,109614.19639999987,C
2025-10-30,12:00:00,11:30:00,683.35,689.7571312000374,682.6909269430954,684.377315480974,0,0,308,1.9230869080664477,BC_stay_flat,109614.19639999987,109614.19639999987,C
2025-10-30,12:30:00,12:00:00,684.9,690.2685145989316,682.1812843858683,684.4205508461962,0,0,308,1.9230869080664477,BC_stay_flat,109614.19639999987,109614.19639999987,C
2025-10-30,13:00:00,12:30:00,684.41,690.6094114926462,681.8415479668931,684.4197784255643,0,0,308,1.9230869080664477,BC_stay_flat,109614.19639999987,109614.19639999987,C
2025-10-30,13:30:00,13:00:00,684.33,690.9187229953842,681.5332894165059,684.4133559045678,0,0,308,1.9230869080664477,BC_stay_flat,109614.19639999987,109614.19639999987,C
2025-10-30,14:00:00,13:30:00,684.38,691.1771807374352,681.2757115113981,684.4113907068523,0,0,308,1.9230869080664477,BC_stay_flat,109614.19639999987,109614.19639999987,C
2025-10-30,14:30:00,14:00:00,682.96,691.6474620707775,680.8070311008508,684.277720844685,0,0,308,1.9230869080664477,BC_stay_flat,109614.19639999987,109614.19639999987,C
2025-10-30,15:00:00,14:30:00,682.35,691.5205188112641,680.9335422225279,684.1248893387066,0,0,308,1.9230869080664477,BC_stay_flat,109614.19639999987,109614.19639999987,C
2025-10-30,15:30:00,15:00:00,681.31,691.7592824436326,680.6955913847879,683.8230485479038,0,0,308,1.9230869080664477,BC_stay_flat,109614.19639999987,109614.19639999987,C
2025-10-30,16:00:00,15:30:00,679.83,691.2463456053887,681.2067820931762,682.956460958639,0,0,308,1.9230869080664477,session_close_flatten,109614.19639999987,109614.19639999987,C
2025-10-31,10:00:00,09:30:00,683.55,683.55,679.83,683.55,0,0,430,2.6841030278807647,BC_stay_flat,109614.19639999987,109614.19639999987,C
2025-10-31,10:30:00,10:00:00,683.24,684.7146586800856,678.6716795984455,683.4360395444485,0,0,430,2.6841030278807647,BC_stay_flat,109614.19639999987,109614.19639999987,C
2025-10-31,11:00:00,10:30:00,684.48,684.7754296975859,678.611239307571,683.6736198711908,0,0,430,2.6841030278807647,BC_stay_flat,109614.19639999987,109614.19639999987,C
2025-10-31,11:30:00,11:00:00,683.7599,684.697100459849,678.6891422637419,683.688131626936,0,0,430,2.6841030278807647,BC_stay_flat,109614.19639999987,109614.19639999987,C
2025-10-31,12:00:00,11:30:00,682.06,685.1800961172462,678.2087751541401,683.3470756470783,0,0,430,2.6841030278807647,BC_stay_flat,109614.19639999987,109614.19639999987,C
2025-10-31,12:30:00,12:00:00,681.77,685.5767002875576,677.8143293738713,683.0583987825097,0,0,430,2.6841030278807647,BC_stay_flat,109614.19639999987,109614.19639999987,C
2025-10-31,13:00:00,12:30:00,680.365,685.7721924491794,677.6199011151699,682.7953360963181,0,0,430,2.6841030278807647,BC_stay_flat,109614.19639999987,109614.19639999987,C
2025-10-31,13:30:00,13:00:00,679.79,686.1435017798171,677.2506125155833,682.4197134678905,0,0,430,2.6841030278807647,BC_stay_flat,109614.19639999987,109614.19639999987,C
2025-10-31,14:00:00,13:30:00,680.8493,686.3824460843604,677.0129685882075,682.299716093281,0,0,430,2.6841030278807647,BC_stay_flat,109614.19639999987,109614.19639999987,C
2025-10-31,14:30:00,14:00:00,682.298,686.9128658594508,676.485435451349,682.299568971714,0,0,430,2.6841030278807647,BC_stay_flat,109614.19639999987,109614.19639999987,C
2025-10-31,15:00:00,14:30:00,682.59,686.6926634794372,676.704439451063,682.3204475251274,0,0,430,2.6841030278807647,BC_stay_flat,109614.19639999987,109614.19639999987,C
2025-10-31,15:30:00,15:00:00,684.08,686.924796034386,676.4735702025358,682.4863492850399,0,0,430,2.6841030278807647,BC_stay_flat,109614.19639999987,109614.19639999987,C
2025-10-31,16:00:00,15:30:00,682.06,686.2953645440433,677.09957621538,682.3641187001396,0,0,430,2.6841030278807647,session_close_flatten,109614.19639999987,109614.19639999987,C
2025-11-03,10:00:00,09:30:00,682.52,682.52,682.06,682.52,0,0,490,3.056086084543452,BC_stay_flat,109614.19639999987,109614.19639999987,C
2025-11-03,10:30:00,10:00:00,680.3899,683.5571880137337,681.0235110229044,681.6318473251347,-1,-490,490,3.056086084543452,BC_enter_short,109611.99139999988,443003.04239999986,C
2025-11-03,11:00:00,10:30:00,682.42,683.6136350764378,680.9671020039921,681.8289748295384,0,0,490,3.056086084543452,BC_exit_short,108615.03739999987,108615.03739999987,C
2025-11-03,11:30:00,11:00:00,682.05,683.6667364267315,680.9140364425708,681.8540825802498,0,0,490,3.056086084543452,BC_stay_flat,108615.03739999987,108615.03739999987,C
2025-11-03,12:00:00,11:30:00,683.43,684.2458180884836,680.3353450661796,682.0321055620717,0,0,490,3.056086084543452,BC_stay_flat,108615.03739999987,108615.03739999987,C
2025-11-03,12:30:00,12:00:00,682.755,684.6257352737798,679.9556839347796,682.1014208436778,0,0,490,3.056086084543452,BC_stay_flat,108615.03739999987,108615.03739999987,C
2025-11-03,13:00:00,12:30:00,683.855,684.8637737762464,679.7178058638184,682.2151842330607,0,0,490,3.056086084543452,BC_stay_flat,108615.03739999987,108615.03739999987,C
2025-11-03,13:30:00,13:00:00,683.64,685.3556970606845,679.2262141223546,682.2976439931425,0,0,490,3.056086084543452,BC_stay_flat,108615.03739999987,108615.03739999987,C
2025-11-03,14:00:00,13:30:00,683.82,685.5128474525442,679.069169645604,682.3751119717858,0,0,490,3.056086084543452,BC_stay_flat,108615.03739999987,108615.03739999987,C
2025-11-03,14:30:00,14:00:00,683.2507,685.8883993587673,678.6938708511973,682.441452953511,0,0,490,3.056086084543452,BC_stay_flat,108615.03739999987,108615.03739999987,C
2025-11-03,15:00:00,14:30:00,683.47,685.6771210249633,678.9050067891249,682.5197401773261,0,0,490,3.056086084543452,BC_stay_flat,108615.03739999987,108615.03739999987,C
2025-11-03,15:30:00,15:00:00,683.13,685.9161114012827,678.6661774858482,682.5603291194947,0,0,490,3.056086084543452,BC_stay_flat,108615.03739999987,108615.03739999987,C
2025-11-03,16:00:00,15:30:00,683.34,685.3557287411028,679.2261824632881,682.711176702726,0,0,490,3.056086084543452,session_close_flatten,108615.03739999987,108615.03739999987,C
2025-11-04,10:00:00,09:30:00,678.8,683.34,678.8,678.8,0,0,494,3.087608207762236,BC_stay_flat,108615.03739999987,108615.03739999987,C
2025-11-04,10:30:00,10:00:00,679.24,684.3100517861144,677.8363930804367,678.9332721322529,0,0,494,3.087608207762236,BC_stay_flat,108615.03739999987,108615.03739999987,C
2025-11-04,11:00:00,10:30:00,678.13,684.2154401184306,677.9303761635632,678.7747089454857,0,0,494,3.087608207762236,BC_stay_flat,108615.03739999987,108615.03739999987,C
2025-11-04,11:30:00,11:00:00,678.15,684.3076991159738,677.8387301198187,678.6793665246963,0,0,494,3.087608207762236,BC_stay_flat,108615.03739999987,108615.03739999987,C
2025-11-04,12:00:00,11:30:00,678.13,684.7123475238639,677.4367701302443,678.6121530461273,0,0,494,3.087608207762236,BC_stay_flat,108615.03739999987,108615.03739999987,C
2025-11-04,12:30:00,12:00:00,676.94,684.954527960747,677.1961987008588,678.3862594700269,-1,-494,494,3.087608207762236,BC_enter_short,108612.81439999986,443021.1743999999,C
2025-11-04,13:00:00,12:30:00,675.92,685.2206125974029,676.9318818873223,678.152799691283,-1,-494,494,3.087608207762236,BC_hold_short,109116.69439999992,443021.1743999999,C
2025-11-04,13:30:00,13:00:00,675.22,685.6252943114122,676.5298888129092,677.9258903961626,-1,-494,494,3.087608207762236,BC_hold_short,109462.49439999991,443021.1743999999,C
2025-11-04,14:00:00,13:30:00,676.08,685.8044759018736,676.3518976758395,677.7478619592201,-1,-494,494,3.087608207762236,BC_hold_short,109037.65439999988,443021.1743999999,C
2025-11-04,14:30:00,14:00:00,676.23,686.1449158862076,676.0137195194812,677.6014386906339,0,0,494,3.087608207762236,BC_exit_short,108961.33139999991,108961.33139999991,C
2025-11-04,15:00:00,14:30:00,675.225,685.9631866449192,676.1942413811994,677.4078020449759,-1,-494,494,3.087608207762236,BC_enter_short,108959.10839999991,442520.25839999993,C
2025-11-04,15:30:00,15:00:00,675.985,686.1930122315592,675.9659427184381,677.2943890409243,0,0,494,3.087608207762236,BC_exit_short,108581.44539999991,108581.44539999991,C
2025-11-04,16:00:00,15:30:00,675.24,685.8394498195036,676.3171561192394,676.8789495533426,0,0,494,3.087608207762236,session_close_flatten,108581.44539999991,108581.44539999991,C
2025-11-05,10:00:00,09:30:00,677.17,677.17,675.24,677.17,0,0,430,2.6854700378508967,BC_stay_flat,108581.44539999991,108581.44539999991,C
2025-11-05,10:30:00,10:00:00,677.41,678.0707792043962,674.341788103465,677.2832436608206,0,0,430,2.6854700378508967,BC_stay_flat,108581.44539999991,108581.44539999991,C
2025-11-05,11:00:00,10:30:00,677.85,678.0411715869716,674.3713113363162,677.3945572231987,0,0,430,2.6854700378508967,BC_stay_flat,108581.44539999991,108581.44539999991,C
2025-11-05,11:30:00,11:00:00,678.34,678.1196085508017,674.29309792542,677.5504051298359,1,430,430,2.6854700378508967,BC_enter_long,108579.51039999991,-183106.6896000001,C
2025-11-05,12:00:00,11:30:00,679.3682,678.3497137737197,674.0636485246443,677.8315975839118,1,430,430,2.6854700378508967,BC_hold_long,109021.6363999999,-183106.6896000001,C
2025-11-05,12:30:00,12:00:00,680.0299,678.6976600946462,673.7166938843881,678.0377889368176,1,430,430,2.6854700378508967,BC_hold_long,109306.16739999992,-183106.6896000001,C
2025-11-05,13:00:00,12:30:00,680.198,678.926924728102,673.4880826773135,678.2512365079111,1,430,430,2.6854700378508967,BC_hold_long,109378.45039999991,-183106.6896000001,C
2025-11-05,13:30:00,13:00:00,680.38,679.1375818258392,673.2780259726808,678.3839893046891,1,430,430,2.6854700378508967,BC_hold_long,109456.71039999992,-183106.6896000001,C
2025-11-05,14:00:00,13:30:00,680.595,679.5035225008406,672.9131282639992,678.500666404819,1,430,430,2.6854700378508967,BC_hold_long,109549.16039999994,-183106.6896000001,C
2025-11-05,14:30:00,14:00:00,680.2,679.832465046925,672.5851232359885,678.6275635254916,1,430,430,2.6854700378508967,BC_hold_long,109379.3103999999,-183106.6896000001,C
2025-11-05,15:00:00,14:30:00,680.215,679.8281010158773,672.5894748291256,678.7068340329233,1,430,430,2.6854700378508967,BC_hold_long,109385.76039999991,-183106.6896000001,C
2025-11-05,15:30:00,15:00:00,679.76,679.9778157762337,672.4401867703176,678.7828630883209,0,0,430,2.6854700378508967,BC_exit_long,109188.17539999989,109188.17539999989,C
2025-11-05,16:00:00,15:30:00,677.545,679.6660593171981,672.7510546932899,678.4747057477861,0,0,430,2.6854700378508967,session_close_flatten,109188.17539999989,109188.17539999989,C
2025-11-06,10:00:00,09:30:00,674.05,677.58,674.05,674.05,0,0,455,2.8143169221553137,BC_stay_flat,109188.17539999989,109188.17539999989,C
2025-11-06,10:30:00,10:00:00,674.61,678.4785206266927,673.1561604114316,674.3500926257958,0,0,455,2.8143169221553137,BC_stay_flat,109188.17539999989,109188.17539999989,C
2025-11-06,11:00:00,10:30:00,670.91,678.4679937568407,673.1666324392714,673.1810544666145,-1,-455,455,2.8143169221553137,BC_enter_short,109186.1278999999,414450.1778999999,C
2025-11-06,11:30:00,11:00:00,671.34,678.5473783241642,673.0876614430725,672.8635926351501,-1,-455,455,2.8143169221553137,BC_hold_short,108990.47789999988,414450.1778999999,C
2025-11-06,12:00:00,11:30:00,669.44,678.7560067601222,672.8801199022103,672.408988118531,-1,-455,455,2.8143169221553137,BC_hold_short,109854.97789999988,414450.1778999999,C
2025-11-06,12:30:00,12:00:00,669.54,679.0077125348541,672.6297254433154,672.0761310476346,-1,-455,455,2.8143169221553137,BC_hold_short,109809.47789999988,414450.1778999999,C
2025-11-06,13:00:00,12:30:00,671.04,679.3086607834921,672.3303450498645,671.9826615534738,-1,-455,455,2.8143169221553137,BC_hold_short,109126.97789999988,414450.1778999999,C
2025-11-06,13:30:00,13:00:00,670.95,679.5462469242121,672.0939966656848,671.8902156802877,-1,-455,455,2.8143169221553137,BC_hold_short,109167.9278999999,414450.1778999999,C
2025-11-06,14:00:00,13:30:00,671.43,679.8072628588756,671.8343405501563,671.863149259481,-1,-455,455,2.8143169221553137,BC_hold_short,108949.52789999993,414450.1778999999,C
2025-11-06,14:30:00,14:00:00,673.4,679.8569839847804,671.7848784572432,671.9775744052226,0,0,455,2.8143169221553137,BC_exit_short,108051.13039999989,108051.13039999989,C
2025-11-06,15:00:00,14:30:00,673.01,680.0155830149243,671.6271056831521,672.0589019436816,0,0,455,2.8143169221553137,BC_stay_flat,108051.13039999989,108051.13039999989,C
2025-11-06,15:30:00,15:00:00,672.3675,680.0188898235807,671.6238161020327,672.0777433816869,0,0,455,2.8143169221553137,BC_stay_flat,108051.13039999989,108051.13039999989,C
2025-11-06,16:00:00,15:30:00,670.31,679.6698732544169,671.9710143936662,671.722736961392,0,0,455,2.8143169221553137,session_close_flatten,108051.13039999989,108051.13039999989,C
2025-11-07,10:00:00,09:30:00,666.345,670.31,666.345,666.345,0,0,418,2.581376032222124,BC_stay_flat,108051.13039999989,108051.13039999989,C
2025-11-07,10:30:00,10:00:00,665.88,671.1118303876935,665.5479125782285,666.1667596574731,0,0,418,2.581376032222124,BC_stay_flat,108051.13039999989,108051.13039999989,C
2025-11-07,11:00:00,10:30:00,663.36,671.3332365684821,665.3278160534302,665.4162785810944,-1,-418,418,2.581376032222124,BC_enter_short,108049.24939999991,385333.7293999999,C
2025-11-07,11:30:00,11:00:00,662.76,671.3696298446251,665.2916380498325,664.8615058578673,-1,-418,418,2.581376032222124,BC_hold_short,108300.0493999999,385333.7293999999,C
2025-11-07,12:00:00,11:30:00,662.03,671.7225767787298,664.9407788581063,664.4804900985874,-1,-418,418,2.581376032222124,BC_hold_short,108605.18939999992,385333.7293999999,C
2025-11-07,12:30:00,12:00:00,663.5,671.863741220505,664.8004494285072,664.3689075869149,-1,-418,418,2.581376032222124,BC_hold_short,107990.7293999999,385333.7293999999,C
2025-11-07,13:00:00,12:30:00,663.95,672.1360818743246,664.5297197169267,664.3342109649737,-1,-418,418,2.581376032222124,BC_hold_short,107802.62939999986,385333.7293999999,C
2025-11-07,13:30:00,13:00:00,665.3,672.4362148977737,664.2313620324074,664.4028823010973,0,0,418,2.581376032222124,BC_exit_short,107236.44839999994,107236.44839999994,C
2025-11-07,14:00:00,13:30:00,665.4499,672.5385801845331,664.1296022540873,664.4692882126909,0,0,418,2.581376032222124,BC_stay_flat,107236.44839999994,107236.44839999994,C
2025-11-07,14:30:00,14:00:00,666.5501,672.3188323737455,664.3480502184309,664.609818797568,0,0,418,2.581376032222124,BC_stay_flat,107236.44839999994,107236.44839999994,C
2025-11-07,15:00:00,14:30:00,669.79,672.5237247531176,664.1443698130474,665.3082526814734,0,0,418,2.581376032222124,BC_stay_flat,107236.44839999994,107236.44839999994,C
2025-11-07,15:30:00,15:00:00,668.72,672.5186419171285,664.1494225831793,665.6431332662377,0,0,418,2.581376032222124,BC_stay_flat,107236.44839999994,107236.44839999994,C
2025-11-07,16:00:00,15:30:00,670.97,672.3720618426604,664.2951356110642,666.3547155601125,0,0,418,2.581376032222124,session_close_flatten,107236.44839999994,107236.44839999994,C
2025-11-10,10:00:00,09:30:00,678.525,678.525,670.97,678.525,0,0,437,2.766759592583955,BC_stay_flat,107236.44839999994,107236.44839999994,C
2025-11-10,10:30:00,10:00:00,678.88,679.2588724609628,670.2442988023547,678.6287027111141,0,0,437,2.766759592583955,BC_stay_flat,107236.44839999994,107236.44839999994,C
2025-11-10,11:00:00,10:30:00,676.18,679.5996084551648,669.9073567146944,678.0270075542261,0,0,437,2.766759592583955,BC_stay_flat,107236.44839999994,107236.44839999994,C
2025-11-10,11:30:00,11:00:00,675.64,679.69820615742,669.8098568432348,677.5755436087592,0,0,437,2.766759592583955,BC_stay_flat,107236.44839999994,107236.44839999994,C
2025-11-10,12:00:00,11:30:00,676.62,680.1324902183513,669.3804082947464,677.4768226098688,0,0,437,2.766759592583955,BC_stay_flat,107236.44839999994,107236.44839999994,C
2025-11-10,12:30:00,12:00:00,677.52,680.1546958343857,669.3584499259455,677.481227176188,0,0,437,2.766759592583955,BC_stay_flat,107236.44839999994,107236.44839999994,C
2025-11-10,13:00:00,12:30:00,679.42,680.3838741810455,669.1318233532205,677.6691271114277,0,0,437,2.766759592583955,BC_stay_flat,107236.44839999994,107236.44839999994,C
2025-11-10,13:30:00,13:00:00,679.51,680.5460476278334,668.9714556179251,677.8028920428453,0,0,437,2.766759592583955,BC_stay_flat,107236.44839999994,107236.44839999994,C
2025-11-10,14:00:00,13:30:00,679.8488,680.6278576302415,668.8905565245744,677.927437837725,0,0,437,2.766759592583955,BC_stay_flat,107236.44839999994,107236.44839999994,C
2025-11-10,14:30:00,14:00:00,680.755,680.3472582259047,669.1680316099845,678.0874755325916,1,437,437,2.766759592583955,BC_enter_long,107234.48189999993,-190255.45310000007,C
2025-11-10,15:00:00,14:30:00,681.27,680.8069816634519,668.7134269382465,678.3425453811557,1,437,437,2.766759592583955,BC_hold_long,107459.53689999992,-190255.45310000007,C
2025-11-10,15:30:00,15:00:00,681.22,680.7189379308998,668.8004903526092,678.5685996526717,1,437,437,2.766759592583955,BC_hold_long,107437.68689999994,-190255.45310000007,C
2025-11-10,16:00:00,15:30:00,681.43,680.7646514435382,668.7552858346105,679.1472405961042,0,0,437,2.766759592583955,session_close_flatten,107531.86039999996,107531.86039999996,C
2025-11-11,10:00:00,09:30:00,680.645,681.44,680.645,680.645,0,0,378,2.396120273000237,BC_stay_flat,107531.86039999996,107531.86039999996,C
2025-11-11,10:30:00,10:00:00,679.365,682.2017654640048,679.884123247465,680.1024713321708,-1,-378,378,2.396120273000237,BC_enter_short,107530.15939999997,364330.1294,C
2025-11-11,11:00:00,10:30:00,679.25,682.5404593177827,679.5458245298895,679.9010873600319,-1,-378,378,2.396120273000237,BC_hold_short,107573.62939999998,364330.1294,C
2025-11-11,11:30:00,11:00:00,679.29,682.7257611445589,679.3607388849521,679.781680291726,-1,-378,378,2.396120273000237,BC_hold_short,107558.50939999998,364330.1294,C
2025-11-11,12:00:00,11:30:00,679.7,683.0721573257192,679.014746825892,679.7705340694682,0,0,378,2.396120273000237,BC_exit_short,107401.82839999997,107401.82839999997,C
2025-11-11,12:30:00,12:00:00,681.02,682.9985395755533,679.0882786901232,679.9351241210662,0,0,378,2.396120273000237,BC_stay_flat,107401.82839999997,107401.82839999997,C
2025-11-11,13:00:00,12:30:00,682.09,683.3100915773481,678.7770901595679,680.1653655801024,0,0,378,2.396120273000237,BC_stay_flat,107401.82839999997,107401.82839999997,C
2025-11-11,13:30:00,13:00:00,682.89,683.4663525604396,678.6210114778992,680.5190144545223,0,0,378,2.396120273000237,BC_stay_flat,107401.82839999997,107401.82839999997,C
2025-11-11,14:00:00,13:30:00,683.092,683.5292667791299,678.5581706578997,680.7827824740069,0,0,378,2.396120273000237,BC_stay_flat,107401.82839999997,107401.82839999997,C
2025-11-11,14:30:00,14:00:00,683.14,683.3062407238674,678.7809365204615,680.9831002804509,0,0,378,2.396120273000237,BC_stay_flat,107401.82839999997,107401.82839999997,C
2025-11-11,15:00:00,14:30:00,683.145,683.8307087888713,678.2570803246048,681.1314591172301,0,0,378,2.396120273000237,BC_stay_flat,107401.82839999997,107401.82839999997,C
2025-11-11,15:30:00,15:00:00,682.84,683.7419663822385,678.3457192001663,681.288155845013,0,0,378,2.396120273000237,BC_stay_flat,107401.82839999997,107401.82839999997,C
2025-11-11,16:00:00,15:30:00,683.0,683.8461290099601,678.2416780934722,681.6906301673934,0,0,378,2.396120273000237,session_close_flatten,107401.82839999997,107401.82839999997,C
2025-11-12,10:00:00,09:30:00,683.61,683.61,683.0,683.61,0,0,385,2.4541709527203253,BC_stay_flat,107401.82839999997,107401.82839999997,C
2025-11-12,10:30:00,10:00:00,683.23,684.3294344701233,682.2812074968268,683.4690832323022,0,0,385,2.4541709527203253,BC_stay_flat,107401.82839999997,107401.82839999997,C
2025-11-12,11:00:00,10:30:00,682.29,684.731472039201,681.8795286745742,683.1776804877602,0,0,385,2.4541709527203253,BC_stay_flat,107401.82839999997,107401.82839999997,C
2025-11-12,11:30:00,11:00:00,682.35,684.7551770966339,681.8558447696772,683.0301066192208,0,0,385,2.4541709527203253,BC_stay_flat,107401.82839999997,107401.82839999997,C
2025-11-12,12:00:00,11:30:00,681.81,685.1545948913678,681.4567833840871,682.8476248694349,0,0,385,2.4541709527203253,BC_stay_flat,107401.82839999997,107401.82839999997,C
2025-11-12,12:30:00,12:00:00,682.44,684.9396048628201,681.6715815723787,682.8066157112736,0,0,385,2.4541709527203253,BC_stay_flat,107401.82839999997,107401.82839999997,C
2025-11-12,13:00:00,12:30:00,683.68,685.2969015402331,681.3146037185248,682.8950082568739,0,0,385,2.4541709527203253,BC_stay_flat,107401.82839999997,107401.82839999997,C
2025-11-12,13:30:00,13:00:00,683.4617,685.3742936783372,681.237280639101,682.9356271529225,0,0,385,2.4541709527203253,BC_stay_flat,107401.82839999997,107401.82839999997,C
2025-11-12,14:00:00,13:30:00,683.64,685.4133361607556,681.1982729951344,682.9831845969742,0,0,385,2.4541709527203253,BC_stay_flat,107401.82839999997,107401.82839999997,C
2025-11-12,14:30:00,14:00:00,682.74,685.255606343706,681.3558620664543,682.9628068898071,0,0,385,2.4541709527203253,BC_stay_flat,107401.82839999997,107401.82839999997,C
2025-11-12,15:00:00,14:30:00,682.735,685.8439387075483,680.768054684315,682.9428529314987,0,0,385,2.4541709527203253,BC_stay_flat,107401.82839999997,107401.82839999997,C
2025-11-12,15:30:00,15:00:00,683.325,685.8035982700553,680.8083591251623,682.9732170547566,0,0,385,2.4541709527203253,BC_stay_flat,107401.82839999997,107401.82839999997,C
2025-11-12,16:00:00,15:30:00,683.38,685.9486699960279,680.663416849831,683.0656027539467,0,0,385,2.4541709527203253,session_close_flatten,107401.82839999997,107401.82839999997,C
2025-11-13,10:00:00,09:30:00,678.72,683.38,678.72,678.72,0,0,392,2.48206265793003,BC_stay_flat,107401.82839999997,107401.82839999997,C
2025-11-13,10:30:00,10:00:00,678.9,684.0718110856894,678.0329064062759,678.7928011431492,0,0,392,2.48206265793003,BC_stay_flat,107401.82839999997,107401.82839999997,C
2025-11-13,11:00:00,10:30:00,676.3,684.587947951583,677.5202891016735,677.9376582431768,-1,-392,392,2.48206265793003,BC_enter_short,107400.06439999997,372509.66439999995,C
2025-11-13,11:30:00,11:00:00,675.64,684.6126928056292,677.4957129839377,677.4804898704576,-1,-392,392,2.48206265793003,BC_hold_short,107658.78439999995,372509.66439999995,C
2025-11-13,12:00:00,11:30:00,675.11,685.0437457805491,677.0675993792995,677.1209389387817,-1,-392,392,2.48206265793003,BC_hold_short,107866.54439999996,372509.66439999995,C
2025-11-13,12:30:00,12:00:00,675.9041,684.7634474267118,677.345986365627,676.9800042109048,-1,-392,392,2.48206265793003,BC_hold_short,107555.25719999993,372509.66439999995,C
2025-11-13,13:00:00,12:30:00,674.23,684.973607288718,677.1372595934932,676.7049182840752,-1,-392,392,2.48206265793003,BC_hold_short,108211.50439999992,372509.66439999995,C
2025-11-13,13:30:00,13:00:00,672.76,685.0907783160744,677.0208875608212,676.3489302436918,-1,-392,392,2.48206265793003,BC_hold_short,108787.74439999997,372509.66439999995,C
2025-11-13,14:00:00,13:30:00,672.76,685.0196218911718,677.0915587667533,675.9618629272219,-1,-392,392,2.48206265793003,BC_hold_short,108787.74439999997,372509.66439999995,C
2025-11-13,14:30:00,14:00:00,673.45,684.9151506363773,677.195317627203,675.7573536226732,-1,-392,392,2.48206265793003,BC_hold_short,108517.26439999993,372509.66439999995,C
2025-11-13,15:00:00,14:30:00,671.66,685.495629443787,676.6187971317756,675.3746589759132,-1,-392,392,2.48206265793003,BC_hold_short,109218.94439999998,372509.66439999995,C
2025-11-13,15:30:00,15:00:00,671.68,685.4244644320154,676.6894768660226,674.9945448260983,-1,-392,392,2.48206265793003,BC_hold_short,109211.10439999995,372509.66439999995,C
2025-11-13,16:00:00,15:30:00,672.04,685.6220127562166,676.4932756330309,674.4143790894248,0,0,392,2.48206265793003,session_close_flatten,109068.22039999996,109068.22039999996,C
2025-11-14,10:00:00,09:30:00,668.75,672.04,668.75,668.75,0,0,359,2.2034344729260216,BC_stay_flat,109068.22039999996,109068.22039999996,C
2025-11-14,10:30:00,10:00:00,669.74,672.6813368563472,668.1118028351254,669.0974238557932,0,0,359,2.2034344729260216,BC_stay_flat,109068.22039999996,109068.22039999996,C
2025-11-14,11:00:00,10:30:00,672.3636,673.3430828602247,667.4532964365583,669.915231001929,0,0,359,2.2034344729260216,BC_stay_flat,109068.22039999996,109068.22039999996,C
2025-11-14,11:30:00,11:00:00,674.48,673.4190558973874,667.3776953285849,670.6180709505588,1,359,359,2.2034344729260216,BC_enter_long,109066.60489999995,-133071.71510000006,C
2025-11-14,12:00:00,11:30:00,674.65,673.8967374294003,666.9023523065421,671.0485000519828,1,359,359,2.2034344729260216,BC_hold_long,109127.63489999995,-133071.71510000006,C
2025-11-14,12:30:00,12:00:00,674.94,673.5705956552209,667.22689743999,671.3533393523766,1,359,359,2.2034344729260216,BC_hold_long,109231.74489999996,-133071.71510000006,C
2025-11-14,13:00:00,12:30:00,674.0271,673.8936858295572,666.9053889671502,671.6204083248847,1,359,359,2.2034344729260216,BC_hold_long,108904.01379999996,-133071.71510000006,C
2025-11-14,13:30:00,13:00:00,672.99,674.103526106024,666.6965759725557,671.7520489867641,0,0,359,2.2034344729260216,BC_exit_long,108530.07939999994,108530.07939999994,C
2025-11-14,14:00:00,13:30:00,673.25,674.0321333287683,666.7676192434768,671.8826370044254,0,0,359,2.2034344729260216,BC_stay_flat,108530.07939999994,108530.07939999994,C
2025-11-14,14:30:00,14:00:00,674.0401,673.8742179815631,666.9247615094781,672.0346161242383,1,359,359,2.2034344729260216,BC_enter_long,108528.46389999994,-133451.9320000001,C
2025-11-14,15:00:00,14:30:00,674.67,674.5681202927836,666.2342562261189,672.177684130003,1,359,359,2.2034344729260216,BC_hold_long,108754.59799999991,-133451.9320000001,C
2025-11-14,15:30:00,15:00:00,672.46,674.4953045598,666.3067154866283,672.1977505355857,0,0,359,2.2034344729260216,BC_exit_long,107959.59249999993,107959.59249999993,C
2025-11-14,16:00:00,15:30:00,671.91,674.702375839191,666.1006579333687,672.1599779027831,0,0,359,2.2034344729260216,session_close_flatten,107959.59249999993,107959.59249999993,C
2025-11-17,10:00:00,09:30:00,672.82,672.82,671.93,672.82,0,0,383,2.3912737236913912,BC_stay_flat,107959.59249999993,107959.59249999993,C
2025-11-17,10:30:00,10:00:00,672.05,673.5244322467269,671.2264995696572,672.5266690875254,0,0,383,2.3912737236913912,BC_stay_flat,107959.59249999993,107959.59249999993,C
2025-11-17,11:00:00,10:30:00,670.675,674.3494576837535,670.4025654685586,672.0321859878464,0,0,383,2.3912737236913912,BC_stay_flat,107959.59249999993,107959.59249999993,C
2025-11-17,11:30:00,11:00:00,670.52,674.5969563302563,670.1553942109495,671.6357489502648,0,0,383,2.3912737236913912,BC_stay_flat,107959.59249999993,107959.59249999993,C
2025-11-17,12:00:00,11:30:00,673.0,675.0836805420939,669.6693138333444,671.8335972129807,0,0,383,2.3912737236913912,BC_stay_flat,107959.59249999993,107959.59249999993,C
2025-11-17,12:30:00,12:00:00,672.39,674.7701214968732,669.9824581055943,671.8762406385956,0,0,383,2.3912737236913912,BC_stay_flat,107959.59249999993,107959.59249999993,C
2025-11-17,13:00:00,12:30:00,669.233,675.0110989106163,669.7417994545191,671.6057725029625,-1,-383,383,2.3912737236913912,BC_enter_short,107957.86899999992,364274.1079999999,C
2025-11-17,13:30:00,13:00:00,668.64,675.1684615166982,669.5846450062201,671.3281667713762,-1,-383,383,2.3912737236913912,BC_hold_short,108184.9879999999,364274.1079999999,C
2025-11-17,14:00:00,13:30:00,666.5222,675.0847167692341,669.6682789769159,670.847117015656,-1,-383,383,2.3912737236913912,BC_hold_short,108996.10539999988,364274.1079999999,C
2025-11-17,14:30:00,14:00:00,665.77,674.9862112795511,669.7666541644589,670.1966165175241,-1,-383,383,2.3912737236913912,BC_hold_short,109284.19799999989,364274.1079999999,C
2025-11-17,15:00:00,14:30:00,662.56,675.706910020455,669.0469087571054,669.2529390658195,-1,-383,383,2.3912737236913912,BC_hold_short,110513.62799999991,364274.1079999999,C
2025-11-17,15:30:00,15:00:00,663.88,675.4677349211693,669.2857674778079,668.5510616154139,-1,-383,383,2.3912737236913912,BC_hold_short,110008.06799999988,364274.1079999999,C
2025-11-17,16:00:00,15:30:00,665.67,675.5651727248409,669.1884585639513,667.965082285851,0,0,383,2.3912737236913912,session_close_flatten,109320.77449999991,109320.77449999991,C
2025-11-18,10:00:00,09:30:00,658.56,665.67,658.56,658.56,0,0,389,2.3443626559835824,BC_stay_flat,109320.77449999991,109320.77449999991,C
2025-11-18,10:30:00,10:00:00,659.1,666.3950129921927,657.8427308484106,658.7884002579448,0,0,389,2.3443626559835824,BC_stay_flat,109320.77449999991,109320.77449999991,C
2025-11-18,11:00:00,10:30:00,657.11,667.3285498466137,656.9191650713027,658.4361179929948,0,0,389,2.3443626559835824,BC_stay_flat,109320.77449999991,109320.77449999991,C
2025-11-18,11:30:00,11:00:00,661.48,667.576051435526,656.6743070389532,659.0011694601009,0,0,389,2.3443626559835824,BC_stay_flat,109320.77449999991,109320.77449999991,C
2025-11-18,12:00:00,11:30:00,661.1699,667.912290955477,656.341658882571,659.2457376647202,0,0,389,2.3443626559835824,BC_stay_flat,109320.77449999991,109320.77449999991,C
2025-11-18,12:30:00,12:00:00,658.57,667.5985830457034,656.652016088184,659.1931524282231,0,0,389,2.3443626559835824,BC_stay_flat,109320.77449999991,109320.77449999991,C
2025-11-18,13:00:00,12:30:00,663.75,668.0122593094537,656.2427582873888,659.6727211504879,0,0,389,2.3443626559835824,BC_stay_flat,109320.77449999991,109320.77449999991,C
2025-11-18,13:30:00,13:00:00,663.47,668.2022293599211,656.0548173009604,659.9272619202962,0,0,389,2.3443626559835824,BC_stay_flat,109320.77449999991,109320.77449999991,C
2025-11-18,14:00:00,13:30:00,663.14,668.2243147626161,656.0329677917458,660.1590536503825,0,0,389,2.3443626559835824,BC_stay_flat,109320.77449999991,109320.77449999991,C
2025-11-18,14:30:00,14:00:00,662.97,668.1512379848708,656.1052640387632,660.3087087617151,0,0,389,2.3443626559835824,BC_stay_flat,109320.77449999991,109320.77449999991,C
2025-11-18,15:00:00,14:30:00,664.4185,669.0848865241073,655.1815877697414,660.5777648355083,0,0,389,2.3443626559835824,BC_stay_flat,109320.77449999991,109320.77449999991,C
2025-11-18,15:30:00,15:00:00,662.45,668.7157928144576,655.546739201272,660.7109297928882,0,0,389,2.3443626559835824,BC_stay_flat,109320.77449999991,109320.77449999991,C
2025-11-18,16:00:00,15:30:00,660.08,668.7997594531488,655.4636694075657,660.6149366406789,0,0,389,2.3443626559835824,session_close_flatten,109320.77449999991,109320.77449999991,C
2025-11-19,10:00:00,09:30:00,665.85,665.85,660.08,665.85,0,0,379,2.313760958778547,BC_stay_flat,109320.77449999991,109320.77449999991,C
2025-11-19,10:30:00,10:00:00,666.32,666.5693804784873,659.3668533960503,666.0645974798027,0,0,379,2.313760958778547,BC_stay_flat,109320.77449999991,109320.77449999991,C
2025-11-19,11:00:00,10:30:00,662.79,667.5264760896076,658.4180516073768,665.2697181511661,0,0,379,2.313760958778547,BC_stay_flat,109320.77449999991,109320.77449999991,C
2025-11-19,11:30:00,11:00:00,661.86,667.8708966980299,658.0766156154757,664.5262927523735,0,0,379,2.313760958778547,BC_stay_flat,109320.77449999991,109320.77449999991,C
2025-11-19,12:00:00,11:30:00,662.47,668.1682804540914,657.7818088726642,664.2528706767237,0,0,379,2.313760958778547,BC_stay_flat,109320.77449999991,109320.77449999991,C
2025-11-19,12:30:00,12:00:00,661.16,667.6998278539361,658.2462020427633,663.894090647869,0,0,379,2.313760958778547,BC_stay_flat,109320.77449999991,109320.77449999991,C
2025-11-19,13:00:00,12:30:00,661.3,668.4937461302627,657.4591635568614,663.5344681048086,0,0,379,2.313760958778547,BC_stay_flat,109320.77449999991,109320.77449999991,C
2025-11-19,13:30:00,13:00:00,660.84,668.6147537361107,657.3392045563837,663.289712865678,0,0,379,2.313760958778547,BC_stay_flat,109320.77449999991,109320.77449999991,C
2025-11-19,14:00:00,13:30:00,662.69,668.6343917671938,657.3197367009246,663.2360436502001,0,0,379,2.313760958778547,BC_stay_flat,109320.77449999991,109320.77449999991,C
2025-11-19,14:30:00,14:00:00,659.74,668.5400525635033,657.413258397361,662.9557218512235,0,0,379,2.313760958778547,BC_stay_flat,109320.77449999991,109320.77449999991,C
2025-11-19,15:00:00,14:30:00,661.12,669.4461512182778,656.5150116450238,662.833345782741,0,0,379,2.313760958778547,BC_stay_flat,109320.77449999991,109320.77449999991,C
2025-11-19,15:30:00,15:00:00,663.52,668.8885878450651,657.067743388495,662.8866655449467,0,0,379,2.313760958778547,BC_stay_flat,109320.77449999991,109320.77449999991,C
2025-11-19,16:00:00,15:30:00,662.63,668.9352087808711,657.0215264517874,662.8527500621352,0,0,379,2.313760958778547,session_close_flatten,109320.77449999991,109320.77449999991,C
2025-11-20,10:00:00,09:30:00,675.1099,675.1099,662.63,675.1099,0,0,381,2.35899982713195,BC_stay_flat,109320.77449999991,109320.77449999991,C
2025-11-20,10:30:00,10:00:00,674.94,675.7599917774579,661.9919256442589,675.0465844773752,0,0,381,2.35899982713195,BC_stay_flat,109320.77449999991,109320.77449999991,C
2025-11-20,11:00:00,10:30:00,672.67,676.9918821292869,660.782807686083,674.5493556936576,0,0,381,2.35899982713195,BC_stay_flat,109320.77449999991,109320.77449999991,C
2025-11-20,11:30:00,11:00:00,667.68,677.4302665053123,660.3525271657028,672.2724899519673,0,0,381,2.35899982713195,BC_stay_flat,109320.77449999991,109320.77449999991,C
2025-11-20,12:00:00,11:30:00,659.75,677.5855399684509,660.2001240460337,668.3500742796834,-1,-381,381,2.35899982713195,BC_enter_short,109319.05999999994,360683.80999999994,C
2025-11-20,12:30:00,12:00:00,658.38,677.3145531846436,660.4661014410538,665.9238717923937,-1,-381,381,2.35899982713195,BC_hold_short,109841.02999999994,360683.80999999994,C
2025-11-20,13:00:00,12:30:00,657.0106,678.0748811742735,659.7198286701041,664.6770984888115,-1,-381,381,2.35899982713195,BC_hold_short,110362.77139999997,360683.80999999994,C
2025-11-20,13:30:00,13:00:00,659.44,678.2252543312641,659.5722352708418,664.087099272831,-1,-381,381,2.35899982713195,BC_hold_short,109437.16999999993,360683.80999999994,C
2025-11-20,14:00:00,13:30:00,655.08,678.1147045204362,659.6807414876057,663.4483499765827,-1,-381,381,2.35899982713195,BC_hold_short,111098.32999999993,360683.80999999994,C
2025-11-20,14:30:00,14:00:00,656.94,678.1327411782217,659.6630382506239,663.0557874480527,-1,-381,381,2.35899982713195,BC_hold_short,110389.66999999993,360683.80999999994,C
2025-11-20,15:00:00,14:30:00,658.07,678.9085593878648,658.9015616077015,662.772595331801,-1,-381,381,2.35899982713195,BC_hold_short,109959.13999999993,360683.80999999994,C
2025-11-20,15:30:00,15:00:00,656.21,678.0962216094869,659.6988827284354,662.3754509766261,-1,-381,381,2.35899982713195,BC_hold_short,110667.79999999993,360683.80999999994,C
2025-11-20,16:00:00,15:30:00,652.53,678.1037660388589,659.6914777633552,660.9484438744225,0,0,381,2.35899982713195,session_close_flatten,112068.16549999994,112068.16549999994,C
2025-11-21,10:00:00,09:30:00,654.83,654.83,652.53,654.83,0,0,378,2.209682442333581,BC_stay_flat,112068.16549999994,112068.16549999994,C
2025-11-21,10:30:00,10:00:00,652.96,655.451122067579,651.9110595379605,654.0144664291291,0,0,378,2.209682442333581,BC_stay_flat,112068.16549999994,112068.16549999994,C
2025-11-21,11:00:00,10:30:00,653.01,656.7608543396967,650.6059275196886,653.7398732147954,0,0,378,2.209682442333581,BC_stay_flat,112068.16549999994,112068.16549999994,C
2025-11-21,11:30:00,11:00:00,655.875,657.5810661728597,649.7885965673897,654.0637181352993,0,0,378,2.209682442333581,BC_stay_flat,112068.16549999994,112068.16549999994,C
2025-11-21,12:00:00,11:30:00,660.82,658.1934947511696,649.1783190599382,655.2402900023995,1,378,378,2.209682442333581,BC_enter_long,112066.46449999994,-137723.49550000008,C
2025-11-21,12:30:00,12:00:00,660.52,658.0057218662961,649.3654324184687,655.9595166765857,1,378,378,2.209682442333581,BC_hold_long,111953.06449999992,-137723.49550000008,C
2025-11-21,13:00:00,12:30:00,660.23,658.7419455153637,648.6317946533601,656.2845757656175,1,378,378,2.209682442333581,BC_hold_long,111843.44449999993,-137723.49550000008,C
2025-11-21,13:30:00,13:00:00,658.13,658.6801399021682,648.6933831828691,656.4470797520055,0,0,378,2.209682442333581,BC_exit_long,111047.9434999999,111047.9434999999,C
2025-11-21,14:00:00,13:30:00,662.29,658.9474695633952,648.4269924801823,657.0452246008249,1,378,378,2.209682442333581,BC_enter_long,111046.2424999999,-139299.3775000001,C
2025-11-21,14:30:00,14:00:00,664.23,658.9352290387692,648.4391900116549,657.5697229886483,1,378,378,2.209682442333581,BC_hold_long,111779.56249999991,-139299.3775000001,C
2025-11-21,15:00:00,14:30:00,661.67,659.6294332643726,647.7474240825848,657.85546510808,1,378,378,2.209682442333581,BC_hold_long,110811.88249999989,-139299.3775000001,C
2025-11-21,15:30:00,15:00:00,659.44,658.9997876190876,648.3748581844401,657.9593764746774,1,378,378,2.209682442333581,BC_hold_long,109968.94249999992,-139299.3775000001,C
2025-11-21,16:00:00,15:30:00,659.0,659.1963761537376,648.1789601398862,658.1304077010282,0,0,378,2.209682442333581,session_close_flatten,109812.2614999999,109812.2614999999,C
2025-11-24,10:00:00,09:30:00,664.22,664.22,659.03,664.22,0,0,343,2.0761008019340994,BC_stay_flat,109812.2614999999,109812.2614999999,C
2025-11-24,10:30:00,10:00:00,665.435,664.8374450055265,658.4173795098127,664.7193362326652,1,343,343,2.0761008019340994,BC_enter_long,109810.7179999999,-118433.48700000008,C
2025-11-24,11:00:00,10:30:00,666.6771,666.3034548257506,656.9628246156176,665.15614625412,1,343,343,2.0761008019340994,BC_hold_long,110236.75829999993,-118433.48700000008,C
2025-11-24,11:30:00,11:00:00,667.91,667.0535572680898,656.2185832308735,665.6275825379573,1,343,343,2.0761008019340994,BC_hold_long,110659.6429999999,-118433.48700000008,C
2025-11-24,12:00:00,11:30:00,667.48,668.0024611681662,655.2770937586091,665.8172902105839,0,0,343,2.0761008019340994,BC_exit_long,110510.60949999993,110510.60949999993,C
2025-11-24,12:30:00,12:00:00,668.21,667.8371813916939,655.4410820924272,666.0181006625277,1,343,343,2.0761008019340994,BC_enter_long,110509.06599999993,-118686.96400000007,C
2025-11-24,13:00:00,12:30:00,669.1,668.4864861329077,654.7968508082109,666.2881010118417,1,343,343,2.0761008019340994,BC_hold_long,110814.33599999995,-118686.96400000007,C
2025-11-24,13:30:00,13:00:00,669.15,668.286588693011,654.9951863142408,666.4909346370691,1,343,343,2.0761008019340994,BC_hold_long,110831.48599999992,-118686.96400000007,C
2025-11-24,14:00:00,13:30:00,669.23,668.8466431092883,654.4395079818219,666.6344671946762,1,343,343,2.0761008019340994,BC_hold_long,110858.92599999995,-118686.96400000007,C
2025-11-24,14:30:00,14:00:00,668.96,669.0143595263875,654.2731020464979,666.7950662516057,0,0,343,2.0761008019340994,BC_exit_long,110764.77249999993,110764.77249999993,C
2025-11-24,15:00:00,14:30:00,668.36,669.5177948329494,653.7736004204048,666.9486395778794,0,0,343,2.0761008019340994,BC_stay_flat,110764.77249999993,110764.77249999993,C
2025-11-24,15:30:00,15:00:00,668.92,668.7411850695511,654.5441420065848,667.105221734338,1,343,343,2.0761008019340994,BC_enter_long,110763.22899999993,-118676.33100000006,C
2025-11-24,16:00:00,15:30:00,668.67,668.8941155465302,654.3924064788325,667.4950741624791,0,0,343,2.0761008019340994,session_close_flatten,110696.51549999995,110696.51549999995,C
2025-11-25,10:00:00,09:30:00,668.81,668.81,668.73,668.81,0,0,322,1.9502487295002797,BC_stay_flat,110696.51549999995,110696.51549999995,C
2025-11-25,10:30:00,10:00:00,668.46,669.4881311758367,668.0519499391198,668.6722608423627,0,0,322,1.9502487295002797,BC_stay_flat,110696.51549999995,110696.51549999995,C
2025-11-25,11:00:00,10:30:00,669.54,671.0374193891453,666.5028470445969,668.8841614967049,0,0,322,1.9502487295002797,BC_stay_flat,110696.51549999995,110696.51549999995,C
2025-11-25,11:30:00,11:00:00,670.62,671.88278569882,665.6575818537822,669.1384359413901,0,0,322,1.9502487295002797,BC_stay_flat,110696.51549999995,110696.51549999995,C
2025-11-25,12:00:00,11:30:00,671.7506,672.8059127879754,664.7345651848764,669.4100335155532,0,0,322,1.9502487295002797,BC_stay_flat,110696.51549999995,110696.51549999995,C
2025-11-25,12:30:00,12:00:00,673.33,672.6082450092601,664.932209319474,669.9033667486132,1,322,322,1.9502487295002797,BC_enter_long,110695.06649999996,-106117.19350000005,C
2025-11-25,13:00:00,12:30:00,673.331,673.2542625172352,664.2862690851651,670.2077650058158,1,322,322,1.9502487295002797,BC_hold_long,110695.38849999994,-106117.19350000005,C
2025-11-25,13:30:00,13:00:00,674.04,673.0073156796885,664.5331863840581,670.4853230209883,1,322,322,1.9502487295002797,BC_hold_long,110923.68649999992,-106117.19350000005,C
2025-11-25,14:00:00,13:30:00,673.82,673.6375185657246,663.9030588800152,670.6693838496956,1,322,322,1.9502487295002797,BC_hold_long,110852.84649999996,-106117.19350000005,C
2025-11-25,14:30:00,14:00:00,673.34,673.7975315802684,663.743065005498,670.8688015978162,0,0,322,1.9502487295002797,BC_exit_long,110696.83749999997,110696.83749999997,C
2025-11-25,15:00:00,14:30:00,674.0,674.1905632720537,663.35008032637,671.0910507244566,0,0,322,1.9502487295002797,BC_stay_flat,110696.83749999997,110696.83749999997,C
2025-11-25,15:30:00,15:00:00,674.52,673.5023500526551,664.0382112248441,671.3685754980249,1,322,322,1.9502487295002797,BC_enter_long,110695.38849999997,-106500.05150000003,C
2025-11-25,16:00:00,15:30:00,675.02,673.58592566908,663.9546456053529,671.9785980496479,0,0,322,1.9502487295002797,session_close_flatten,110854.93949999998,110854.93949999998,C
2025-11-26,10:00:00,09:30:00,677.18,677.18,675.02,677.18,0,0,310,1.8945441379096133,BC_stay_flat,110854.93949999998,110854.93949999998,C
2025-11-26,10:30:00,10:00:00,678.2,677.8747875869906,674.3274285759024,677.5540366105101,1,310,310,1.8945441379096133,BC_enter_long,110853.54449999997,-99388.45550000003,C
2025-11-26,11:00:00,10:30:00,679.59,679.4395182863303,672.7676888956573,677.9877283716913,1,310,310,1.8945441379096133,BC_hold_long,111284.4445,-99388.45550000003,C
2025-11-26,11:30:00,11:00:00,680.64,680.3385719217523,671.8715029702277,678.4817328423677,1,310,310,1.8945441379096133,BC_hold_long,111609.94449999997,-99388.45550000003,C
2025-11-26,12:00:00,11:30:00,681.4086,681.2815755873477,670.9315072019679,678.961610424837,1,310,310,1.8945441379096133,BC_hold_long,111848.21049999997,-99388.45550000003,C
2025-11-26,12:30:00,12:00:00,680.97,681.1483951891377,671.0642627948673,679.1772290040983,0,0,310,1.8945441379096133,BC_exit_long,111710.84949999998,111710.84949999998,C
2025-11-26,13:00:00,12:30:00,681.09,681.7905624567429,670.4241438472036,679.342209802994,0,0,310,1.8945441379096133,BC_stay_flat,111710.84949999998,111710.84949999998,C
2025-11-26,13:30:00,13:00:00,681.07,681.5788015861744,670.6352292644503,679.5480905539278,0,0,310,1.8945441379096133,BC_stay_flat,111710.84949999998,111710.84949999998,C
2025-11-26,14:00:00,13:30:00,680.3847,682.1856229973018,670.0303434306406,679.6215747535506,0,0,310,1.8945441379096133,BC_stay_flat,111710.84949999998,111710.84949999998,C
2025-11-26,14:30:00,14:00:00,681.23,682.3411384475448,669.8753240277891,679.7609429776388,0,0,310,1.8945441379096133,BC_stay_flat,111710.84949999998,111710.84949999998,C
2025-11-26,15:00:00,14:30:00,680.88,682.7857502331317,669.432130419728,679.8558896897615,0,0,310,1.8945441379096133,BC_stay_flat,111710.84949999998,111710.84949999998,C
2025-11-26,15:30:00,15:00:00,681.205,682.1590323582126,670.0568492536096,679.9847643108133,0,0,310,1.8945441379096133,BC_stay_flat,111710.84949999998,111710.84949999998,C
2025-11-26,16:00:00,15:30:00,679.7,682.438031767566,669.778739768241,679.9259319285321,0,0,310,1.8945441379096133,session_close_flatten,111710.84949999998,111710.84949999998,C
2025-11-28,10:00:00,09:30:00,681.265,681.265,679.68,681.265,0,0,319,1.950521636905361,BC_stay_flat,111710.84949999998,111710.84949999998,C
2025-11-28,10:30:00,10:00:00,681.695,681.9968472883794,678.94985539406,681.4594833100358,0,0,319,1.950521636905361,BC_stay_flat,111710.84949999998,111710.84949999998,C
2025-11-28,11:00:00,10:30:00,682.47,683.4846433638786,677.4655207568845,681.7523543542247,0,0,319,1.950521636905361,BC_stay_flat,111710.84949999998,111710.84949999998,C
2025-11-28,11:30:00,11:00:00,682.1499,684.4956159007806,676.4569003024627,681.845948369618,0,0,319,1.950521636905361,BC_stay_flat,111710.84949999998,111710.84949999998,C
2025-11-28,12:00:00,11:30:00,682.72,685.3623723248979,675.5921604342118,682.0127933890477,0,0,319,1.950521636905361,BC_stay_flat,111710.84949999998,111710.84949999998,C
2025-11-28,12:30:00,12:00:00,682.22,685.2040902903183,675.7500742170469,682.0449485420427,0,0,319,1.950521636905361,BC_stay_flat,111710.84949999998,111710.84949999998,C
2025-11-28,13:00:00,12:30:00,683.39,685.9670441921058,674.9888953689232,682.4829778549129,0,0,319,1.950521636905361,session_close_flatten,111710.84949999998,111710.84949999998,C
2025-12-01,10:00:00,09:30:00,681.55,683.39,681.55,681.55,0,0,317,1.9377462147808397,BC_stay_flat,111710.84949999998,111710.84949999998,C
2025-12-01,10:30:00,10:00:00,679.675,684.12087625225,680.821091602568,680.8338995005034,-1,-317,317,1.9377462147808397,BC_enter_short,111709.42300000001,327166.398,C
2025-12-01,11:00:00,10:30:00,681.73,685.4842384984659,679.461400154188,681.04454841575,0,0,317,1.9377462147808397,BC_exit_short,111056.56149999998,111056.56149999998,C
2025-12-01,11:30:00,11:00:00,681.11,686.4314754325057,678.5167136173718,681.052242453243,0,0,317,1.9377462147808397,BC_stay_flat,111056.56149999998,111056.56149999998,C
2025-12-01,12:00:00,11:30:00,681.93,687.2883072245265,677.6621888103775,681.1514441093744,0,0,317,1.9377462147808397,BC_stay_flat,111056.56149999998,111056.56149999998,C
2025-12-01,12:30:00,12:00:00,682.01,687.2013916748582,677.7488703434354,681.2206790137407,0,0,317,1.9377462147808397,BC_stay_flat,111056.56149999998,111056.56149999998,C
2025-12-01,13:00:00,12:30:00,682.005,688.0835225511647,676.8691145689191,681.2741002708627,0,0,317,1.9377462147808397,BC_stay_flat,111056.56149999998,111056.56149999998,C
2025-12-01,13:30:00,13:00:00,682.49,687.8850486759867,677.0670540611968,681.3501190111759,0,0,317,1.9377462147808397,BC_stay_flat,111056.56149999998,111056.56149999998,C
2025-12-01,14:00:00,13:30:00,682.815,688.482796777269,676.4709153725579,681.450450477415,0,0,317,1.9377462147808397,BC_stay_flat,111056.56149999998,111056.56149999998,C
2025-12-01,14:30:00,14:00:00,680.49,688.843334728498,676.1113481552146,681.335377297897,0,0,317,1.9377462147808397,BC_stay_flat,111056.56149999998,111056.56149999998,C
2025-12-01,15:00:00,14:30:00,680.14,689.2385513684559,675.7171956201128,681.2115687388472,0,0,317,1.9377462147808397,BC_stay_flat,111056.56149999998,111056.56149999998,C
2025-12-01,15:30:00,15:00:00,680.765,688.5829846468605,676.3709972547626,681.1758219967435,0,0,317,1.9377462147808397,BC_stay_flat,111056.56149999998,111056.56149999998,C
2025-12-01,16:00:00,15:30:00,680.27,688.6070560694459,676.3469906435112,680.9197074480595,0,0,317,1.9377462147808397,session_close_flatten,111056.56149999998,111056.56149999998,C
